nquest,stock_participation,mutual_fund_or_etf,direct_listed_stock,income,log_income,education,age,age_centered,age_centered_squared,region,household_size,female_head,weight
173,0,0,0,33194.08,10.410127,Upper secondary,74,19,105,South and Islands,1,0,0.22639291
2886,0,0,0,58808.4,10.98204,Upper secondary,73,18,68,South and Islands,2,0,0.051871788
3717,0,0,0,6110.0,8.717682,Upper secondary,68,13,-87,South and Islands,1,1,0.26215526
5416,0,0,0,27431.514,10.219448,Lower secondary,64,9,81,North,3,1,0.320193
7886,0,0,0,32031.36,10.374471,Upper secondary,72,17,33,Centre,2,0,1.5578499
20297,0,0,0,34066.996,10.436085,Lower secondary,62,7,49,North,2,0,0.37253407
20711,0,0,0,32801.953,10.398243,Upper secondary,77,22,-28,North,2,1,0.6899616
22099,0,0,0,18009.408,9.79865,Lower secondary,64,9,81,South and Islands,2,0,1.327104
22169,0,0,0,8320.471,9.026474,Primary or less,78,23,17,South and Islands,1,1,0.6802146
22173,0,0,0,28618.816,10.26182,Primary or less,84,29,73,South and Islands,3,0,0.422606
22286,0,0,0,28129.941,10.24459,Lower secondary,72,17,33,North,2,0,2.203587
22624,0,0,0,35404.703,10.4746,Primary or less,65,10,100,South and Islands,4,0,0.16628496
22657,0,0,0,47148.344,10.761054,Upper secondary,76,21,-71,South and Islands,2,0,0.09945491
23490,0,0,0,22395.586,10.016619,Upper secondary,85,30,-124,North,1,1,0.33008343
23797,0,0,0,32617.248,10.392596,Lower secondary,67,12,-112,South and Islands,2,0,0.63545597
23821,0,0,0,13656.307,9.521956,Upper secondary,54,-1,1,South and Islands,2,1,0.4306593
23823,0,0,0,27532.928,10.223138,Primary or less,85,30,-124,South and Islands,2,1,0.26232132
24147,0,0,0,95856.16,11.470604,University,74,19,105,North,2,0,0.5512122
24853,0,0,0,60390.49,11.008587,Lower secondary,65,10,100,Centre,2,0,0.3577472
27238,0,0,0,33162.72,10.409182,Lower secondary,70,15,-31,Centre,2,0,2.346047
27730,0,0,0,35806.273,10.485878,Primary or less,83,28,16,South and Islands,4,0,0.36207744
27734,0,0,0,19224.941,9.863964,Primary or less,75,20,-112,South and Islands,2,0,0.25207442
27739,0,0,0,20846.656,9.944949,Primary or less,84,29,73,South and Islands,1,1,0.05165468
27742,0,0,0,13161.568,9.485056,Primary or less,90,35,-55,South and Islands,1,1,0.65725464
27912,0,0,0,37829.758,10.540852,Upper secondary,74,19,105,South and Islands,2,0,0.17861784
27923,1,0,1,26319.28,10.178057,Upper secondary,71,16,0,South and Islands,3,0,0.452808
28992,0,0,0,28694.078,10.264446,Lower secondary,81,26,-92,South and Islands,1,1,0.47077873
29140,0,0,0,37231.36,10.524907,Lower secondary,73,18,68,Centre,2,0,2.2485516
29678,0,0,0,18974.684,9.850861,Lower secondary,89,34,-124,South and Islands,2,0,0.3328175
29680,0,0,0,20536.475,9.929957,Lower secondary,58,3,9,South and Islands,3,0,0.44781542
29737,0,0,0,66659.266,11.107349,University,71,16,0,South and Islands,2,0,0.06562367
31093,0,0,0,47210.977,10.762382,Upper secondary,68,13,-87,North,1,0,1.4247503
31220,1,1,0,44869.902,10.711522,Primary or less,84,29,73,North,1,1,0.38064554
31625,0,0,0,38494.08,10.55826,University,65,10,100,North,1,1,1.1203244
31652,1,0,0,51973.75,10.858494,Upper secondary,81,26,-92,North,2,0,5.8265657
31695,0,0,0,40025.93,10.597282,Lower secondary,58,3,9,North,2,0,0.7081774
31757,0,0,0,18382.508,9.819155,Upper secondary,87,32,0,North,1,1,0.8830699
31860,0,0,0,53348.953,10.884609,Lower secondary,64,9,81,South and Islands,2,0,0.032768477
32320,0,0,0,78094.08,11.26567,University,60,5,25,North,2,1,0.16685681
32471,0,0,0,12715.68,9.450591,Primary or less,77,22,-28,South and Islands,1,1,3.508702
32524,1,1,1,94512.516,11.456488,University,77,22,-28,North,2,0,0.07550674
32556,1,1,0,24260.861,10.09662,Lower secondary,75,20,-112,North,1,1,1.4450687
32729,0,0,0,41526.656,10.63409,Upper secondary,68,13,-87,North,2,0,0.71834755
32734,0,0,0,21010.977,9.952801,Lower secondary,57,2,4,North,1,0,1.4529381
32765,1,1,0,54374.918,10.903658,University,66,11,121,North,2,1,0.061815754
32772,1,1,0,29450.006,10.290449,Lower secondary,73,18,68,North,2,0,0.08382466
32822,0,0,0,17009.408,9.741522,Upper secondary,60,5,25,South and Islands,1,0,0.6848493
32839,0,0,0,39588.156,10.586286,Primary or less,77,22,-28,North,2,0,2.1258664
32861,1,1,0,39622.62,10.587155,Primary or less,76,21,-71,Centre,2,0,0.38385624
32887,0,0,0,48760.902,10.794684,Upper secondary,60,5,25,North,2,0,0.24204077
33036,0,0,0,24552.508,10.108569,Primary or less,86,31,-63,South and Islands,3,0,0.102835886
33038,0,0,0,24806.271,10.118852,Upper secondary,65,10,100,South and Islands,2,0,0.28712726
33303,0,0,0,37751.36,10.538776,Upper secondary,75,20,-112,North,2,0,0.11310901
33335,1,1,0,42952.19,10.667843,Upper secondary,62,7,49,Centre,2,0,0.749895
33451,0,0,0,23415.68,10.061161,Upper secondary,67,12,-112,South and Islands,3,1,0.5862781
33479,0,0,0,44731.36,10.70843,Upper secondary,88,33,65,South and Islands,2,1,0.23487708
33839,0,0,0,13852.579,9.536226,Lower secondary,76,21,-71,South and Islands,1,1,0.49451154
33882,0,0,0,22327.154,10.013559,Lower secondary,71,16,0,North,2,0,2.35467
33937,0,0,0,28462.719,10.2563505,Primary or less,75,20,-112,Centre,1,1,0.36315006
34252,0,0,0,19140.977,9.859587,Lower secondary,73,18,68,South and Islands,2,1,0.4664735
34778,1,1,0,32088.914,10.376266,Upper secondary,59,4,16,South and Islands,2,0,0.4179705
34825,1,1,0,55674.94,10.927285,Lower secondary,69,14,-60,North,2,0,0.30367208
35022,0,0,0,16004.704,9.680638,Lower secondary,56,1,1,South and Islands,2,1,0.05443512
35234,0,0,0,29755.666,10.300775,Lower secondary,83,28,16,Centre,2,0,0.98103684
35322,0,0,0,13970.938,9.544735,Primary or less,85,30,-124,South and Islands,1,1,2.3465009
35323,0,0,0,20429.984,9.924759,Primary or less,85,30,-124,South and Islands,2,0,1.3716384
35340,0,0,0,7823.5195,8.96489,Primary or less,84,29,73,South and Islands,1,1,3.5307443
35372,0,0,0,41283.4,10.628216,Lower secondary,73,18,68,South and Islands,3,0,1.4480752
35640,0,0,0,44888.156,10.711929,Upper secondary,76,21,-71,Centre,2,0,0.6081204
35682,0,0,0,36143.902,10.495263,Primary or less,73,18,68,North,2,0,0.35635594
35788,0,0,0,36125.324,10.494749,Upper secondary,71,16,0,North,2,0,0.13510859
36130,0,0,0,45315.68,10.721409,Lower secondary,59,4,16,North,2,0,2.1452837
36186,0,0,0,14902.9795,9.609317,Lower secondary,59,4,16,South and Islands,2,1,1.6846495
36250,0,0,0,27000.314,10.203604,Lower secondary,61,6,36,South and Islands,1,1,0.65244985
36321,0,0,0,36164.08,10.495822,Lower secondary,72,17,33,South and Islands,3,0,0.30294412
36333,0,0,0,15933.51,9.67618,Lower secondary,64,9,81,Centre,1,1,1.3137113
36403,0,0,0,0.6271854,-0.4665131,Lower secondary,46,-9,81,North,1,1,1.3172309
36409,0,0,0,43816.797,10.687773,Upper secondary,68,13,-87,North,1,0,0.6512366
36443,0,0,0,40578.766,10.611,Lower secondary,69,14,-60,North,2,0,2.1212313
36697,0,0,0,19690.68,9.8879,Lower secondary,69,14,-60,North,1,1,2.6818461
36893,0,0,0,25455.68,10.144694,Lower secondary,71,16,0,South and Islands,2,0,0.94103414
37299,0,0,0,20610.098,9.933537,Lower secondary,65,10,100,South and Islands,2,0,0.36697057
37521,0,0,0,30696.209,10.331895,University,72,17,33,North,1,1,0.19411516
37810,0,0,0,9640.0,9.1736765,Primary or less,72,17,33,Centre,1,1,4.636404
38014,0,0,0,30665.854,10.330905,Upper secondary,70,15,-31,North,2,0,1.0162488
38095,0,0,0,22007.84,9.999154,Lower secondary,57,2,4,North,2,0,0.9489645
38106,0,0,0,34425.715,10.446559,Upper secondary,82,27,-39,North,1,0,0.41677427
38316,0,0,0,105986.22,11.571064,University,65,10,100,North,2,0,0.0592836
38877,0,0,0,27378.398,10.217509,Upper secondary,75,20,-112,South and Islands,2,0,0.14736666
38885,0,0,0,38332.125,10.554044,Upper secondary,78,23,17,South and Islands,2,0,0.17401569
38939,1,0,1,49594.48,10.811635,University,53,-2,4,South and Islands,4,1,0.2529015
39056,1,1,1,59702.32,10.997127,Upper secondary,66,11,121,North,2,0,0.69729865
39086,0,0,0,37275.79,10.526099,Upper secondary,85,30,-124,North,2,0,0.30542937
39095,1,1,0,33172.562,10.409478,Upper secondary,64,9,81,North,1,1,0.92714065
39218,0,0,0,32428.947,10.3868065,Upper secondary,82,27,-39,North,1,1,2.534018
39227,0,0,0,20143.674,9.9106455,Lower secondary,57,2,4,North,1,0,0.4011971
39317,0,0,0,58235.938,10.972258,Upper secondary,60,5,25,North,3,0,0.31369132
39318,1,0,1,86964.445,11.373255,Lower secondary,60,5,25,North,2,0,0.6381278
39488,0,0,0,25970.383,10.164712,Primary or less,73,18,68,Centre,1,1,2.0238698
39697,0,0,0,49860.67,10.816988,University,74,19,105,South and Islands,2,0,0.02234132
50231,0,0,0,40300.0,10.604107,Primary or less,83,28,16,South and Islands,3,1,0.88373864
51895,0,0,0,39528.223,10.58477,Primary or less,81,26,-92,North,2,0,0.9843582
52700,0,0,0,16822.719,9.730486,Primary or less,62,7,49,South and Islands,1,1,0.3497797
52718,0,0,0,12878.815,9.463339,Primary or less,66,11,121,South and Islands,1,1,3.5442016
52736,0,0,0,6601.2544,8.795015,Upper secondary,57,2,4,South and Islands,1,1,0.28449
53086,0,0,0,28644.951,10.2627325,Upper secondary,66,11,121,North,1,0,0.9671016
53202,0,0,0,32216.914,10.380247,Primary or less,72,17,33,North,1,0,0.60107523
53234,0,0,0,51056.797,10.840694,Lower secondary,76,21,-71,North,4,0,0.111192115
53373,0,0,0,48703.137,10.793499,Upper secondary,77,22,-28,Centre,2,0,0.31309432
53380,0,0,0,19009.408,9.85269,Primary or less,90,35,-55,Centre,2,1,0.5133919
53552,1,0,1,12066.318,9.398173,Lower secondary,67,12,-112,Centre,1,1,6.149667
53564,1,1,0,50485.32,10.829438,Upper secondary,59,4,16,Centre,1,1,1.103411
53997,0,0,0,27617.84,10.226217,Upper secondary,88,33,65,North,1,1,0.73696554
55147,0,0,0,34771.953,10.456567,Primary or less,77,22,-28,Centre,2,1,0.3498871
55425,0,0,0,11009.408,9.306505,University,53,-2,4,South and Islands,1,0,0.39579633
55636,0,0,0,75021.164,11.225526,Upper secondary,64,9,81,South and Islands,3,1,2.3404233
55774,0,0,0,31062.719,10.343763,Primary or less,69,14,-60,South and Islands,3,1,0.5896369
56563,0,0,0,28247.04,10.248744,Primary or less,87,32,0,Centre,2,0,0.8253452
56582,1,1,0,51479.02,10.848929,Upper secondary,59,4,16,Centre,2,1,1.2153268
56603,0,0,0,24002.42,10.08591,Lower secondary,54,-1,1,Centre,2,1,2.4777598
56677,0,0,0,42880.406,10.66617,Upper secondary,86,31,-63,Centre,2,0,0.29378694
56721,0,0,0,33870.754,10.430307,Lower secondary,63,8,64,Centre,2,1,0.35140586
56761,0,0,0,74138.84,11.213695,Lower secondary,81,26,-92,Centre,6,0,0.17850664
56762,0,0,0,38779.207,10.5656395,Primary or less,79,24,64,Centre,2,0,0.5325185
57042,0,0,0,10200.313,9.230174,Primary or less,76,21,-71,South and Islands,1,0,0.31150267
57138,0,0,0,48433.996,10.787957,University,72,17,33,South and Islands,1,1,0.03673189
57621,0,0,0,52612.82,10.870715,Upper secondary,63,8,64,Centre,2,1,1.1223463
57670,0,0,0,23536.795,10.06632,Upper secondary,69,14,-60,South and Islands,1,1,0.07683755
57779,0,0,0,45315.68,10.721409,Lower secondary,72,17,33,South and Islands,3,0,0.052583303
60078,0,0,0,30256.271,10.317459,Lower secondary,65,10,100,South and Islands,3,0,0.17632952
91071,0,0,0,78578.0,11.271847,Upper secondary,53,-2,4,North,4,0,8.225943
91079,0,0,0,34744.91,10.455789,Upper secondary,59,4,16,Centre,3,1,2.744192
91081,0,0,0,60034.254,11.00267,Lower secondary,57,2,4,Centre,3,0,0.840587
91095,1,1,1,44263.08,10.6979065,Upper secondary,62,7,49,Centre,3,0,2.125482
111052,0,0,0,30804.703,10.3354225,Primary or less,87,32,0,South and Islands,2,0,0.23042849
178001,0,0,0,16903.137,9.735254,Lower secondary,75,20,-112,Centre,1,0,0.6481721
213440,0,0,0,29208.781,10.282225,Upper secondary,75,20,-112,North,2,0,0.7457858
224048,0,0,0,8650.0,9.065314,Primary or less,88,33,65,North,1,1,0.61371905
230029,0,0,0,30147.215,10.313848,Lower secondary,79,24,64,North,2,0,4.1070075
230037,0,0,0,46387.92,10.744795,Upper secondary,74,19,105,North,2,0,3.2625732
237003,0,0,0,52079.402,10.860525,Upper secondary,74,19,105,South and Islands,2,0,0.7698869
244013,0,0,0,24334.658,10.099657,Primary or less,76,21,-71,South and Islands,2,0,2.4261029
244058,0,0,0,18000.0,9.798127,Lower secondary,58,3,9,South and Islands,3,0,2.4225848
250010,0,0,0,6360.3135,8.757833,Primary or less,76,21,-71,South and Islands,1,1,0.21739092
250039,0,0,0,9600.313,9.169551,Primary or less,71,16,0,South and Islands,1,1,0.32726586
282083,0,0,0,9882.147,9.198485,Lower secondary,82,27,-39,South and Islands,1,1,0.4360099
310002,0,0,0,17481.568,9.768903,Primary or less,84,29,73,South and Islands,2,0,0.25621915
310005,0,0,0,19309.408,9.868348,Lower secondary,75,20,-112,South and Islands,1,1,0.6484288
321009,0,0,0,32811.36,10.39853,Primary or less,89,34,-124,North,2,0,0.3296632
333081,1,0,1,52378.16,10.866245,University,87,32,0,North,1,0,0.08320131
387029,1,0,1,45702.145,10.7299,Upper secondary,77,22,-28,North,2,0,0.18079141
500090,0,0,0,23378.398,10.059567,Primary or less,90,35,-55,North,2,0,0.5937706
500176,0,0,0,22575.018,10.024599,Primary or less,75,20,-112,North,3,0,0.71035206
500669,0,0,0,39625.402,10.587226,Upper secondary,58,3,9,North,2,0,1.3402103
500674,0,0,0,41202.87,10.626264,Upper secondary,83,28,16,North,1,1,0.85060024
501082,0,0,0,45243.902,10.719823,Lower secondary,67,12,-112,North,2,0,0.5651073
501694,0,0,0,27332.715,10.215839,Lower secondary,65,10,100,North,2,1,0.6893204
502060,0,0,0,18209.408,9.809693,Upper secondary,64,9,81,North,1,0,0.5604989
502355,0,0,0,21519.516,9.976715,Lower secondary,61,6,36,North,2,0,6.269741
502364,0,0,0,22018.475,9.999638,Primary or less,89,34,-124,North,1,1,5.32942
503560,0,0,0,35716.598,10.483371,Upper secondary,68,13,-87,North,2,0,0.5231488
503561,0,0,0,54876.824,10.912847,Upper secondary,75,20,-112,North,2,0,0.47303492
503593,0,0,0,29000.627,10.275073,Upper secondary,70,15,-31,North,1,0,0.65807134
503674,0,0,0,91371.58,11.422689,University,74,19,105,North,2,0,0.14082207
503931,1,1,0,69319.51,11.1464815,Upper secondary,75,20,-112,North,2,0,0.5137835
504157,0,0,0,20510.977,9.928716,Upper secondary,62,7,49,North,1,0,0.48421538
504363,0,0,0,32808.223,10.398435,Lower secondary,78,23,17,North,1,0,1.7087736
504395,0,0,0,67503.29,11.119931,Upper secondary,63,8,64,North,3,1,0.7747163
504453,1,1,0,64352.03,11.072124,Upper secondary,55,0,0,North,2,1,1.9462245
504584,0,0,0,16204.704,9.693057,Primary or less,65,10,100,North,1,1,4.2739344
504730,0,0,0,71937.305,11.18355,Upper secondary,79,24,64,North,3,0,0.3704909
504792,1,0,1,47834.855,10.77551,Upper secondary,75,20,-112,North,2,0,0.115958765
504921,0,0,0,46450.86,10.74615,Upper secondary,58,3,9,North,2,1,4.256646
505022,0,0,0,21002.822,9.952413,Primary or less,69,14,-60,North,2,0,0.09237401
505228,0,0,0,39419.44,10.582014,Upper secondary,69,14,-60,North,1,1,1.4922291
505517,0,0,0,33673.52,10.424467,Lower secondary,76,21,-71,North,2,0,2.0588005
505525,0,0,0,71790.0,11.1815,Lower secondary,77,22,-28,North,4,0,2.2167065
505534,1,1,0,32649.834,10.393595,Upper secondary,72,17,33,North,2,0,2.2494285
505594,0,0,0,23363.188,10.058917,Lower secondary,74,19,105,North,2,0,0.13222228
505606,0,0,0,63104.26,11.052544,Upper secondary,71,16,0,North,2,1,0.512785
505681,0,0,0,18149.041,9.806373,Primary or less,84,29,73,North,1,1,2.8378267
505806,0,0,0,21603.764,9.980623,Primary or less,66,11,121,North,1,0,0.66137
505818,0,0,0,105594.21,11.567359,Upper secondary,62,7,49,North,3,0,0.4460542
505839,0,0,0,48366.31,10.786559,Upper secondary,52,-3,9,North,3,1,0.35784525
506107,0,0,0,32568.88,10.391112,Lower secondary,65,10,100,North,2,0,4.321697
506112,0,0,0,17239.2,9.754941,Primary or less,90,35,-55,North,1,1,3.5383768
506402,0,0,0,17862.719,9.790471,Primary or less,74,19,105,Centre,1,1,4.0881987
506418,0,0,0,16531.36,9.713015,Primary or less,82,27,-39,Centre,1,1,4.134488
506565,1,1,0,67331.586,11.117385,Upper secondary,73,18,68,Centre,2,0,0.23263213
506628,0,0,0,45463.324,10.724661,University,37,-18,68,North,4,0,6.110972
506736,0,0,0,52859.617,10.875395,University,82,27,-39,Centre,2,0,0.40528125
506738,0,0,0,37709.406,10.537664,Lower secondary,57,2,4,Centre,3,0,0.9852357
506799,0,0,0,63026.656,11.051313,Lower secondary,71,16,0,Centre,2,0,0.30485183
507182,0,0,0,31351.291,10.353011,Lower secondary,83,28,16,Centre,2,0,0.6095524
507282,0,0,0,61124.656,11.020671,Upper secondary,57,2,4,Centre,5,1,2.6733944
507303,0,0,0,32194.078,10.379538,Primary or less,72,17,33,Centre,2,0,2.2899675
507316,0,0,0,32697.04,10.39504,Lower secondary,84,29,73,Centre,2,0,2.294081
507319,1,0,1,21386.248,9.970504,Primary or less,84,29,73,Centre,1,0,2.8935268
507336,0,0,0,53978.4,10.896339,Primary or less,74,19,105,Centre,2,0,1.9215658
507419,0,0,0,33473.062,10.418496,Upper secondary,73,18,68,Centre,2,0,0.1371937
507444,0,0,0,25084.428,10.130003,Upper secondary,58,3,9,Centre,1,1,0.4371864
507640,0,0,0,21374.893,9.969973,Lower secondary,78,23,17,Centre,1,1,0.4385794
507728,0,0,0,30729.965,10.3329935,Upper secondary,72,17,33,Centre,2,0,0.37510037
507905,0,0,0,26281.36,10.176615,Primary or less,71,16,0,Centre,2,0,1.5131817
507908,0,0,0,25531.36,10.147663,Upper secondary,62,7,49,Centre,1,1,2.821605
507913,0,0,0,15744.088,9.66422,Upper secondary,68,13,-87,Centre,3,1,7.064072
507924,0,0,0,17231.36,9.754486,Lower secondary,50,-5,25,Centre,2,0,2.5168414
508861,0,0,0,28162.719,10.245754,Lower secondary,70,15,-31,Centre,1,1,0.9119446
509054,0,0,0,19060.383,9.855368,Primary or less,85,30,-124,South and Islands,2,0,2.8201761
509057,0,0,0,17096.271,9.746615,Upper secondary,71,16,0,South and Islands,2,0,2.1255658
509071,0,0,0,29315.68,10.285878,Lower secondary,79,24,64,South and Islands,2,0,0.08904691
509550,0,0,0,30966.271,10.340654,University,73,18,68,South and Islands,1,1,0.17631032
509601,0,0,0,50407.44,10.827894,Upper secondary,30,-25,113,South and Islands,3,0,0.09533448
509689,0,0,0,18006.271,9.798475,Lower secondary,66,11,121,South and Islands,2,0,0.31672925
509806,0,0,0,18001.568,9.798214,Upper secondary,62,7,49,South and Islands,3,1,0.19668056
509869,0,0,0,16501.568,9.711211,Lower secondary,80,25,113,South and Islands,2,0,0.48357671
510109,0,0,0,12731.043,9.451798,Primary or less,80,25,113,South and Islands,1,1,3.5453966
510329,0,0,0,9723.449,9.182296,Primary or less,53,-2,4,South and Islands,3,1,0.75713456
510345,0,0,0,36623.52,10.508446,Lower secondary,48,-7,49,South and Islands,3,1,0.07077981
510433,0,0,0,38515.68,10.558821,Lower secondary,65,10,100,South and Islands,2,0,3.2750552
511074,0,0,0,17898.502,9.792472,Primary or less,80,25,113,South and Islands,1,1,3.451537
511136,0,0,0,11502.509,9.350321,Lower secondary,66,11,121,South and Islands,2,0,1.6345267
511160,0,0,0,25792.016,10.157821,Lower secondary,78,23,17,South and Islands,2,0,0.74311405
511260,0,0,0,36980.562,10.518147,University,74,19,105,South and Islands,1,0,0.102454625
511352,0,0,0,18125.088,9.805053,Upper secondary,60,5,25,South and Islands,2,1,7.4851055
511424,0,0,0,26821.951,10.196976,Primary or less,77,22,-28,South and Islands,2,1,0.16742238
511474,0,0,0,24001.152,10.085857,Upper secondary,59,4,16,South and Islands,3,1,1.2811627
511494,0,0,0,9600.313,9.169551,Primary or less,86,31,-63,South and Islands,1,0,0.62717533
511495,0,0,0,16200.627,9.692805,Primary or less,71,16,0,South and Islands,2,0,0.39540038
511501,0,0,0,14400.627,9.575027,Primary or less,81,26,-92,South and Islands,1,1,0.6439355
511629,0,0,0,25509.408,10.146803,Upper secondary,76,21,-71,South and Islands,2,0,0.180085
511757,0,0,0,30271.064,10.317947,Primary or less,72,17,33,South and Islands,3,0,0.15778948
512211,0,0,0,10780.0,9.285448,Primary or less,67,12,-112,South and Islands,1,1,0.48848206
512368,0,0,0,17085.0,9.745956,Primary or less,76,21,-71,South and Islands,3,0,1.1622459
512372,0,0,0,11160.0,9.320091,Primary or less,82,27,-39,South and Islands,1,1,2.2114687
512452,0,0,0,30200.877,10.315626,Upper secondary,53,-2,4,South and Islands,4,0,2.689938
512457,0,0,0,23360.0,10.058781,University,49,-6,36,South and Islands,3,0,1.2121922
512517,0,0,0,21733.559,9.986613,Upper secondary,63,8,64,South and Islands,2,1,3.532033
512784,0,0,0,35750.0,10.484305,Upper secondary,59,4,16,South and Islands,5,0,0.54751503
512843,0,0,0,36351.15,10.500981,Lower secondary,63,8,64,South and Islands,4,0,1.3783678
512887,0,0,0,21333.06,9.968014,Upper secondary,56,1,1,South and Islands,2,0,4.225186
512921,0,0,0,56855.64,10.948271,Upper secondary,75,20,-112,North,2,0,0.94688904
512963,0,0,0,31272.777,10.350503,Lower secondary,81,26,-92,North,2,0,0.34961623
513131,0,0,0,30014.111,10.3094225,Lower secondary,84,29,73,North,1,1,0.7267812
513369,0,0,0,27744.613,10.230797,Primary or less,87,32,0,North,1,1,0.609001
513377,0,0,0,20804.703,9.942934,Upper secondary,65,10,100,North,1,1,1.2688165
513384,0,0,0,37795.492,10.539946,Lower secondary,85,30,-124,North,2,0,0.49214596
513406,1,1,0,62614.516,11.044752,University,66,11,121,North,3,0,0.12044026
611412,1,1,0,161923.66,11.994881,University,63,8,64,North,4,0,0.48299593
611441,1,1,0,54100.28,10.898595,Lower secondary,65,10,100,North,2,0,0.48086295
611453,0,0,0,56697.516,10.945486,Upper secondary,83,28,16,North,1,0,0.555706
611512,0,0,0,28591.197,10.260854,Primary or less,86,31,-63,Centre,2,0,1.1827362
611614,0,0,0,59682.234,10.99679,Upper secondary,54,-1,1,Centre,3,1,1.3141671
611774,0,0,0,39800.35,10.591631,University,72,17,33,Centre,1,0,0.55622274
614660,0,0,0,16239.624,9.6952095,Lower secondary,67,12,-112,South and Islands,1,1,0.6324964
614683,0,0,0,45402.887,10.723331,University,68,13,-87,South and Islands,2,0,0.12134441
614783,0,0,0,28915.68,10.27214,University,81,26,-92,South and Islands,1,1,0.21553671
615399,0,0,0,54584.61,10.907507,Lower secondary,62,7,49,Centre,4,0,1.1022376
616016,0,0,0,20323.316,9.919524,Primary or less,87,32,0,North,1,0,0.8034935
617023,1,1,0,72015.15,11.184631,Upper secondary,64,9,81,North,2,0,0.5954549
617231,0,0,0,40781.36,10.61598,Primary or less,80,25,113,Centre,4,1,1.6380454
617398,1,1,0,110948.77,11.616824,University,81,26,-92,North,3,0,0.14719032
617902,1,1,0,85934.84,11.361344,Upper secondary,75,20,-112,North,2,1,0.44015878
620481,0,0,0,72747.766,11.194754,Lower secondary,65,10,100,North,2,0,0.37668183
620829,1,1,0,39753.047,10.590442,University,54,-1,1,North,3,1,3.239845
621762,0,0,0,4231.3594,8.350279,Upper secondary,55,0,0,Centre,1,0,2.529698
621766,0,0,0,21731.36,9.986511,Upper secondary,68,13,-87,Centre,1,1,2.957697
621773,0,0,0,31362.719,10.353375,Lower secondary,61,6,36,Centre,3,1,3.0451035
622306,0,0,0,23668.787,10.071913,Primary or less,69,14,-60,North,1,1,0.7870113
622915,0,0,0,9126.899,9.118981,Upper secondary,81,26,-92,South and Islands,1,1,4.569209
623305,0,0,0,23094.078,10.047332,Lower secondary,62,7,49,South and Islands,3,0,0.37570107
623606,0,0,0,32927.04,10.402049,Primary or less,72,17,33,North,2,0,1.7427137
623614,0,0,0,18209.408,9.809693,Primary or less,70,15,-31,South and Islands,3,0,1.6088483
623619,0,0,0,10074.391,9.2177515,Primary or less,88,33,65,South and Islands,3,1,1.0635008
624781,0,0,0,25600.314,10.15036,Upper secondary,64,9,81,South and Islands,2,0,6.1598167
625193,0,0,0,41140.766,10.624755,University,82,27,-39,South and Islands,2,0,0.10199585
625983,0,0,0,46568.4,10.748677,Upper secondary,70,15,-31,South and Islands,2,0,0.14047195
626259,0,0,0,70857.04,11.16842,Upper secondary,66,11,121,North,2,0,2.915805
627067,0,0,0,20619.615,9.933998,Lower secondary,89,34,-124,South and Islands,2,0,2.4639728
628418,0,0,0,13662.719,9.522427,Lower secondary,74,19,105,Centre,3,0,1.044656
629458,0,0,0,21600.0,9.980449,Upper secondary,66,11,121,South and Islands,3,0,0.32255626
630345,0,0,0,37109.438,10.521626,Lower secondary,67,12,-112,South and Islands,2,0,1.0915233
631016,1,0,1,68982.25,11.141604,University,87,32,0,North,2,0,0.33784896
631306,0,0,0,36406.273,10.502497,Lower secondary,81,26,-92,Centre,4,0,0.6213106
631954,0,0,0,17731.36,9.78309,Primary or less,74,19,105,South and Islands,2,0,0.1920183
632099,0,0,0,29456.447,10.2906685,Upper secondary,80,25,113,South and Islands,2,0,0.30397463
632118,0,0,0,45094.08,10.716506,Upper secondary,79,24,64,South and Islands,2,0,0.08344477
633412,1,1,0,52720.832,10.872766,Upper secondary,51,-4,16,North,2,0,0.531165
633654,0,0,0,46027.715,10.736999,Lower secondary,66,11,121,North,2,0,0.3838921
633941,0,0,0,18264.951,9.812739,University,93,38,-92,North,1,1,0.69123906
634442,0,0,0,34361.117,10.444681,Primary or less,80,25,113,Centre,2,1,0.1097491
635007,0,0,0,13457.237,9.507273,Primary or less,84,29,73,Centre,1,1,1.1061466
635112,0,0,0,82127.35,11.316027,Upper secondary,56,1,1,North,4,0,0.6005225
635513,0,0,0,20403.137,9.923444,Lower secondary,59,4,16,South and Islands,3,0,0.61041576
635514,0,0,0,15004.704,9.616119,Primary or less,51,-4,16,South and Islands,2,1,0.24414496
636206,0,0,0,16900.0,9.735069,Primary or less,89,34,-124,South and Islands,1,0,2.1001067
636289,0,0,0,55037.215,10.915765,Upper secondary,72,17,33,North,2,0,3.926106
636401,0,0,0,18462.719,9.823509,Primary or less,89,34,-124,South and Islands,1,0,2.1796627
636407,0,0,0,19600.088,9.883289,Primary or less,75,20,-112,South and Islands,2,0,1.7767038
636418,0,0,0,21917.04,9.99502,Primary or less,94,39,-15,South and Islands,2,0,1.8788865
637701,0,0,0,50215.68,10.824082,Primary or less,81,26,-92,Centre,4,0,0.54966116
638250,0,0,0,20924.703,9.948686,Lower secondary,75,20,-112,North,2,0,0.46844378
638339,1,1,1,37295.832,10.526637,Lower secondary,69,14,-60,North,2,0,3.8480163
638360,1,1,0,37554.535,10.533549,University,76,21,-71,North,2,0,0.13848405
639013,0,0,0,21141.703,9.9590025,Primary or less,64,9,81,South and Islands,2,1,1.001911
639331,0,0,0,27761.926,10.2314205,Upper secondary,60,5,25,North,1,1,6.6634736
639575,0,0,0,12579.595,9.439832,Primary or less,84,29,73,North,1,1,1.4331294
639924,0,0,0,12015.68,9.393968,Lower secondary,54,-1,1,South and Islands,4,1,0.57035273
639971,0,0,0,23800.0,10.077441,Lower secondary,53,-2,4,South and Islands,4,0,3.857434
640164,1,1,1,73166.805,11.200497,Upper secondary,74,19,105,Centre,2,0,0.30546513
641084,0,0,0,12081.568,9.399436,Lower secondary,75,20,-112,South and Islands,1,1,0.3640899
648534,0,0,0,16553.13,9.714331,Primary or less,68,13,-87,South and Islands,2,0,0.34915352
648636,0,0,0,10935.68,9.299786,Upper secondary,55,0,0,South and Islands,2,0,0.20377345
649032,0,0,0,31332.3,10.352405,Lower secondary,72,17,33,North,2,0,2.9876888
649054,0,0,0,32050.438,10.375066,Lower secondary,56,1,1,North,4,0,5.495023
649071,1,1,0,19322.662,9.869034,Primary or less,73,18,68,North,2,1,2.0744731
649089,0,0,0,47567.04,10.769896,Lower secondary,58,3,9,North,4,0,3.7483041
650027,0,0,0,17315.68,9.759368,Lower secondary,67,12,-112,North,1,0,0.724736
650091,0,0,0,31676.898,10.363343,Lower secondary,77,22,-28,South and Islands,3,1,1.7567827
670362,0,0,0,38798.902,10.566147,Primary or less,75,20,-112,South and Islands,3,1,2.2076952
670485,0,0,0,39797.586,10.591561,Primary or less,68,13,-87,South and Islands,2,0,1.7457011
670670,0,0,0,15354.446,9.63916,Primary or less,83,28,16,South and Islands,1,0,0.48766336
670711,0,0,0,34841.43,10.458563,Upper secondary,61,6,36,North,3,1,0.3353022
670762,0,0,0,19797.04,9.893288,Primary or less,75,20,-112,South and Islands,1,1,2.220753
670853,0,0,0,19215.68,9.8634815,Primary or less,60,5,25,South and Islands,3,1,0.63755447
670857,0,0,0,21850.414,9.991975,Lower secondary,49,-6,36,South and Islands,5,1,0.23695233
671152,1,1,1,43135.22,10.672095,Upper secondary,54,-1,1,North,4,1,8.287395
671153,0,0,0,73638.55,11.2069235,Upper secondary,72,17,33,North,2,0,3.6963239
671206,0,0,0,69460.63,11.148516,University,57,2,4,Centre,4,0,0.7231915
671362,0,0,0,36402.54,10.502394,University,67,12,-112,Centre,1,1,0.99407023
671480,0,0,0,31281.36,10.350778,Lower secondary,53,-2,4,North,4,0,1.8902498
671520,1,1,0,47697.637,10.772637,Lower secondary,58,3,9,Centre,3,0,5.470259
671698,0,0,0,45031.05,10.715108,Primary or less,84,29,73,Centre,3,0,2.1899424
671841,1,1,0,86832.8,11.371739,University,57,2,4,Centre,3,0,1.1934593
671893,0,0,0,68450.17,11.133862,Lower secondary,47,-8,64,North,4,1,3.0461705
672417,0,0,0,47214.727,10.762461,Upper secondary,48,-7,49,North,3,0,0.43364137
672486,0,0,0,23431.36,10.0618305,Primary or less,79,24,64,South and Islands,2,0,0.11953207
672541,1,1,1,66803.28,11.109508,Upper secondary,81,26,-92,North,2,1,0.2082261
672620,0,0,0,20115.68,9.909255,Lower secondary,66,11,121,Centre,1,1,0.57020015
672679,0,0,0,41977.52,10.64489,Lower secondary,76,21,-71,North,2,0,3.6865687
673050,0,0,0,36974.71,10.517989,Upper secondary,78,23,17,North,2,0,2.5971966
673145,1,0,0,60450.777,11.009584,Upper secondary,52,-3,9,North,4,0,0.62096244
673451,1,1,0,91200.625,11.420817,Upper secondary,70,15,-31,Centre,2,0,0.17328435
673452,0,0,0,51647.04,10.852188,Lower secondary,55,0,0,Centre,3,0,1.3237222
673467,0,0,0,38047.04,10.546578,Lower secondary,56,1,1,South and Islands,3,0,1.0546876
673540,0,0,0,29650.977,10.297251,Lower secondary,67,12,-112,North,2,0,0.44369942
673661,0,0,0,56515.68,10.942273,University,88,33,65,South and Islands,2,0,0.03480541
673816,0,0,0,28496.271,10.257528,Primary or less,79,24,64,North,2,0,0.67477083
673847,0,0,0,13000.0,9.472705,Primary or less,79,24,64,South and Islands,2,0,0.28655875
673882,0,0,0,79488.234,11.283364,Lower secondary,53,-2,4,North,4,0,0.39754835
673963,0,0,0,29783.834,10.301721,Upper secondary,96,41,-111,North,1,1,0.7568062
674105,0,0,0,24414.111,10.102917,Lower secondary,62,7,49,North,2,0,1.879973
674106,0,0,0,30266.795,10.317806,Upper secondary,59,4,16,North,1,1,3.3874056
674196,1,1,0,28461.916,10.256322,Upper secondary,77,22,-28,North,2,0,2.1155643
674229,0,0,0,37152.508,10.522786,Lower secondary,76,21,-71,South and Islands,3,0,0.088498555
674239,0,0,0,56044.156,10.933895,Upper secondary,63,8,64,South and Islands,2,0,0.08115654
674281,0,0,0,18007.932,9.798568,Lower secondary,63,8,64,South and Islands,2,1,0.1413197
674283,0,0,0,15254.36,9.632621,Primary or less,79,24,64,South and Islands,1,1,0.3678371
674287,0,0,0,24882.584,10.121923,Lower secondary,68,13,-87,South and Islands,2,0,0.10926969
674379,0,0,0,9600.0,9.169518,Lower secondary,50,-5,25,South and Islands,5,0,2.6238732
674572,0,0,0,12370.719,9.423088,Primary or less,75,20,-112,South and Islands,1,1,0.26382416
674842,0,0,0,37801.35,10.5401,Lower secondary,49,-6,36,North,4,1,7.880553
674868,1,0,1,71525.13,11.177804,Upper secondary,49,-6,36,North,5,1,4.3906255
674968,0,0,0,34200.0,10.4399805,Lower secondary,83,28,16,South and Islands,3,0,3.6112103
674970,0,0,0,33213.207,10.410703,Primary or less,69,14,-60,South and Islands,3,0,2.1371825
674974,0,0,0,20300.0,9.918376,Primary or less,69,14,-60,South and Islands,2,0,1.944409
675086,0,0,0,36862.574,10.514952,Upper secondary,72,17,33,Centre,1,1,0.7588947
675265,0,0,0,43606.29,10.682957,Lower secondary,70,15,-31,North,3,0,3.1535196
675280,0,0,0,55356.797,10.921555,Upper secondary,55,0,0,Centre,4,1,2.916358
675334,0,0,0,26619.408,10.189396,Upper secondary,59,4,16,South and Islands,4,0,6.6553736
675667,0,0,0,20407.84,9.923675,Primary or less,79,24,64,South and Islands,1,1,1.208525
675739,1,0,1,44339.836,10.699638,Upper secondary,73,18,68,North,1,1,0.7553444
675801,0,0,0,51031.36,10.840196,Upper secondary,60,5,25,Centre,4,0,1.34919
676304,0,0,0,22203.293,10.007996,Primary or less,59,4,16,South and Islands,2,1,3.7277346
676374,0,0,0,22059.408,10.001494,Lower secondary,79,24,64,Centre,1,1,0.5972298
676521,0,0,0,51580.21,10.850893,Lower secondary,88,33,65,Centre,3,0,0.26911497
676557,0,0,0,25937.63,10.16345,Primary or less,84,29,73,Centre,1,1,0.7769805
676580,0,0,0,18947.213,9.849412,Primary or less,96,41,-111,North,1,1,4.258084
676807,0,0,0,12460.0,9.430279,Lower secondary,62,7,49,South and Islands,1,1,5.141323
676844,0,0,0,379294.94,12.846069,Primary or less,71,16,0,South and Islands,3,1,0.0003847637
676851,0,0,0,14957.213,9.612949,Primary or less,70,15,-31,South and Islands,2,0,1.1003666
676941,0,0,0,9359.077,9.144102,Primary or less,73,18,68,South and Islands,1,0,2.0040426
677112,0,0,0,38178.77,10.5500345,University,66,11,121,Centre,1,1,2.576314
677167,0,0,0,36936.35,10.516952,University,72,17,33,North,1,1,0.6276841
677195,1,1,1,57018.29,10.951127,University,71,16,0,Centre,2,1,0.06999027
677474,0,0,0,40684.844,10.613611,Upper secondary,85,30,-124,South and Islands,2,0,1.9581912
677475,0,0,0,35063.312,10.4649105,Lower secondary,73,18,68,South and Islands,2,0,1.9529527
677476,0,0,0,10493.136,9.258476,Primary or less,84,29,73,South and Islands,1,1,3.9378388
677489,0,0,0,71009.76,11.170572,Upper secondary,67,12,-112,South and Islands,1,1,4.7821913
677946,1,1,0,94782.164,11.459336,University,87,32,0,North,2,0,0.10035855
678132,0,0,0,4515.366,8.415241,Lower secondary,64,9,81,South and Islands,1,0,0.2590873
678160,0,0,0,67009.41,11.112588,Upper secondary,57,2,4,South and Islands,3,0,0.51044685
680143,0,0,0,31129.643,10.345916,Upper secondary,78,23,17,North,1,1,0.771081
680239,0,0,0,14790.767,9.601758,Primary or less,83,28,16,North,1,1,3.0504982
680244,1,1,0,73871.3,11.210079,Upper secondary,54,-1,1,North,4,0,3.4295208
680430,0,0,0,16815.68,9.730067,Lower secondary,59,4,16,South and Islands,2,0,0.6022426
680537,0,0,0,75453.37,11.23127,Lower secondary,55,0,0,North,4,0,3.6844394
680587,1,1,0,40637.883,10.612456,Upper secondary,54,-1,1,South and Islands,4,0,1.0711845
681097,0,0,0,11737.631,9.370555,Primary or less,74,19,105,South and Islands,1,1,1.1722349
681192,0,0,0,30475.332,10.324673,Primary or less,83,28,16,North,2,0,0.83606327
681349,0,0,0,11570.0,9.356171,Lower secondary,75,20,-112,South and Islands,2,0,0.14684482
681387,0,0,0,15530.6455,9.650571,Lower secondary,61,6,36,North,1,1,0.22786278
681394,0,0,0,29121.098,10.279219,Upper secondary,51,-4,16,Centre,4,0,1.23866
681430,0,0,0,16340.187,9.701383,Lower secondary,74,19,105,North,1,0,7.8598523
681499,0,0,0,20311.36,9.918936,Primary or less,81,26,-92,Centre,1,1,2.056128
681520,0,0,0,20877.195,9.946413,Lower secondary,43,-12,-112,South and Islands,4,0,1.6557796
681668,0,0,0,26716.797,10.193048,Primary or less,82,27,-39,South and Islands,2,0,1.7936859
681822,0,0,0,26615.68,10.189256,Lower secondary,53,-2,4,South and Islands,4,0,4.5324593
682006,1,1,0,51057.18,10.840701,Upper secondary,86,31,-63,North,1,0,0.16051568
682169,0,0,0,19012.156,9.852834,Lower secondary,96,41,-111,North,1,1,0.4111747
682192,0,0,0,36775.438,10.512586,Upper secondary,81,26,-92,Centre,2,0,0.37319916
682204,0,0,0,31174.293,10.347349,Upper secondary,52,-3,9,South and Islands,4,1,0.5562819
682210,0,0,0,21694.078,9.984795,University,75,20,-112,South and Islands,1,1,2.118693
682240,1,1,0,40473.945,10.608414,Lower secondary,76,21,-71,North,2,0,0.33931214
682272,0,0,0,23604.344,10.069186,Lower secondary,56,1,1,North,2,0,4.8550286
682298,0,0,0,49931.36,10.818404,Primary or less,52,-3,9,North,5,1,0.13359615
682359,0,0,0,44883.766,10.711831,Upper secondary,61,6,36,South and Islands,4,0,5.9420867
682360,0,0,0,30522.477,10.326219,Primary or less,60,5,25,South and Islands,1,0,2.328869
682363,0,0,0,31956.447,10.372129,Upper secondary,84,29,73,South and Islands,1,0,1.9888917
682408,0,0,0,42957.383,10.667964,Upper secondary,43,-12,-112,Centre,3,1,0.7542244
682496,1,1,0,27839.66,10.234217,Upper secondary,67,12,-112,Centre,2,0,0.1810815
682732,0,0,0,4421.9517,8.394337,University,67,12,-112,South and Islands,1,1,2.5400133
682737,0,0,0,69785.19,11.153177,Upper secondary,73,18,68,South and Islands,3,0,0.057737485
682782,1,1,0,15681.701,9.66025,Lower secondary,75,20,-112,Centre,1,1,0.92783284
682812,0,0,0,48615.68,10.791701,Upper secondary,70,15,-31,Centre,2,0,0.6349627
682829,0,0,0,31141.748,10.346305,Upper secondary,78,23,17,North,1,0,4.8215184
682897,0,0,0,61735.97,11.0306225,Lower secondary,59,4,16,Centre,3,1,0.67326707
682918,0,0,0,41373.99,10.630407,Lower secondary,64,9,81,Centre,2,0,1.2855358
682969,0,0,0,23110.977,10.048063,Upper secondary,71,16,0,South and Islands,1,1,2.1844292
683034,0,0,0,57192.883,10.954185,Upper secondary,63,8,64,North,1,1,0.16379945
683043,0,0,0,20805.818,9.942988,Lower secondary,73,18,68,North,1,1,0.25023118
683119,0,0,0,57900.35,10.966478,Upper secondary,53,-2,4,North,3,0,0.4972071
683121,0,0,0,31672.477,10.363203,Primary or less,83,28,16,North,1,0,0.4918813
683164,0,0,0,86565.555,11.368657,Upper secondary,56,1,1,North,5,0,2.2484481
683177,0,0,0,21097.04,9.956888,Lower secondary,75,20,-112,South and Islands,2,0,0.18626563
683247,0,0,0,35273.066,10.470875,Lower secondary,68,13,-87,South and Islands,3,0,1.6022341
683248,0,0,0,20012.703,9.904122,Upper secondary,72,17,33,South and Islands,3,0,1.9958887
683349,0,0,0,109868.64,11.60704,University,56,1,1,North,7,0,0.36448318
683373,0,0,0,13000.0,9.472705,Upper secondary,52,-3,9,South and Islands,4,0,0.34544867
683399,1,1,0,39303.07,10.579058,University,71,16,0,North,1,0,0.14156131
683472,0,0,0,61877.79,11.032917,Upper secondary,64,9,81,North,4,0,2.6358767
683645,0,0,0,28121.135,10.244277,Upper secondary,77,22,-28,Centre,2,1,0.8062599
683650,0,0,0,24980.0,10.125831,Primary or less,72,17,33,Centre,2,1,0.8829799
683661,0,0,0,55446.617,10.923176,Upper secondary,71,16,0,South and Islands,2,0,0.221941
683669,0,0,0,28201.568,10.247133,Lower secondary,68,13,-87,South and Islands,3,0,0.34936282
683727,0,0,0,23460.752,10.063085,Primary or less,69,14,-60,South and Islands,3,1,1.4119782
683767,0,0,0,37464.52,10.53115,Upper secondary,68,13,-87,North,2,1,0.3093891
683782,0,0,0,10200.0,9.230143,Lower secondary,60,5,25,South and Islands,2,0,0.1513286
683785,0,0,0,33731.15,10.426177,Upper secondary,72,17,33,South and Islands,1,0,0.27397206
683896,0,0,0,29488.969,10.291772,Lower secondary,73,18,68,North,2,1,4.0961
683991,0,0,0,20400.0,9.92329,Lower secondary,60,5,25,South and Islands,3,1,0.54087704
684000,0,0,0,14400.0,9.574984,Primary or less,58,3,9,South and Islands,3,1,0.38560784
684063,0,0,0,27719.516,10.229892,Lower secondary,70,15,-31,South and Islands,2,0,0.22348987
684259,0,0,0,25204.703,10.134786,Upper secondary,53,-2,4,South and Islands,4,1,0.24918754
684279,0,0,0,16400.416,9.705062,Lower secondary,66,11,121,North,1,1,4.947582
684359,1,1,0,40833.5,10.617258,Upper secondary,68,13,-87,North,2,1,1.2221497
684434,0,0,0,54997.74,10.915048,Upper secondary,79,24,64,Centre,2,1,1.0452754
684454,0,0,0,36886.832,10.51561,Lower secondary,76,21,-71,South and Islands,2,0,2.572372
684524,0,0,0,16880.135,9.733892,Lower secondary,81,26,-92,Centre,1,1,2.9966788
684525,0,0,0,49238.59,10.804433,University,66,11,121,Centre,2,1,1.5792875
684671,0,0,0,16300.0,9.69892,Lower secondary,61,6,36,South and Islands,2,0,2.3090346
684740,0,0,0,40615.68,10.61191,Lower secondary,48,-7,49,South and Islands,4,0,0.3117752
684885,0,0,0,33468.992,10.418375,Upper secondary,64,9,81,South and Islands,2,1,0.072544485
684937,0,0,0,12001.411,9.392779,Upper secondary,76,21,-71,South and Islands,2,0,0.5373117
685016,0,0,0,20709.408,9.938343,Lower secondary,61,6,36,South and Islands,2,1,0.16328354
685058,0,0,0,22460.045,10.019493,Lower secondary,67,12,-112,South and Islands,1,0,0.84216446
685130,0,0,0,18503.764,9.825729,Primary or less,84,29,73,South and Islands,1,1,0.4452373
685149,0,0,0,29069.328,10.277439,Primary or less,69,14,-60,South and Islands,2,0,0.21139786
685164,0,0,0,128351.5,11.762527,Upper secondary,63,8,64,North,2,1,0.7967602
685296,1,1,0,31842.205,10.368548,Upper secondary,55,0,0,Centre,2,0,0.6502727
685297,1,1,0,42308.367,10.6527405,Upper secondary,59,4,16,Centre,2,0,0.33207786
685299,1,1,1,39975.535,10.596023,Upper secondary,57,2,4,Centre,3,0,0.64672655
685300,0,0,0,15187.014,9.628196,Upper secondary,74,19,105,South and Islands,1,1,2.90957
685301,0,0,0,27209.232,10.211311,Lower secondary,42,-13,-87,South and Islands,3,1,8.304829
685368,0,0,0,28973.137,10.274124,Lower secondary,62,7,49,South and Islands,3,0,0.8469831
685451,0,0,0,14074.495,9.552119,Lower secondary,88,33,65,North,1,1,0.5260342
685537,0,0,0,16801.568,9.729227,Primary or less,76,21,-71,South and Islands,2,0,0.52318805
685560,0,0,0,12065.98,9.398146,Lower secondary,78,23,17,North,1,1,5.3729725
685734,0,0,0,24611.81,10.110982,Upper secondary,76,21,-71,South and Islands,1,1,0.294691
685747,0,0,0,10218.097,9.231915,Primary or less,85,30,-124,South and Islands,1,1,3.4999645
685780,1,1,1,86480.03,11.367669,University,74,19,105,North,5,0,0.20120433
685812,0,0,0,44562.72,10.704653,Lower secondary,52,-3,9,South and Islands,4,0,1.5835923
685891,0,0,0,37225.195,10.524741,Lower secondary,77,22,-28,South and Islands,2,0,0.082835615
685895,0,0,0,26315.68,10.17792,Lower secondary,76,21,-71,South and Islands,2,0,0.29536444
685902,0,0,0,49512.16,10.809974,Upper secondary,49,-6,36,South and Islands,5,1,0.123393804
685905,0,0,0,39640.367,10.587604,Upper secondary,64,9,81,South and Islands,3,0,0.53818303
685906,0,0,0,11378.795,9.339507,Primary or less,70,15,-31,South and Islands,1,1,0.37499225
685965,0,0,0,18869.709,9.845313,Primary or less,75,20,-112,South and Islands,3,1,0.21807131
686014,0,0,0,17200.0,9.752665,Primary or less,54,-1,1,South and Islands,4,1,0.34618998
686133,0,0,0,38599.324,10.56099,Upper secondary,79,24,64,North,1,0,0.64678186
686185,0,0,0,51847.04,10.856053,Upper secondary,64,9,81,Centre,2,1,8.045495
686190,0,0,0,30231.36,10.316635,Primary or less,78,23,17,Centre,2,1,3.750816
686429,0,0,0,15115.68,9.623487,Primary or less,89,34,-124,Centre,1,1,3.1269655
686579,0,0,0,15151.568,9.625859,Primary or less,84,29,73,Centre,1,1,2.0349314
686657,1,1,1,49262.887,10.804926,Upper secondary,69,14,-60,North,1,1,0.47924522
686717,0,0,0,15000.0,9.615806,Lower secondary,61,6,36,North,2,1,1.7196419
686806,0,0,0,3900.0,8.268732,Primary or less,54,-1,1,Centre,2,1,1.7303151
686863,0,0,0,20515.852,9.928953,Primary or less,87,32,0,South and Islands,1,1,3.3851619
686866,0,0,0,71210.79,11.1734,Upper secondary,28,-27,-39,South and Islands,4,0,2.7733517
686913,0,0,0,21852.35,9.9920635,Primary or less,82,27,-39,South and Islands,2,0,2.093665
687007,0,0,0,18810.0,9.842144,Primary or less,89,34,-124,Centre,1,1,0.72295946
687018,0,0,0,28589.03,10.260778,Primary or less,90,35,-55,Centre,1,1,2.0571768
687022,0,0,0,44498.836,10.703218,Upper secondary,57,2,4,Centre,2,1,3.124036
687039,0,0,0,18087.648,9.802984,Primary or less,90,35,-55,South and Islands,1,1,2.5674253
687070,0,0,0,29104.504,10.278648,Primary or less,61,6,36,North,2,0,0.32285628
687164,0,0,0,25586.83,10.149833,Primary or less,71,16,0,South and Islands,1,0,2.3855023
687250,0,0,0,75499.87,11.231886,University,72,17,33,North,2,0,0.11961745
687287,0,0,0,29360.0,10.287389,Lower secondary,68,13,-87,South and Islands,4,1,1.557815
687291,0,0,0,22355.207,10.014814,Lower secondary,75,20,-112,South and Islands,2,1,0.77285993
687321,0,0,0,45553.312,10.726639,Upper secondary,48,-7,49,South and Islands,4,1,2.5876863
687328,0,0,0,13696.446,9.524892,Lower secondary,78,23,17,South and Islands,1,1,2.884609
687404,1,1,0,81982.34,11.31426,University,72,17,33,North,2,0,0.40531477
687685,0,0,0,15744.178,9.664226,Primary or less,78,23,17,North,1,1,5.468871
687699,0,0,0,52932.348,10.87677,University,60,5,25,North,2,0,2.9489033
687849,0,0,0,21204.076,9.961948,Lower secondary,52,-3,9,South and Islands,2,0,1.6636384
687892,0,0,0,29947.04,10.307186,Primary or less,81,26,-92,South and Islands,2,1,2.438417
687934,0,0,0,46867.04,10.75507,Upper secondary,42,-13,-87,North,6,1,1.0261881
687971,0,0,0,32518.816,10.389574,Lower secondary,79,24,64,Centre,3,1,1.1909968
687987,0,0,0,33000.0,10.404263,Lower secondary,63,8,64,North,4,0,5.3164616
687990,1,1,0,42077.098,10.647259,Upper secondary,79,24,64,North,2,0,2.1962655
688194,0,0,0,70434.84,11.162443,Upper secondary,76,21,-71,North,2,0,0.3762904
688250,0,0,0,9014.732,9.106615,Lower secondary,60,5,25,South and Islands,2,1,3.6475444
688264,0,0,0,25722.4,10.155118,Upper secondary,48,-7,49,South and Islands,4,1,8.015135
700037,0,0,0,16203.136,9.69296,Lower secondary,52,-3,9,South and Islands,3,1,0.32579294
700729,0,0,0,7151.329,8.875053,Primary or less,82,27,-39,North,2,1,0.74604136
700740,0,0,0,23900.0,10.081634,Lower secondary,62,7,49,North,4,0,1.4321362
701240,0,0,0,24215.68,10.094755,Lower secondary,56,1,1,South and Islands,3,0,0.6114195
701579,0,0,0,38597.04,10.560931,Upper secondary,84,29,73,North,2,0,0.56234026
702643,0,0,0,28615.68,10.26171,Primary or less,84,29,73,Centre,3,0,3.3100736
703258,1,0,1,38480.08,10.557896,Upper secondary,82,27,-39,Centre,2,0,0.43119326
703830,0,0,0,51645.973,10.852167,Upper secondary,74,19,105,Centre,2,0,0.6083989
704702,0,0,0,20760.0,9.9407835,Lower secondary,59,4,16,Centre,1,1,0.72568053
704752,0,0,0,33228.223,10.411155,University,73,18,68,Centre,1,0,0.6102683
704766,0,0,0,8192.509,9.010976,Primary or less,82,27,-39,Centre,1,1,1.274192
704911,0,0,0,25331.36,10.139798,Lower secondary,64,9,81,Centre,2,0,0.5879005
705116,0,0,0,32077.04,10.3758955,Upper secondary,44,-11,121,North,4,0,0.908211
705244,0,0,0,38410.344,10.556082,Lower secondary,78,23,17,North,2,0,0.6991617
706224,0,0,0,21002.508,9.952397,Lower secondary,64,9,81,South and Islands,3,0,1.01767
706234,0,0,0,16204.409,9.693039,Primary or less,89,34,-124,South and Islands,2,0,0.417066
706258,0,0,0,67320.17,11.117215,University,74,19,105,South and Islands,1,0,0.088573545
706422,0,0,0,29070.53,10.27748,Lower secondary,61,6,36,North,1,0,2.5655878
706448,0,0,0,22453.113,10.019184,University,85,30,-124,North,1,0,1.7025933
706634,0,0,0,65266.797,11.086239,Lower secondary,61,6,36,Centre,3,0,0.5498492
706727,1,1,0,85785.75,11.359609,Lower secondary,77,22,-28,North,2,1,0.06273408
706900,0,0,0,50809.055,10.83583,Upper secondary,79,24,64,North,3,0,1.7389331
706921,0,0,0,8855.68,9.088815,Upper secondary,73,18,68,North,1,1,1.2868998
707104,0,0,0,3902.806,8.269451,Lower secondary,45,-10,100,Centre,2,1,0.49887457
707253,0,0,0,29922.941,10.306381,Upper secondary,64,9,81,Centre,1,1,0.3714918
707312,0,0,0,56782.906,10.946991,University,70,15,-31,North,2,0,0.108532585
707523,1,1,0,34561.137,10.450485,Upper secondary,72,17,33,North,1,1,5.330973
707857,0,0,0,41229.164,10.626902,University,80,25,113,North,1,1,0.65377206
708219,1,1,0,65602.48,11.091369,Upper secondary,76,21,-71,Centre,2,0,0.627747
708747,0,0,0,3361.2544,8.1200695,Lower secondary,42,-13,-87,North,2,1,1.001566
709420,0,0,0,51491.66,10.849175,Upper secondary,68,13,-87,North,3,0,0.43752593
709438,0,0,0,20519.51,9.9291315,Lower secondary,76,21,-71,North,1,1,0.7683788
709470,1,1,0,37450.383,10.530772,Upper secondary,71,16,0,North,2,0,0.33166543
709803,0,0,0,46321.953,10.743371,Upper secondary,81,26,-92,Centre,2,0,0.40102655
710507,0,0,0,15821.882,9.669149,Lower secondary,70,15,-31,South and Islands,3,0,0.083452545
710556,0,0,0,48721.26,10.793871,Upper secondary,44,-11,121,South and Islands,3,0,0.33165446
710606,0,0,0,31829.408,10.368146,Primary or less,84,29,73,Centre,2,1,0.53168726
710905,0,0,0,8450.0,9.041922,Primary or less,87,32,0,South and Islands,1,1,0.53117085
711014,1,1,0,34802.184,10.457436,Lower secondary,67,12,-112,North,2,1,0.6147406
712022,0,0,0,16210.505,9.693415,Primary or less,82,27,-39,North,1,1,5.3001966
712141,0,0,0,53077.805,10.879514,Upper secondary,74,19,105,North,2,0,0.5399566
712244,0,0,0,11812.544,9.376917,Primary or less,60,5,25,North,1,1,0.96552736
713319,0,0,0,15437.282,9.644541,University,48,-7,49,South and Islands,4,1,0.5559377
713400,0,0,0,27556.91,10.224009,Upper secondary,52,-3,9,South and Islands,5,1,3.3512845
713700,1,1,0,104906.85,11.560828,University,46,-9,81,Centre,4,0,1.1292356
713811,0,0,0,41215.016,10.626558,Upper secondary,74,19,105,Centre,2,0,0.73721755
713837,0,0,0,61540.312,11.027448,Upper secondary,67,12,-112,Centre,3,0,0.9529348
713844,0,0,0,32643.902,10.393414,University,70,15,-31,Centre,1,1,0.66396177
714021,0,0,0,24631.703,10.11179,Lower secondary,71,16,0,Centre,3,0,1.1111178
714416,0,0,0,14412.544,9.575854,Lower secondary,47,-8,64,South and Islands,2,0,3.7835293
714430,0,0,0,28187.277,10.246626,Primary or less,79,24,64,South and Islands,2,0,0.83689874
714437,0,0,0,17464.742,9.76794,Primary or less,76,21,-71,South and Islands,4,0,0.8816643
714622,0,0,0,26927.36,10.200898,Lower secondary,82,27,-39,South and Islands,2,1,0.31094617
714734,0,0,0,9201.143,9.127083,Lower secondary,50,-5,25,South and Islands,2,1,0.17016204
714820,0,0,0,10563.662,9.265175,Primary or less,89,34,-124,North,1,1,1.4515274
715065,0,0,0,69815.6,11.153613,Upper secondary,57,2,4,North,2,1,0.3602398
716834,0,0,0,37516.62,10.532539,University,56,1,1,South and Islands,2,0,1.9030122
716849,0,0,0,44605.016,10.705602,Lower secondary,58,3,9,South and Islands,3,1,5.427954
716908,1,1,0,41533.94,10.634266,Lower secondary,75,20,-112,North,2,0,0.25908178
716937,0,0,0,74343.61,11.216453,Upper secondary,59,4,16,North,3,1,0.58788085
717014,0,0,0,32545.352,10.390389,Lower secondary,65,10,100,Centre,2,0,0.436494
717242,1,1,0,41139.73,10.62473,Lower secondary,81,26,-92,North,2,0,1.1785054
717669,0,0,0,35158.125,10.467611,Upper secondary,49,-6,36,North,5,0,3.3117502
717809,0,0,0,16800.0,9.729135,Lower secondary,50,-5,25,South and Islands,4,0,0.26004863
717900,0,0,0,65047.04,11.082866,University,47,-8,64,South and Islands,4,0,0.24428238
718006,0,0,0,28016.898,10.240563,Upper secondary,51,-4,16,South and Islands,1,0,0.31676343
718674,0,0,0,108698.055,11.596329,University,72,17,33,North,2,0,1.061501
718832,0,0,0,42803.066,10.664365,Lower secondary,70,15,-31,North,2,0,0.73517704
719613,0,0,0,51294.08,10.84533,Upper secondary,64,9,81,South and Islands,2,1,1.3936787
719666,0,0,0,13200.0,9.487972,Lower secondary,53,-2,4,South and Islands,1,0,0.35878065
719763,0,0,0,21303.45,9.966624,Upper secondary,82,27,-39,South and Islands,1,1,0.8204321
719840,0,0,0,37310.113,10.5270195,Lower secondary,66,11,121,South and Islands,4,0,0.4965565
720117,1,0,1,267305.78,12.496148,University,54,-1,1,South and Islands,4,1,0.08304736
720416,0,0,0,25767.248,10.156859,Primary or less,77,22,-28,South and Islands,2,0,1.2914721
720603,0,0,0,13864.0,9.537051,Lower secondary,34,-21,-71,South and Islands,6,1,0.72431004
720634,0,0,0,25215.68,10.1352215,Lower secondary,68,13,-87,South and Islands,2,0,0.061580732
720889,0,0,0,15929.406,9.675922,Primary or less,83,28,16,South and Islands,2,1,0.09598437
721548,0,0,0,37286.62,10.52639,Lower secondary,66,11,121,North,2,0,0.8015554
721843,0,0,0,33063.52,10.406186,Upper secondary,73,18,68,Centre,2,0,0.5257935
721871,0,0,0,51406.273,10.847515,Upper secondary,60,5,25,Centre,3,0,0.92635214
722310,0,0,0,44662.72,10.706895,Upper secondary,73,18,68,North,2,0,0.5631236
722331,0,0,0,43493.508,10.6803665,Lower secondary,76,21,-71,North,2,1,0.5840303
723200,0,0,0,27715.438,10.229745,Primary or less,82,27,-39,South and Islands,1,1,2.270302
723207,0,0,0,26047.562,10.16768,Lower secondary,49,-6,36,South and Islands,2,1,5.5679016
723666,1,1,0,60202.9,11.005476,Upper secondary,81,26,-92,Centre,2,1,0.55310637
724211,0,0,0,10068.467,9.217164,Primary or less,78,23,17,South and Islands,1,1,3.4874206
724213,0,0,0,17613.17,9.776402,Upper secondary,52,-3,9,South and Islands,1,0,7.8887434
724509,0,0,0,16651.1,9.720232,Lower secondary,76,21,-71,South and Islands,2,0,1.8827093
724523,0,0,0,10100.0,9.220291,Upper secondary,65,10,100,South and Islands,1,0,1.817961
724543,0,0,0,71444.414,11.176675,Upper secondary,70,15,-31,South and Islands,4,0,3.3300817
724635,0,0,0,27662.594,10.227837,Upper secondary,38,-17,33,North,2,1,8.07113
724899,1,1,1,70594.84,11.164712,Upper secondary,59,4,16,North,2,1,0.38058034
725236,0,0,0,15147.314,9.625579,Primary or less,82,27,-39,North,1,1,0.99072385
725716,0,0,0,78884.67,11.275743,University,54,-1,1,South and Islands,4,0,0.57830113
725726,0,0,0,13800.0,9.532424,Primary or less,73,18,68,South and Islands,3,1,0.45871755
726553,1,1,0,86624.0,11.369332,Upper secondary,60,5,25,Centre,3,0,0.21516962
726906,0,0,0,18440.0,9.822277,Lower secondary,65,10,100,South and Islands,4,0,0.84313303
726932,0,0,0,11341.359,9.336211,Primary or less,84,29,73,South and Islands,1,1,2.2406304
727039,1,0,1,69929.95,11.15525,University,54,-1,1,Centre,4,0,1.3753846
727477,0,0,0,10320.313,9.241869,Primary or less,48,-7,49,South and Islands,4,0,0.3854704
728306,0,0,0,85171.86,11.352427,Upper secondary,69,14,-60,North,2,0,0.45676762
730333,0,0,0,24817.324,10.119297,Upper secondary,61,6,36,Centre,1,1,4.4557915
730402,1,1,0,83912.555,11.33753,University,61,6,36,North,2,0,1.6413789
730430,1,1,0,47805.137,10.774888,Upper secondary,48,-7,49,North,3,1,6.4577703
730876,0,0,0,23217.734,10.052671,Lower secondary,57,2,4,South and Islands,3,1,0.8460614
732013,0,0,0,31857.076,10.369015,Upper secondary,56,1,1,South and Islands,4,0,2.401241
732466,0,0,0,26026.271,10.166862,Primary or less,89,34,-124,South and Islands,2,0,1.8182774
733351,0,0,0,31611.045,10.361262,Primary or less,67,12,-112,South and Islands,2,1,0.08030488
733363,0,0,0,38006.02,10.5455,Upper secondary,52,-3,9,South and Islands,3,0,0.11656897
733605,0,0,0,27029.336,10.204679,Lower secondary,95,40,64,North,1,0,2.2624857
733713,0,0,0,6719.515,8.812771,Upper secondary,71,16,0,South and Islands,1,1,0.23925489
733755,0,0,0,42475.438,10.656681,University,56,1,1,South and Islands,2,1,0.053261533
734264,0,0,0,16689.408,9.722529,Upper secondary,78,23,17,Centre,2,0,0.43963218
735005,0,0,0,3780.0,8.237479,Lower secondary,51,-4,16,South and Islands,1,0,0.48056692
735143,0,0,0,78401.97,11.269605,Upper secondary,59,4,16,North,3,0,0.29673073
735401,0,0,0,78500.66,11.270863,University,51,-4,16,Centre,4,1,0.361567
735621,0,0,0,60714.113,11.013931,Upper secondary,58,3,9,South and Islands,4,0,0.15730518
735659,1,1,1,64105.984,11.068293,University,66,11,121,South and Islands,2,0,0.066937074
735677,0,0,0,23406.271,10.06076,Upper secondary,86,31,-63,South and Islands,2,0,0.08337545
736010,0,0,0,18500.0,9.825526,Lower secondary,61,6,36,South and Islands,2,1,0.85625756
736011,0,0,0,34610.395,10.451909,Upper secondary,82,27,-39,South and Islands,2,1,1.0460255
736034,0,0,0,28172.602,10.246105,Primary or less,71,16,0,South and Islands,2,0,1.239867
736206,0,0,0,58650.176,10.979346,Upper secondary,67,12,-112,South and Islands,4,0,1.3084574
736212,0,0,0,45023.52,10.71494,Upper secondary,73,18,68,South and Islands,2,1,1.5322001
736917,1,1,0,64777.484,11.078713,Upper secondary,52,-3,9,North,5,0,0.6661996
736935,1,1,1,82471.336,11.320206,Upper secondary,54,-1,1,North,3,0,0.3642186
736957,0,0,0,90011.03,11.407687,Upper secondary,52,-3,9,North,4,0,0.64371336
737939,0,0,0,13154.704,9.484534,Primary or less,74,19,105,South and Islands,1,0,0.21333095
800003,0,0,0,25859.621,10.160438,University,45,-10,100,North,3,1,1.0854164
800010,0,0,0,29818.97,10.3029,Upper secondary,47,-8,64,North,4,1,0.6737886
800135,0,0,0,22686.271,10.029515,Lower secondary,73,18,68,South and Islands,2,0,0.15868151
800416,0,0,0,13440.0,9.505991,Lower secondary,60,5,25,South and Islands,4,0,0.46201622
800464,0,0,0,49831.36,10.8164,University,62,7,49,South and Islands,3,0,0.17670196
800569,0,0,0,20406.271,9.923597,Primary or less,75,20,-112,North,2,1,1.5881178
800702,0,0,0,50892.742,10.837476,Upper secondary,50,-5,25,North,4,0,7.2875824
800884,0,0,0,4400.0,8.389359,Primary or less,62,7,49,North,1,0,0.37708938
801104,1,1,0,25455.816,10.144699,Primary or less,77,22,-28,North,2,1,2.1592722
801202,0,0,0,25905.645,10.162216,Lower secondary,67,12,-112,South and Islands,2,0,3.4162726
801221,0,0,0,48547.04,10.790289,Upper secondary,63,8,64,South and Islands,2,0,2.2949753
801279,0,0,0,23104.703,10.0477915,Lower secondary,59,4,16,Centre,2,1,1.5423999
801486,0,0,0,38831.36,10.566983,Lower secondary,55,0,0,Centre,3,1,1.212532
801541,0,0,0,20306.514,9.918697,Upper secondary,50,-5,25,Centre,4,1,8.150767
801955,0,0,0,15631.359,9.657035,Lower secondary,45,-10,100,South and Islands,4,0,1.7568207
801972,0,0,0,19530.328,9.879724,Primary or less,60,5,25,South and Islands,2,0,1.3963988
802349,0,0,0,22405.104,10.017044,Upper secondary,45,-10,100,South and Islands,3,1,0.12970522
802905,1,1,1,56623.727,10.944183,Upper secondary,56,1,1,North,3,1,0.35870847
803483,1,1,0,41378.21,10.630509,University,56,1,1,North,1,1,0.30298874
803526,0,0,0,17700.488,9.781347,Upper secondary,55,0,0,South and Islands,4,1,1.6145321
803566,0,0,0,19203.764,9.862862,Primary or less,65,10,100,South and Islands,2,1,0.12851648
803661,0,0,0,32603.31,10.392169,Upper secondary,80,25,113,North,2,0,0.7122128
804209,0,0,0,52450.176,10.867619,Lower secondary,59,4,16,South and Islands,3,0,0.047835834
804515,0,0,0,16600.0,9.717158,Primary or less,91,36,16,South and Islands,1,1,2.2915444
804534,0,0,0,19326.656,9.869241,University,48,-7,49,North,1,1,1.1356431
804720,0,0,0,25201.186,10.134646,University,64,9,81,South and Islands,5,0,0.32612154
805189,0,0,0,10301.568,9.240051,Upper secondary,74,19,105,South and Islands,1,1,0.37628695
805264,1,0,1,102336.09,11.536017,Upper secondary,60,5,25,North,2,0,0.24396631
805330,0,0,0,45887.633,10.733951,Upper secondary,76,21,-71,Centre,2,0,1.7411145
805435,0,0,0,6040.0,8.70616,Primary or less,71,16,0,South and Islands,4,1,0.19429958
805449,0,0,0,24004.703,10.086005,Lower secondary,74,19,105,South and Islands,2,1,0.06877328
805475,0,0,0,14401.568,9.575092,Lower secondary,57,2,4,South and Islands,3,1,0.038684044
805719,0,0,0,19106.271,9.857772,Lower secondary,82,27,-39,North,1,1,0.653693
806339,1,0,1,31173.928,10.347338,Upper secondary,76,21,-71,Centre,1,0,2.4500825
806540,1,0,1,75023.7,11.225559,University,69,14,-60,North,2,0,0.88823116
806560,1,1,0,23401.908,10.060573,University,37,-18,68,North,2,0,1.949791
806563,0,0,0,41202.508,10.626254,Upper secondary,46,-9,81,North,6,0,3.176166
806583,1,1,0,47271.164,10.763656,Lower secondary,60,5,25,North,4,0,5.61869
806586,0,0,0,22802.822,10.034639,Upper secondary,82,27,-39,North,1,1,3.4329388
807146,0,0,0,56687.633,10.945312,Upper secondary,57,2,4,North,3,1,1.3197966
807165,0,0,0,68821.95,11.139278,Upper secondary,78,23,17,North,2,0,0.23277795
807255,0,0,0,56210.29,10.936855,Lower secondary,54,-1,1,Centre,4,0,3.4245768
807303,1,1,1,95230.97,11.464061,University,65,10,100,North,2,1,0.60531014
807625,0,0,0,21022.686,9.953358,Upper secondary,55,0,0,Centre,1,0,0.63933736
808122,0,0,0,24037.635,10.087376,Upper secondary,48,-7,49,Centre,1,1,0.92119306
808169,0,0,0,25312.543,10.139055,Primary or less,78,23,17,South and Islands,2,0,2.510594
808182,0,0,0,11111.638,9.315748,Lower secondary,65,10,100,South and Islands,1,1,3.2181644
809488,0,0,0,35641.758,10.481274,Lower secondary,61,6,36,North,3,0,0.8511787
810104,0,0,0,25301.543,10.13862,Lower secondary,68,13,-87,South and Islands,2,1,1.8706096
810855,0,0,0,16429.29,9.706821,Upper secondary,60,5,25,North,1,1,0.5639476
811807,0,0,0,17226.656,9.754213,Primary or less,83,28,16,North,2,0,0.94589573
812015,0,0,0,93707.836,11.447937,Upper secondary,61,6,36,South and Islands,3,1,0.62064743
812794,0,0,0,31640.768,10.362202,Upper secondary,46,-9,81,South and Islands,3,0,4.2107143
813109,0,0,0,71984.6,11.184208,Upper secondary,68,13,-87,Centre,2,0,0.43422562
813246,0,0,0,23590.0,10.068578,Primary or less,77,22,-28,South and Islands,2,1,1.9800652
813283,0,0,0,44322.58,10.699249,Upper secondary,84,29,73,Centre,2,0,0.11386834
813349,0,0,0,34137.633,10.438156,Upper secondary,66,11,121,Centre,2,0,0.4431708
813379,0,0,0,13342.719,9.498726,Lower secondary,62,7,49,Centre,1,1,1.6807247
813686,1,1,0,42176.6,10.649621,University,82,27,-39,Centre,2,0,0.5086776
813713,1,1,1,40591.613,10.611317,University,77,22,-28,South and Islands,1,0,0.11557273
813912,0,0,0,67395.02,11.118326,Upper secondary,61,6,36,North,4,0,0.3458951
814098,0,0,0,61492.016,11.026663,University,57,2,4,North,1,0,0.18451776
814466,0,0,0,25001.232,10.12668,Upper secondary,74,19,105,North,1,1,0.7455882
814532,0,0,0,209777.9,12.253805,University,85,30,-124,North,2,0,0.3486732
814546,1,1,0,44346.312,10.699785,Lower secondary,83,28,16,North,1,0,0.7557935
814586,1,1,1,84567.73,11.345308,Lower secondary,69,14,-60,North,2,0,0.5198628
814889,1,1,0,49536.91,10.810473,Upper secondary,48,-7,49,South and Islands,4,0,0.16690074
815291,0,0,0,16281.197,9.697766,Primary or less,67,12,-112,Centre,2,0,2.3647854
815415,0,0,0,26326.11,10.178316,Primary or less,77,22,-28,Centre,1,0,2.7602315
815465,0,0,0,29874.078,10.304747,Primary or less,75,20,-112,South and Islands,2,0,1.921902
815960,1,1,0,68081.914,11.128467,Lower secondary,62,7,49,North,3,0,0.73842937
816001,0,0,0,62955.566,11.050184,Upper secondary,82,27,-39,North,3,0,0.5644928
816196,0,0,0,25804.39,10.1583,Upper secondary,58,3,9,South and Islands,1,1,0.58338743
816249,0,0,0,22251.098,10.010147,Primary or less,72,17,33,South and Islands,6,0,0.58845544
816383,0,0,0,15900.0,9.674074,Lower secondary,35,-20,-112,South and Islands,1,0,0.82931536
816433,0,0,0,25601.88,10.150421,Upper secondary,64,9,81,South and Islands,2,1,0.29981565
816827,0,0,0,51353.51,10.846489,Upper secondary,66,11,121,North,3,0,2.0462472
816839,0,0,0,26379.312,10.180335,Primary or less,81,26,-92,North,2,0,2.0089948
816847,0,0,0,72261.61,11.188048,Upper secondary,66,11,121,North,3,0,2.7463186
816897,0,0,0,36414.555,10.502724,Lower secondary,56,1,1,South and Islands,3,1,0.03041616
816919,0,0,0,35047.84,10.464469,Primary or less,56,1,1,South and Islands,3,1,0.18481866
817160,0,0,0,10801.995,9.287486,Lower secondary,66,11,121,South and Islands,3,1,0.47335398
817180,0,0,0,51623.902,10.85174,Upper secondary,60,5,25,South and Islands,3,1,0.30157527
817402,0,0,0,24062.719,10.088419,Lower secondary,64,9,81,South and Islands,1,1,0.31050253
817487,0,0,0,39817.28,10.592056,University,83,28,16,Centre,2,1,0.2526804
817742,0,0,0,6460.0,8.773385,Lower secondary,55,0,0,South and Islands,2,1,1.1116666
817747,0,0,0,32307.04,10.38304,Upper secondary,92,37,89,South and Islands,1,1,0.28977957
817749,0,0,0,21037.01,9.954039,Primary or less,87,32,0,South and Islands,1,1,0.320202
817967,0,0,0,23223.6,10.052924,Lower secondary,49,-6,36,South and Islands,4,0,0.843224
818064,0,0,0,18485.676,9.824752,Primary or less,72,17,33,South and Islands,2,0,0.18813287
818290,0,0,0,6300.0,8.748305,Lower secondary,64,9,81,South and Islands,2,1,0.22531682
818425,1,1,0,45295.5,10.720963,Lower secondary,84,29,73,Centre,2,0,0.44258097
818640,0,0,0,10910.0,9.297435,Primary or less,70,15,-31,South and Islands,2,0,0.11859314
819010,0,0,0,36283.234,10.499111,Upper secondary,58,3,9,North,2,1,0.32621706
819031,0,0,0,15639.016,9.657524,Lower secondary,79,24,64,North,1,0,0.1703965
819156,0,0,0,10201.23,9.230264,Primary or less,91,36,16,South and Islands,3,1,4.8386188
819330,1,1,1,84788.17,11.347912,Upper secondary,67,12,-112,Centre,2,0,0.3067671
819350,0,0,0,49551.707,10.810772,Lower secondary,69,14,-60,Centre,3,0,1.4339272
819433,0,0,0,7800.0,8.961879,Primary or less,69,14,-60,South and Islands,2,1,5.8713694
819575,0,0,0,89267.33,11.399391,University,50,-5,25,Centre,4,0,0.5468426
819653,0,0,0,40877.938,10.618346,Lower secondary,73,18,68,North,2,0,2.1301475
819972,0,0,0,30438.238,10.323455,Lower secondary,72,17,33,South and Islands,2,0,0.14772184
820465,0,0,0,49631.25,10.812376,University,53,-2,4,South and Islands,2,1,0.08405031
820606,0,0,0,56218.664,10.937004,Upper secondary,66,11,121,North,2,0,0.5633755
820675,0,0,0,18866.271,9.845131,Upper secondary,67,12,-112,South and Islands,3,0,0.6978149
820697,1,0,0,37431.285,10.530262,Upper secondary,56,1,1,South and Islands,4,0,4.6757917
820718,0,0,0,10200.0,9.230143,Primary or less,85,30,-124,South and Islands,1,0,3.2921658
821727,0,0,0,67530.06,11.120328,Lower secondary,62,7,49,North,4,0,2.6053994
821789,0,0,0,27321.129,10.215416,Lower secondary,74,19,105,North,2,1,0.5163714
821844,0,0,0,20021.951,9.904585,Upper secondary,64,9,81,South and Islands,1,0,3.2103248
822033,0,0,0,26187.258,10.173028,Lower secondary,83,28,16,North,2,0,1.6135608
822398,0,0,0,27915.89,10.236952,Lower secondary,74,19,105,Centre,2,0,2.149691
822408,0,0,0,24825.438,10.119624,Primary or less,78,23,17,Centre,2,0,2.1225224
823046,0,0,0,23087.63,10.047052,Lower secondary,69,14,-60,South and Islands,2,0,0.19176504
823258,0,0,0,41327.387,10.629281,University,59,4,16,South and Islands,4,0,0.55057395
823338,1,1,1,97728.57,11.489949,Upper secondary,83,28,16,North,3,0,0.026998688
823488,0,0,0,22814.111,10.035134,Lower secondary,73,18,68,South and Islands,2,1,0.09257567
823506,0,0,0,27000.0,10.203592,Lower secondary,60,5,25,South and Islands,4,1,0.2384247
823524,0,0,0,20415.053,9.924027,Lower secondary,75,20,-112,South and Islands,2,0,0.144522
823993,0,0,0,26710.977,10.19283,Upper secondary,84,29,73,Centre,1,0,0.5349133
824637,0,0,0,45268.992,10.720378,Upper secondary,84,29,73,South and Islands,3,0,0.15511061
824730,0,0,0,17223.52,9.754031,Primary or less,86,31,-63,South and Islands,1,1,0.26460576
824734,0,0,0,16610.768,9.717807,Lower secondary,71,16,0,South and Islands,3,1,0.5772164
824735,0,0,0,47528.973,10.769094,Upper secondary,59,4,16,South and Islands,2,0,0.17531914
824824,1,0,1,42902.883,10.666695,Upper secondary,50,-5,25,South and Islands,4,0,0.32797763
825889,0,0,0,25345.012,10.140337,Upper secondary,57,2,4,North,3,1,0.5903103
826006,0,0,0,22580.383,10.024837,Lower secondary,63,8,64,South and Islands,2,1,0.19949853
826115,0,0,0,30542.906,10.326888,Lower secondary,72,17,33,North,2,0,1.4357631
826234,0,0,0,48610.81,10.791601,University,50,-5,25,North,3,1,0.647659
826307,0,0,0,20359.582,9.921307,Primary or less,87,32,0,North,1,0,4.9613733
826456,0,0,0,44536.316,10.704061,Upper secondary,56,1,1,North,4,0,0.35141137
827146,0,0,0,18828.223,9.843112,Primary or less,69,14,-60,South and Islands,1,1,0.98902583
827188,0,0,0,21131.36,9.958513,Upper secondary,72,17,33,South and Islands,4,0,0.2235328
827386,0,0,0,14403.485,9.575226,Primary or less,78,23,17,North,1,1,0.69981956
827639,0,0,0,20917.477,9.94834,Primary or less,83,28,16,Centre,1,1,2.9926412
827847,0,0,0,19512.197,9.878795,Upper secondary,80,25,113,South and Islands,2,0,0.32823798
850013,0,0,0,19397.63,9.872907,Upper secondary,52,-3,9,Centre,1,0,2.673616
851025,0,0,0,21603.137,9.980594,Lower secondary,66,11,121,South and Islands,4,0,0.12540196
851151,0,0,0,18000.0,9.798127,Primary or less,74,19,105,South and Islands,2,1,1.2662863
851172,0,0,0,71524.49,11.177795,University,62,7,49,South and Islands,4,0,2.2970655
851493,0,0,0,46127.336,10.7391615,Lower secondary,89,34,-124,North,2,0,0.2962321
851504,0,0,0,20524.252,9.929362,Upper secondary,82,27,-39,North,2,0,0.35636914
851693,0,0,0,16081.359,9.685416,Primary or less,85,30,-124,North,1,1,3.5268958
851703,0,0,0,38564.633,10.560091,Lower secondary,50,-5,25,North,3,1,8.131326
851874,0,0,0,12700.0,9.449357,Lower secondary,61,6,36,Centre,2,0,0.87756485
851937,1,1,0,37591.25,10.534527,Upper secondary,74,19,105,Centre,1,1,0.90086305
851968,0,0,0,45100.35,10.716645,Upper secondary,54,-1,1,Centre,4,1,1.6756661
852021,0,0,0,30206.271,10.3158045,Lower secondary,68,13,-87,Centre,2,0,0.64669365
852070,0,0,0,25049.408,10.128606,Upper secondary,54,-1,1,Centre,4,0,4.1699696
852130,0,0,0,38681.195,10.563108,Upper secondary,62,7,49,Centre,2,0,0.57756346
852140,0,0,0,50290.652,10.825575,Upper secondary,40,-15,-31,Centre,4,1,1.1230506
852283,0,0,0,15400.0,9.642123,Lower secondary,45,-10,100,South and Islands,4,1,0.2817661
852574,1,0,1,49087.562,10.801361,Lower secondary,74,19,105,North,3,0,0.36073208
853279,0,0,0,22560.0,10.023933,Upper secondary,78,23,17,South and Islands,1,0,1.3098048
853318,0,0,0,24200.0,10.094108,Primary or less,58,3,9,South and Islands,2,1,1.2534447
853352,0,0,0,27705.115,10.229372,Lower secondary,75,20,-112,North,2,0,0.7798681
853569,0,0,0,28025.307,10.240863,Upper secondary,61,6,36,South and Islands,4,1,0.028781297
853875,0,0,0,24981.88,10.125906,Upper secondary,70,15,-31,South and Islands,2,1,1.6752311
854112,0,0,0,27227.63,10.2119875,University,37,-18,68,South and Islands,1,0,0.7302138
854163,0,0,0,40312.043,10.604405,Upper secondary,76,21,-71,North,2,0,1.2178081
854306,0,0,0,49522.23,10.810177,Upper secondary,76,21,-71,North,2,0,0.3715131
854346,0,0,0,45629.793,10.728316,Primary or less,57,2,4,South and Islands,3,1,0.6049398
854406,0,0,0,24215.68,10.094755,Lower secondary,78,23,17,South and Islands,2,0,0.21281274
854554,0,0,0,20028.223,9.904898,Primary or less,82,27,-39,South and Islands,1,1,0.2600283
854559,0,0,0,20331.36,9.91992,Upper secondary,66,11,121,South and Islands,2,1,0.36852255
854593,0,0,0,24204.703,10.094302,University,27,-28,16,South and Islands,4,1,0.15499753
854714,0,0,0,16621.951,9.718479,Primary or less,87,32,0,North,2,0,1.367427
854730,1,1,1,53738.52,10.891886,Upper secondary,57,2,4,North,3,0,0.71867573
854858,0,0,0,32258.086,10.381524,Lower secondary,67,12,-112,South and Islands,3,0,0.16493241
855035,0,0,0,42232.25,10.65094,Primary or less,85,30,-124,North,3,0,4.7411985
855111,1,0,1,56329.348,10.938971,Upper secondary,62,7,49,Centre,4,0,2.586616
855135,0,0,0,23410.0,10.060919,Lower secondary,58,3,9,Centre,2,1,4.2096663
855259,1,1,1,65864.67,11.095358,Upper secondary,71,16,0,Centre,2,0,0.06429727
855268,0,0,0,47947.04,10.777852,Upper secondary,42,-13,-87,Centre,3,0,0.9390832
855295,0,0,0,13121.884,9.482037,Primary or less,77,22,-28,North,1,1,2.3105216
855376,0,0,0,35298.953,10.471608,Lower secondary,62,7,49,Centre,2,0,0.9193155
855417,0,0,0,7852.8154,8.968627,Upper secondary,61,6,36,Centre,1,0,0.38569936
855534,0,0,0,24852.959,10.120732,Lower secondary,82,27,-39,South and Islands,2,0,1.7763317
855790,0,0,0,17441.932,9.766632,Upper secondary,69,14,-60,Centre,1,1,6.9956985
855792,0,0,0,35513.59,10.477671,Upper secondary,72,17,33,Centre,2,0,1.7006376
855809,0,0,0,18610.734,9.831493,Primary or less,92,37,89,Centre,2,1,3.991961
856128,0,0,0,20300.0,9.918376,Lower secondary,65,10,100,Centre,2,1,0.6536345
856297,0,0,0,92013.04,11.429686,University,51,-4,16,South and Islands,3,0,0.3492616
856327,0,0,0,15407.624,9.642618,Upper secondary,69,14,-60,Centre,1,1,0.4406456
856759,0,0,0,30247.04,10.317154,University,62,7,49,Centre,1,0,1.121623
857044,0,0,0,10320.0,9.241839,Primary or less,84,29,73,South and Islands,1,1,0.50012267
857107,0,0,0,27984.268,10.239398,Upper secondary,65,10,100,South and Islands,2,0,0.80065346
857273,0,0,0,63209.22,11.054206,Upper secondary,56,1,1,South and Islands,5,0,6.1370707
857466,0,0,0,41010.977,10.621595,Upper secondary,63,8,64,South and Islands,2,1,1.8219677
857467,0,0,0,18090.768,9.803157,Primary or less,60,5,25,South and Islands,3,1,2.9945877
857621,0,0,0,21100.627,9.957058,Lower secondary,82,27,-39,North,1,0,1.3735476
857670,0,0,0,22335.3,10.013924,Upper secondary,71,16,0,North,1,0,0.9007946
857718,0,0,0,19365.354,9.871241,Upper secondary,79,24,64,North,1,1,0.90129447
858474,0,0,0,36612.2,10.508137,Upper secondary,83,28,16,North,1,1,0.34806633
858534,0,0,0,49031.36,10.800216,Upper secondary,49,-6,36,Centre,5,1,1.0067223
859360,0,0,0,32926.656,10.402038,Upper secondary,39,-16,0,South and Islands,5,1,8.506775
859449,0,0,0,32231.951,10.380713,Lower secondary,76,21,-71,Centre,2,0,0.5953389
859459,0,0,0,136544.66,11.824407,Upper secondary,61,6,36,Centre,4,0,2.5188746
859507,0,0,0,27815.68,10.2333555,Lower secondary,55,0,0,South and Islands,5,0,0.6111812
859573,0,0,0,27324.703,10.215547,Upper secondary,51,-4,16,South and Islands,5,0,3.7419868
859592,1,1,1,94406.83,11.455369,University,65,10,100,South and Islands,3,0,0.30789468
859616,0,0,0,96718.94,11.479565,Upper secondary,60,5,25,South and Islands,1,0,0.43031672
859696,0,0,0,9000.313,9.105015,Primary or less,67,12,-112,South and Islands,1,1,0.32799467
859908,0,0,0,19384.252,9.872216,Upper secondary,64,9,81,North,1,0,0.80154544
859920,0,0,0,21606.586,9.980754,Lower secondary,43,-12,-112,North,4,0,0.9428528
860095,0,0,0,68734.4,11.138005,University,54,-1,1,North,1,1,1.2108746
860127,0,0,0,130674.164,11.780462,University,42,-13,-87,North,3,0,0.18095997
860573,0,0,0,51228.89,10.844059,Upper secondary,59,4,16,North,3,0,1.0212795
860688,0,0,0,29819.46,10.302917,Upper secondary,70,15,-31,Centre,3,1,1.9197222
860704,0,0,0,54893.836,10.9131565,Upper secondary,55,0,0,Centre,4,0,3.9561014
860757,0,0,0,19035.0,9.854034,Lower secondary,79,24,64,South and Islands,2,0,3.1986258
860780,0,0,0,19677.248,9.887218,Lower secondary,63,8,64,South and Islands,2,0,0.74656117
860783,0,0,0,7555.6797,8.930055,Primary or less,84,29,73,South and Islands,1,1,3.5448291
860799,1,0,0,69894.41,11.154741,Upper secondary,72,17,33,Centre,2,0,2.1101646
860900,0,0,0,23163.16,10.050319,Lower secondary,64,9,81,South and Islands,2,0,0.578496
860929,0,0,0,26113.256,10.170198,Primary or less,92,37,89,Centre,1,1,1.9656748
860940,0,0,0,43022.117,10.66947,Upper secondary,71,16,0,Centre,2,0,1.6059201
860985,1,1,0,79249.836,11.28036,Lower secondary,63,8,64,North,3,0,2.4447062
861061,0,0,0,86797.53,11.371333,University,61,6,36,North,4,0,0.9365633
861065,0,0,0,47471.445,10.767883,University,83,28,16,North,2,0,0.29462567
861471,0,0,0,14021.568,9.548352,Upper secondary,66,11,121,Centre,2,0,1.4218836
861581,0,0,0,39018.504,10.571792,Lower secondary,62,7,49,South and Islands,4,1,0.031042112
861584,0,0,0,39755.355,10.5905,Upper secondary,78,23,17,South and Islands,4,1,0.024314288
861954,0,0,0,31286.771,10.35095,Upper secondary,61,6,36,South and Islands,3,0,0.7535399
861992,1,1,0,29501.65,10.292202,University,71,16,0,Centre,1,0,0.3404316
862003,0,0,0,32026.271,10.374311,Primary or less,74,19,105,Centre,2,0,0.387978
862146,0,0,0,55807.84,10.929669,Lower secondary,56,1,1,South and Islands,4,1,0.4959776
862150,0,0,0,39415.68,10.581919,Upper secondary,49,-6,36,South and Islands,3,0,0.9967704
862168,0,0,0,16142.753,9.689226,Lower secondary,66,11,121,South and Islands,4,0,1.2213917
862302,0,0,0,18115.68,9.804533,Primary or less,75,20,-112,South and Islands,2,0,0.35131028
862314,0,0,0,33202.195,10.410372,Lower secondary,77,22,-28,South and Islands,1,0,0.27482542
862358,0,0,0,12000.0,9.392662,Primary or less,55,0,0,South and Islands,3,1,0.40631965
862416,0,0,0,12350.0,9.4214115,Lower secondary,61,6,36,South and Islands,1,1,0.2767374
862455,0,0,0,52031.36,10.859602,Upper secondary,48,-7,49,South and Islands,4,0,0.40595886
862462,0,0,0,23818.816,10.078231,Upper secondary,62,7,49,South and Islands,3,0,0.32888323
862466,0,0,0,7493.1357,8.921742,Upper secondary,48,-7,49,South and Islands,3,0,0.74080247
862583,0,0,0,57237.188,10.954959,Upper secondary,55,0,0,Centre,3,0,1.0165968
862590,0,0,0,53559.934,10.8885565,Upper secondary,58,3,9,North,5,0,2.0751657
862789,0,0,0,1.5679636,0.44977772,Primary or less,84,29,73,Centre,1,1,0.8939964
862826,0,0,0,14776.568,9.600798,Upper secondary,62,7,49,Centre,1,1,0.8446344
862853,0,0,0,26511.742,10.185343,Upper secondary,69,14,-60,Centre,1,1,0.600506
862877,0,0,0,36647.04,10.509088,Lower secondary,82,27,-39,South and Islands,2,1,0.22492544
862939,1,0,1,99949.95,11.512424,University,83,28,16,North,1,0,0.08845134
863223,0,0,0,26703.139,10.192536,Lower secondary,65,10,100,South and Islands,2,0,1.4174517
863308,1,0,1,70331.42,11.160974,University,78,23,17,Centre,1,1,1.3035263
863387,0,0,0,85609.76,11.357554,Upper secondary,78,23,17,North,3,1,0.29845884
863402,1,1,0,80152.41,11.291685,Upper secondary,63,8,64,North,2,0,0.43852827
863458,0,0,0,23165.645,10.050426,Upper secondary,76,21,-71,South and Islands,1,1,0.17583218
863575,0,0,0,39159.742,10.575404,Primary or less,83,28,16,North,2,0,4.274045
863673,1,1,1,80639.02,11.297738,Upper secondary,84,29,73,Centre,1,1,0.3181796
864133,1,1,0,98843.53,11.501293,University,68,13,-87,North,2,0,0.048068956
864754,0,0,0,16626.271,9.7187395,Upper secondary,68,13,-87,South and Islands,2,1,0.11281968
865481,0,0,0,4403.763,8.390215,Lower secondary,54,-1,1,South and Islands,3,1,0.5650974
865483,0,0,0,12001.568,9.392793,Upper secondary,58,3,9,South and Islands,3,1,0.3034003
865491,0,0,0,18000.0,9.798127,Lower secondary,55,0,0,South and Islands,3,1,0.1829376
865494,0,0,0,20009.408,9.903958,Lower secondary,62,7,49,South and Islands,2,1,0.16385937
865498,0,0,0,26597.746,10.188581,Primary or less,59,4,16,South and Islands,3,1,0.16956773
865500,0,0,0,45324.703,10.721607,Lower secondary,55,0,0,South and Islands,4,1,0.09957237
865504,0,0,0,28014.111,10.240463,Upper secondary,60,5,25,South and Islands,2,0,0.20872594
865680,0,0,0,27256.271,10.213039,Primary or less,90,35,-55,South and Islands,2,0,0.11485825
865764,0,0,0,19390.0,9.872513,Primary or less,94,39,-15,North,1,1,0.6056122
865780,0,0,0,43697.883,10.685055,Upper secondary,68,13,-87,North,2,1,0.49487156
865806,1,1,0,65944.875,11.096575,Upper secondary,49,-6,36,Centre,4,0,0.849792
865882,1,1,0,41362.387,10.630127,Upper secondary,82,27,-39,North,1,0,0.87225384
866386,0,0,0,20075.758,9.907269,Lower secondary,82,27,-39,South and Islands,1,0,0.25511062
866960,0,0,0,45604.703,10.727766,Upper secondary,78,23,17,South and Islands,2,0,0.07874273
867090,0,0,0,15440.0,9.644717,Primary or less,71,16,0,South and Islands,1,1,0.23940043
867104,0,0,0,9609.408,9.170498,Primary or less,61,6,36,South and Islands,1,1,0.2128833
867205,0,0,0,30755.898,10.3338375,Upper secondary,48,-7,49,North,4,1,3.8780148
867344,1,1,1,106808.57,11.578794,University,72,17,33,North,2,0,0.026828988
867373,0,0,0,35656.445,10.481686,Primary or less,86,31,-63,North,2,1,0.3413875
867653,0,0,0,27773.52,10.231838,Upper secondary,58,3,9,North,4,0,1.7395461
867784,1,1,0,56281.215,10.938116,Upper secondary,50,-5,25,North,3,0,0.5011778
867914,0,0,0,19975.088,9.902241,Upper secondary,57,2,4,South and Islands,5,0,0.6335002
868093,0,0,0,32317.295,10.383358,Upper secondary,50,-5,25,North,5,1,2.6402082
868098,0,0,0,25908.191,10.162314,Upper secondary,44,-11,121,North,3,1,2.1028736
868165,0,0,0,19509.408,9.878653,Primary or less,73,18,68,South and Islands,3,0,0.7849959
868294,0,0,0,20515.68,9.928945,Primary or less,42,-13,-87,South and Islands,5,0,1.1705877
868337,0,0,0,45345.793,10.722073,Upper secondary,54,-1,1,South and Islands,4,0,0.7855972
868406,1,1,0,50304.777,10.825855,Upper secondary,48,-7,49,Centre,4,0,1.1149606
868474,0,0,0,56818.816,10.947623,Upper secondary,67,12,-112,South and Islands,2,0,0.52803135
868583,0,0,0,34762.977,10.456308,Lower secondary,65,10,100,South and Islands,3,0,2.2566679
868805,0,0,0,20660.0,9.935955,Primary or less,48,-7,49,South and Islands,5,0,1.2927899
868843,0,0,0,20250.176,9.915918,Lower secondary,61,6,36,North,2,0,0.2524549
869003,0,0,0,28166.428,10.245886,University,53,-2,4,Centre,1,1,0.92214155
869043,1,1,0,63233.145,11.054584,University,41,-14,-60,North,4,1,0.7645231
871009,0,0,0,14284.704,9.566945,Lower secondary,57,2,4,South and Islands,5,0,0.31821156
871078,0,0,0,12442.784,9.428896,Primary or less,79,24,64,South and Islands,1,1,0.362857
871237,0,0,0,36954.234,10.517436,Upper secondary,71,16,0,South and Islands,4,0,0.3238798
871272,0,0,0,8401.568,9.036174,Lower secondary,55,0,0,South and Islands,1,0,0.1780623
871273,0,0,0,41571.36,10.635167,University,72,17,33,South and Islands,2,1,0.03395807
871320,1,1,0,82209.15,11.317022,University,67,12,-112,North,2,0,0.34768128
871533,0,0,0,28647.04,10.262805,Lower secondary,52,-3,9,North,3,1,1.9151578
871697,1,1,0,85564.67,11.357028,Upper secondary,48,-7,49,North,4,1,2.9366205
871747,0,0,0,16536.68,9.713336,Primary or less,74,19,105,South and Islands,2,1,3.276798
871798,0,0,0,14100.0,9.55393,Upper secondary,43,-12,-112,Centre,1,0,8.028944
871807,0,0,0,11051.254,9.310299,Primary or less,90,35,-55,Centre,1,1,1.9569674
871811,1,0,1,27351.314,10.21652,University,47,-8,64,Centre,1,0,6.2931376
872027,0,0,0,32093.285,10.376402,Upper secondary,67,12,-112,Centre,2,0,0.5052799
872107,0,0,0,19100.0,9.857444,Lower secondary,76,21,-71,Centre,2,0,2.2645867
872112,0,0,0,29372.443,10.287812,Upper secondary,63,8,64,Centre,1,0,2.8506129
872122,0,0,0,17809.408,9.787482,Upper secondary,59,4,16,Centre,3,0,3.4996195
872133,1,1,0,39949.35,10.595367,Lower secondary,71,16,0,Centre,2,0,1.0960659
872161,0,0,0,14681.359,9.594334,Upper secondary,56,1,1,Centre,2,0,2.8289518
872166,0,0,0,9331.359,9.141136,Upper secondary,53,-2,4,Centre,1,0,8.027409
872190,0,0,0,22810.268,10.034966,Upper secondary,43,-12,-112,Centre,1,1,2.6158378
872306,0,0,0,53656.75,10.890363,University,87,32,0,North,2,0,0.48860553
872633,0,0,0,12000.0,9.392662,Primary or less,59,4,16,South and Islands,1,1,0.31043416
872646,0,0,0,13200.0,9.487972,Lower secondary,64,9,81,South and Islands,2,1,0.41607276
872698,0,0,0,15774.704,9.6661625,Primary or less,72,17,33,South and Islands,1,0,0.26540792
872710,0,0,0,16646.77,9.719972,Primary or less,81,26,-92,South and Islands,1,1,0.503159
872747,0,0,0,35747.746,10.484242,Lower secondary,70,15,-31,North,2,0,0.19399068
872750,0,0,0,44286.105,10.698426,Upper secondary,69,14,-60,North,4,0,0.44512817
872781,0,0,0,48616.42,10.791717,Lower secondary,63,8,64,South and Islands,4,0,0.31606084
872795,0,0,0,14650.309,9.5922165,Primary or less,57,2,4,South and Islands,2,1,0.16664831
872919,0,0,0,13516.271,9.511649,Primary or less,88,33,65,South and Islands,1,1,0.13731667
872924,0,0,0,12610.0,9.4422455,Lower secondary,68,13,-87,South and Islands,1,0,0.18715687
873023,1,1,0,30953.943,10.340256,Upper secondary,64,9,81,North,1,0,0.9471606
873042,0,0,0,15320.627,9.636955,Primary or less,73,18,68,South and Islands,1,0,0.13991337
873048,0,0,0,35830.94,10.4865675,Primary or less,77,22,-28,South and Islands,5,0,0.093688875
873052,0,0,0,43104.703,10.671388,Primary or less,67,12,-112,South and Islands,3,0,0.0833503
873166,0,0,0,32200.877,10.379749,Lower secondary,61,6,36,North,2,0,3.0431774
873674,0,0,0,29486.783,10.2916975,Upper secondary,67,12,-112,North,2,0,4.025242
874134,0,0,0,3000.3135,8.006472,Primary or less,58,3,9,South and Islands,1,0,0.16102439
874152,0,0,0,24496.822,10.106298,Lower secondary,69,14,-60,South and Islands,2,1,1.3637059
874157,0,0,0,13901.568,9.539757,Primary or less,69,14,-60,South and Islands,1,1,3.5447524
874163,0,0,0,26704.703,10.192595,Primary or less,80,25,113,South and Islands,2,1,1.7366203
874168,0,0,0,17592.941,9.775253,Upper secondary,66,11,121,South and Islands,3,0,1.2681394
874213,0,0,0,24315.68,10.098877,Upper secondary,71,16,0,North,1,1,0.32794115
874274,0,0,0,18600.0,9.830917,Primary or less,72,17,33,South and Islands,1,0,0.28556225
874278,0,0,0,26001.32,10.165903,Primary or less,61,6,36,South and Islands,3,1,0.44714844
874294,0,0,0,26406.271,10.181356,Lower secondary,65,10,100,South and Islands,4,0,0.2530296
874323,0,0,0,36406.797,10.502511,Lower secondary,82,27,-39,Centre,2,0,0.5490648
874330,0,0,0,56733.152,10.946114,Primary or less,78,23,17,Centre,3,1,0.37918115
874375,0,0,0,64619.086,11.076265,University,59,4,16,South and Islands,1,0,0.2074549
874392,0,0,0,38552.383,10.559773,Upper secondary,69,14,-60,South and Islands,2,0,0.15227555
874515,0,0,0,77187.805,11.253997,Upper secondary,60,5,25,North,4,0,1.1186856
874607,0,0,0,20000.0,9.903487,Lower secondary,47,-8,64,South and Islands,4,1,0.16212007
874670,0,0,0,21314.174,9.967128,Upper secondary,46,-9,81,North,5,0,7.2197833
874704,1,1,1,15854.485,9.671207,Lower secondary,85,30,-124,Centre,2,0,1.811616
874756,1,1,1,47547.28,10.76948,Upper secondary,47,-8,64,South and Islands,3,1,0.051826403
874961,1,1,0,75676.22,11.23422,University,70,15,-31,North,3,0,1.2563359
875011,1,1,0,37129.574,10.522169,Lower secondary,61,6,36,North,2,0,0.52761465
875017,1,1,0,35061.457,10.464858,Primary or less,76,21,-71,North,1,1,0.32577717
875020,1,1,1,40056.484,10.598046,Upper secondary,66,11,121,North,1,0,0.60509044
875027,0,0,0,26704.703,10.192595,Primary or less,67,12,-112,North,1,1,0.17207578
875028,0,0,0,21509.408,9.976246,Primary or less,77,22,-28,North,1,1,0.6658393
875088,0,0,0,35630.664,10.480962,Lower secondary,63,8,64,North,3,0,1.2274741
875095,0,0,0,47935.766,10.777617,Upper secondary,47,-8,64,North,5,1,2.4815717
875096,0,0,0,52935.367,10.876827,University,52,-3,9,North,4,1,2.1450791
875126,1,0,1,38235.598,10.551522,Upper secondary,57,2,4,South and Islands,3,0,0.34291223
875139,0,0,0,28545.834,10.259266,Lower secondary,56,1,1,South and Islands,1,0,0.2856633
875154,0,0,0,30522.951,10.326234,University,76,21,-71,South and Islands,1,1,0.20680745
875206,0,0,0,38846.78,10.567381,Upper secondary,68,13,-87,North,2,0,0.18777515
875211,0,0,0,30203.137,10.3157015,Lower secondary,38,-17,33,North,2,1,3.8120546
875214,0,0,0,62289.258,11.039544,Lower secondary,59,4,16,North,3,1,0.085568815
875221,0,0,0,27207.213,10.211237,Lower secondary,46,-9,81,North,4,1,2.672447
875280,1,1,1,36050.79,10.492684,Upper secondary,58,3,9,North,4,0,8.276017
875336,0,0,0,16301.636,9.69902,Lower secondary,78,23,17,North,1,0,0.7038891
875514,1,1,0,25229.906,10.135785,Upper secondary,62,7,49,Centre,1,0,0.7044006
875528,0,0,0,31286.074,10.350928,Lower secondary,85,30,-124,Centre,2,0,0.26678687
875542,0,0,0,32578.018,10.391393,Lower secondary,46,-9,81,North,3,1,4.0635643
875557,0,0,0,21210.559,9.962255,Lower secondary,62,7,49,North,1,1,3.51616
875562,0,0,0,54896.51,10.913205,Lower secondary,64,9,81,North,2,0,1.258192
875577,0,0,0,30488.99,10.325121,Primary or less,82,27,-39,North,2,0,1.2853098
875582,0,0,0,8985.053,9.103317,Primary or less,82,27,-39,North,1,1,2.3024704
875585,0,0,0,75400.01,11.230563,Upper secondary,49,-6,36,North,3,0,2.5775537
875635,1,1,0,61580.598,11.028102,University,49,-6,36,Centre,2,0,0.83043456
875686,0,0,0,30133.467,10.313392,Lower secondary,67,12,-112,Centre,1,0,0.60115427
875855,0,0,0,36282.094,10.49908,Upper secondary,60,5,25,North,3,0,0.6357564
875967,0,0,0,16800.0,9.729135,Primary or less,95,40,64,South and Islands,2,0,0.24306503
875977,0,0,0,45033.203,10.715156,Upper secondary,46,-9,81,South and Islands,5,0,0.6362752
876018,0,0,0,9514.111,9.160531,Primary or less,84,29,73,South and Islands,1,1,0.7611197
876020,0,0,0,28258.496,10.249149,Upper secondary,53,-2,4,South and Islands,2,0,0.40659308
876093,0,0,0,48258.89,10.784335,Lower secondary,60,5,25,North,2,0,0.900903
876115,0,0,0,56715.816,10.945808,University,63,8,64,Centre,3,0,5.0903854
876125,0,0,0,33954.48,10.432776,Upper secondary,62,7,49,Centre,2,1,3.9293501
876127,0,0,0,30616.098,10.329281,Upper secondary,61,6,36,Centre,1,0,5.759665
876218,0,0,0,8332.005,9.02786,Primary or less,86,31,-63,North,1,1,4.7055316
876542,0,0,0,22743.137,10.032019,Upper secondary,91,36,16,North,1,1,5.245782
876651,0,0,0,19204.643,9.862907,Primary or less,90,35,-55,South and Islands,1,1,0.28504583
876666,0,0,0,21004.703,9.952501,Upper secondary,60,5,25,South and Islands,2,1,0.4645006
876694,1,1,1,65596.3,11.091274,Upper secondary,57,2,4,Centre,4,1,0.3513735
876820,0,0,0,20034.496,9.9052105,Upper secondary,58,3,9,Centre,1,0,1.1174295
876833,0,0,0,8900.0,9.093806,Primary or less,81,26,-92,South and Islands,2,1,4.0186844
877138,0,0,0,59165.977,10.988102,Upper secondary,61,6,36,Centre,3,1,1.057217
877285,0,0,0,62377.805,11.040965,Lower secondary,61,6,36,Centre,2,0,0.35611364
877473,0,0,0,31261.36,10.350138,Upper secondary,49,-6,36,South and Islands,4,0,0.8169951
877662,0,0,0,21764.645,9.988042,Primary or less,81,26,-92,South and Islands,1,0,2.2860322
877752,0,0,0,34027.97,10.434938,Lower secondary,55,0,0,Centre,4,0,4.615106
877828,0,0,0,28870.635,10.27058,Upper secondary,78,23,17,Centre,1,1,0.5684586
877908,0,0,0,13125.018,9.482275,Upper secondary,80,25,113,North,1,1,1.3118604
878094,0,0,0,26639.03,10.190133,Upper secondary,79,24,64,North,1,0,0.90675265
878103,0,0,0,22873.53,10.037736,Upper secondary,56,1,1,North,4,1,1.1337839
878142,1,0,1,25466.992,10.145139,Upper secondary,72,17,33,North,1,0,0.8439196
878182,0,0,0,17516.115,9.770877,University,50,-5,25,North,5,0,2.1157415
878218,0,0,0,26540.768,10.186438,Primary or less,87,32,0,North,1,1,0.9468889
878292,0,0,0,58086.273,10.969685,University,67,12,-112,North,2,0,0.5276938
878309,0,0,0,56405.87,10.940329,University,57,2,4,North,1,1,1.1715133
878510,0,0,0,34162.72,10.43889,Lower secondary,89,34,-124,North,1,0,0.42153528
878518,1,1,0,61363.395,11.024569,University,51,-4,16,North,5,1,3.3778918
878573,0,0,0,34661.254,10.453378,Lower secondary,41,-14,-60,South and Islands,4,1,1.1853667
878617,1,1,1,300997.94,12.614859,Upper secondary,59,4,16,North,5,0,2.5056868
878684,0,0,0,30950.176,10.340134,Upper secondary,67,12,-112,Centre,1,1,0.8946727
878811,0,0,0,64195.24,11.069684,University,52,-3,9,North,4,0,0.7542452
878831,0,0,0,52394.08,10.866549,Lower secondary,69,14,-60,North,3,0,4.3979263
878834,0,0,0,41986.92,10.645114,Lower secondary,57,2,4,North,3,0,3.1297321
878873,0,0,0,63893.883,11.064979,University,57,2,4,Centre,2,1,0.1389858
878883,0,0,0,19050.04,9.854824,Primary or less,72,17,33,Centre,2,0,0.19198759
879023,0,0,0,28471.36,10.256654,Primary or less,74,19,105,North,2,1,0.22858803
879229,0,0,0,52937.758,10.876872,University,55,0,0,South and Islands,2,1,0.11293863
879257,0,0,0,53224.31,10.882271,Upper secondary,44,-11,121,South and Islands,4,0,0.098759435
879275,0,0,0,48810.977,10.795711,Upper secondary,75,20,-112,North,2,1,0.85852045
879319,0,0,0,57896.254,10.966408,Upper secondary,48,-7,49,North,4,0,1.9683541
879449,0,0,0,47578.4,10.770134,Lower secondary,53,-2,4,North,3,0,8.167851
879484,0,0,0,48494.08,10.789197,University,52,-3,9,Centre,5,0,1.8438541
879487,0,0,0,29094.078,10.27829,Lower secondary,50,-5,25,Centre,1,0,1.673655
879494,0,0,0,19859.408,9.896433,Lower secondary,77,22,-28,Centre,1,1,2.4545016
879503,0,0,0,27947.04,10.238067,Primary or less,85,30,-124,Centre,2,1,0.4555294
879543,0,0,0,27047.04,10.205333,Primary or less,74,19,105,South and Islands,3,0,0.6177167
879552,0,0,0,24247.04,10.09605,Primary or less,85,30,-124,South and Islands,1,1,2.1605618
879568,0,0,0,23432.414,10.061875,Lower secondary,63,8,64,South and Islands,3,0,2.6224346
879591,0,0,0,11454.427,9.346131,Primary or less,82,27,-39,South and Islands,2,1,3.0194006
879620,0,0,0,30295.68,10.318761,Upper secondary,61,6,36,South and Islands,3,0,0.07286867
879883,0,0,0,8727.282,9.074209,Primary or less,85,30,-124,North,1,0,4.955969
879958,0,0,0,66311.15,11.102114,Lower secondary,59,4,16,Centre,3,0,0.94102883
880040,0,0,0,22577.883,10.024726,Lower secondary,46,-9,81,Centre,2,1,1.1630317
880072,1,1,0,42035.36,10.646267,Lower secondary,58,3,9,North,2,1,0.14155903
880167,0,0,0,80741.12,11.299004,University,79,24,64,Centre,4,0,0.14662194
880186,0,0,0,28216.307,10.247655,Upper secondary,76,21,-71,Centre,1,1,0.22999744
880243,0,0,0,14280.0,9.566615,Primary or less,72,17,33,South and Islands,1,1,0.08486455
880244,0,0,0,10800.0,9.287301,Primary or less,83,28,16,South and Islands,1,0,0.37150535
880252,0,0,0,12340.0,9.420601,Primary or less,74,19,105,South and Islands,1,1,0.268111
880264,0,0,0,22181.951,10.007034,Upper secondary,59,4,16,South and Islands,3,1,0.45138276
880271,0,0,0,21600.783,9.980485,Lower secondary,61,6,36,South and Islands,2,0,0.3571759
880431,0,0,0,88619.516,11.392107,University,64,9,81,Centre,2,0,0.06412864
880581,0,0,0,1601.568,7.3787384,Lower secondary,57,2,4,Centre,1,0,1.4308045
880827,0,0,0,48002.508,10.779009,Upper secondary,35,-20,-112,North,3,1,2.741208
880884,1,0,1,88776.555,11.393878,Upper secondary,91,36,16,North,2,0,0.38245296
880893,0,0,0,29492.713,10.291899,Upper secondary,41,-14,-60,North,4,0,2.676364
880898,0,0,0,49647.04,10.812694,University,48,-7,49,North,4,1,1.721572
880911,1,0,1,110901.37,11.616397,Upper secondary,62,7,49,North,3,0,0.98823994
880912,1,1,0,112592.586,11.631531,University,56,1,1,North,3,0,0.23313023
881072,0,0,0,8643.018,9.0645075,Lower secondary,78,23,17,North,1,0,0.6288098
881095,0,0,0,41402.508,10.631097,Upper secondary,42,-13,-87,North,6,0,2.6049676
881330,0,0,0,37106.273,10.521542,University,67,12,-112,South and Islands,3,0,0.1578873
881537,0,0,0,11777.216,9.373922,Primary or less,96,41,-111,Centre,1,1,3.0458763
881554,0,0,0,21001.883,9.952368,Upper secondary,49,-6,36,Centre,1,1,8.027953
881561,0,0,0,7204.0527,8.882399,Upper secondary,58,3,9,Centre,2,0,2.8349557
881587,0,0,0,22190.436,10.007417,Primary or less,91,36,16,Centre,1,1,2.9946296
881642,0,0,0,30628.223,10.329678,Lower secondary,42,-13,-87,South and Islands,3,0,7.6081557
881765,0,0,0,25391.139,10.142156,Lower secondary,61,6,36,South and Islands,2,0,0.741801
881809,0,0,0,30343.516,10.320338,Primary or less,68,13,-87,Centre,2,1,1.5576944
881817,0,0,0,49854.812,10.816871,Upper secondary,56,1,1,Centre,3,1,4.2553596
881821,0,0,0,37655.89,10.536244,Lower secondary,68,13,-87,Centre,2,0,1.6076761
882052,0,0,0,30702.508,10.3321,University,72,17,33,South and Islands,2,1,0.6206369
882053,0,0,0,18205.645,9.809487,Upper secondary,83,28,16,South and Islands,2,0,0.21855062
882057,0,0,0,30014.111,10.3094225,Upper secondary,80,25,113,South and Islands,1,1,0.4547074
882066,0,0,0,43802.664,10.68745,Primary or less,60,5,25,South and Islands,3,0,0.41743436
882067,0,0,0,39554.703,10.58544,Upper secondary,45,-10,100,South and Islands,3,0,0.26615468
882091,0,0,0,20353.764,9.921021,Lower secondary,42,-13,-87,South and Islands,4,0,0.7607392
882109,0,0,0,21801.568,9.9897375,Primary or less,60,5,25,South and Islands,2,0,0.45551065
882114,0,0,0,34646.965,10.452966,Upper secondary,56,1,1,South and Islands,4,0,1.0872643
882143,0,0,0,16200.0,9.692766,Lower secondary,52,-3,9,South and Islands,2,1,1.1444652
882159,0,0,0,19118.816,9.858428,Lower secondary,75,20,-112,South and Islands,2,0,0.28906167
882203,0,0,0,19004.703,9.852442,Lower secondary,64,9,81,South and Islands,2,0,0.21216755
882286,0,0,0,28103.764,10.243659,Upper secondary,65,10,100,South and Islands,4,0,0.35788167
882314,0,0,0,22886.271,10.038293,Lower secondary,40,-15,-31,South and Islands,3,1,0.8588492
882449,0,0,0,12262.084,9.414268,Primary or less,77,22,-28,South and Islands,1,1,0.26056215
882470,0,0,0,29522.668,10.292913,Lower secondary,81,26,-92,South and Islands,3,0,0.02804645
882515,0,0,0,15600.0,9.655026,Primary or less,59,4,16,Centre,3,1,4.585844
882537,1,1,1,84990.67,11.350297,University,82,27,-39,North,2,0,0.054679196
882556,0,0,0,62265.83,11.039168,Upper secondary,74,19,105,North,2,0,0.4042979
882573,0,0,0,34842.746,10.4586,Upper secondary,75,20,-112,North,1,1,0.4492961
882593,0,0,0,21104.766,9.957254,Primary or less,63,8,64,South and Islands,3,0,0.1988771
882618,0,0,0,45147.035,10.71768,Upper secondary,48,-7,49,South and Islands,4,1,0.46521357
882635,0,0,0,10300.62,9.23996,Upper secondary,60,5,25,South and Islands,1,1,0.4279315
882654,0,0,0,34417.4,10.446318,Lower secondary,60,5,25,South and Islands,4,1,0.39313018
882723,0,0,0,27216.639,10.211584,University,48,-7,49,South and Islands,1,0,0.5081758
882739,0,0,0,12760.0,9.454071,Primary or less,68,13,-87,South and Islands,1,1,0.36959127
882745,0,0,0,24563.164,10.109003,Upper secondary,83,28,16,South and Islands,2,0,0.13775848
882978,0,0,0,20401.568,9.9233675,Lower secondary,55,0,0,South and Islands,6,1,1.5123303
883157,0,0,0,21578.398,9.979448,Lower secondary,74,19,105,South and Islands,1,0,0.3033055
883225,0,0,0,29263.484,10.284096,Upper secondary,60,5,25,South and Islands,4,0,0.7186093
883322,1,1,1,66257.73,11.101308,Upper secondary,75,20,-112,North,2,0,1.6966355
883343,0,0,0,34431.36,10.446723,Upper secondary,77,22,-28,Centre,2,0,0.33989814
883392,0,0,0,27900.35,10.236395,Lower secondary,67,12,-112,North,2,0,0.6796543
883588,1,1,0,42396.37,10.654819,Upper secondary,61,6,36,Centre,3,0,0.72628516
883642,0,0,0,46209.406,10.740939,Upper secondary,23,-32,0,Centre,2,1,1.8421763
883762,0,0,0,18600.314,9.830934,Lower secondary,65,10,100,South and Islands,3,0,5.148119
883789,0,0,0,35544.254,10.478534,Upper secondary,76,21,-71,Centre,1,1,0.107633464
883988,0,0,0,40314.88,10.604476,Lower secondary,73,18,68,Centre,2,0,1.5035435
883990,0,0,0,74685.8,11.2210455,University,73,18,68,Centre,2,0,1.0799273
884032,0,0,0,22815.68,10.035203,University,32,-23,17,South and Islands,1,1,7.9107633
884033,0,0,0,22041.822,10.000697,Upper secondary,62,7,49,South and Islands,1,1,4.2775273
884053,0,0,0,24604.703,10.110693,Upper secondary,48,-7,49,South and Islands,4,0,6.771606
884269,0,0,0,14400.0,9.574984,Primary or less,68,13,-87,South and Islands,3,0,0.24722761
884279,0,0,0,37205.43,10.52421,Lower secondary,71,16,0,South and Islands,2,1,0.39808276
884294,0,0,0,10680.0,9.276128,Primary or less,73,18,68,South and Islands,1,1,0.26518357
884440,1,1,0,57461.67,10.958874,Upper secondary,58,3,9,North,3,0,6.155139
884680,0,0,0,30821.46,10.335966,Upper secondary,79,24,64,South and Islands,2,0,0.22115938
884867,0,0,0,9800.0,9.190138,Upper secondary,62,7,49,North,3,0,0.5307226
884972,0,0,0,58615.68,10.978758,Upper secondary,53,-2,4,South and Islands,4,1,0.76621395
884983,0,0,0,16907.84,9.735533,Upper secondary,67,12,-112,South and Islands,2,0,1.3619348
885025,0,0,0,12326.271,9.419488,Primary or less,74,19,105,Centre,2,1,0.43424556
885037,0,0,0,53667.74,10.890568,Upper secondary,59,4,16,Centre,4,0,0.7702458
885045,0,0,0,50254.39,10.824853,University,72,17,33,Centre,2,0,0.28933245
885047,1,1,0,62901.48,11.049325,Upper secondary,61,6,36,North,3,0,1.4276832
885062,0,0,0,25032.928,10.127948,University,52,-3,9,North,2,1,2.515564
885077,0,0,0,24781.36,10.117847,Lower secondary,82,27,-39,North,1,1,0.8566368
885353,0,0,0,48792.273,10.795327,Upper secondary,71,16,0,Centre,2,0,0.6472993
885551,0,0,0,72755.9,11.194865,Lower secondary,64,9,81,North,4,1,2.206313
885661,0,0,0,39817.15,10.592053,University,66,11,121,South and Islands,2,0,0.56009877
885697,0,0,0,45053.312,10.715602,University,49,-6,36,South and Islands,4,0,2.2982652
885709,0,0,0,80216.89,11.292489,University,70,15,-31,South and Islands,2,0,0.04211992
885822,0,0,0,40131.36,10.599914,University,75,20,-112,Centre,1,1,0.34859028
885868,1,1,1,188996.67,12.149485,Upper secondary,60,5,25,North,3,0,0.1432807
885878,0,0,0,37775.645,10.53942,Lower secondary,72,17,33,North,4,0,5.9192123
886273,0,0,0,34894.08,10.4600725,Upper secondary,60,5,25,South and Islands,2,0,0.37695396
886419,0,0,0,23442.04,10.062286,Lower secondary,64,9,81,South and Islands,3,0,0.6906369
886427,1,1,0,64739.242,11.078123,Upper secondary,68,13,-87,South and Islands,1,1,0.18351218
886529,0,0,0,19351.568,9.870529,Lower secondary,64,9,81,South and Islands,2,1,0.10687412
886533,0,0,0,20047.84,9.905877,Lower secondary,81,26,-92,South and Islands,2,0,0.13540137
886581,0,0,0,30937.47,10.339724,Primary or less,75,20,-112,Centre,1,0,0.462572
886603,0,0,0,50284.637,10.825455,Upper secondary,74,19,105,Centre,2,1,0.37960988
886604,0,0,0,47618.426,10.770975,Upper secondary,47,-8,64,Centre,4,0,1.3380953
886606,0,0,0,22085.914,10.002695,Primary or less,73,18,68,Centre,1,1,0.504574
886721,0,0,0,37700.0,10.5374155,Lower secondary,50,-5,25,South and Islands,3,0,0.4169012
886741,0,0,0,21656.586,9.983065,Lower secondary,75,20,-112,South and Islands,1,1,0.12938784
886748,0,0,0,47393.05,10.766231,Upper secondary,66,11,121,South and Islands,2,1,0.09649298
886789,0,0,0,71707.27,11.180347,Upper secondary,64,9,81,Centre,4,0,1.3468117
886797,0,0,0,67962.74,11.126715,University,59,4,16,North,3,0,0.39203468
886817,0,0,0,14309.408,9.568672,Lower secondary,69,14,-60,North,1,0,0.56297815
886822,0,0,0,33842.824,10.429482,Upper secondary,72,17,33,North,2,1,0.23645046
886887,0,0,0,40510.977,10.609328,Lower secondary,88,33,65,North,2,0,0.6645702
886915,0,0,0,26144.078,10.171378,Upper secondary,76,21,-71,North,1,1,0.79475677
886918,1,0,1,39240.49,10.577464,Lower secondary,61,6,36,North,1,1,0.83356196
887021,0,0,0,26340.768,10.178873,Primary or less,74,19,105,Centre,1,1,0.4402774
887498,0,0,0,69362.72,11.147105,University,64,9,81,South and Islands,3,0,0.61086214
887614,0,0,0,13700.0,9.525151,Lower secondary,56,1,1,Centre,3,0,1.0685637
887655,0,0,0,28812.13,10.268552,Upper secondary,55,0,0,Centre,1,0,1.038592
887679,0,0,0,32035.195,10.374591,Upper secondary,87,32,0,North,1,1,0.5818314
887736,0,0,0,28186.238,10.246589,University,62,7,49,North,1,0,6.826812
887755,0,0,0,40607.793,10.611715,Upper secondary,40,-15,-31,North,2,1,8.088787
887782,0,0,0,13200.492,9.488009,Primary or less,83,28,16,Centre,1,1,0.7568607
887787,0,0,0,16075.4375,9.685048,Upper secondary,67,12,-112,Centre,1,0,0.7422702
887859,0,0,0,26279.22,10.176534,Upper secondary,63,8,64,North,1,1,0.73692596
887863,0,0,0,27752.486,10.231081,Lower secondary,58,3,9,North,3,1,0.5632252
888112,0,0,0,24002.508,10.085914,Lower secondary,53,-2,4,South and Islands,3,1,0.42220908
888178,0,0,0,21961.164,9.997031,Primary or less,63,8,64,South and Islands,4,1,0.078250535
888185,0,0,0,59405.645,10.992145,University,64,9,81,South and Islands,3,1,0.034824066
888363,0,0,0,22586.441,10.025105,Upper secondary,70,15,-31,South and Islands,2,0,0.27660394
888377,0,0,0,32516.775,10.389511,Upper secondary,56,1,1,North,5,0,5.1937056
888390,0,0,0,24844.53,10.120393,Primary or less,76,21,-71,North,3,1,2.8885448
888404,0,0,0,19815.68,9.894229,Lower secondary,75,20,-112,North,2,0,2.105619
888413,0,0,0,32004.209,10.373623,Lower secondary,73,18,68,North,2,1,2.1731749
888436,0,0,0,20772.578,9.941389,Primary or less,87,32,0,North,1,1,0.35313746
888455,0,0,0,254983.98,12.4489565,Upper secondary,51,-4,16,North,2,0,0.2005476
888606,1,1,0,61524.742,11.027195,Upper secondary,45,-10,100,North,5,0,0.6747336
888623,0,0,0,33383.28,10.415811,Upper secondary,54,-1,1,South and Islands,4,0,5.697252
888843,0,0,0,43206.273,10.673741,Upper secondary,51,-4,16,North,2,1,2.5465546
888848,0,0,0,52955.7,10.877211,University,50,-5,25,North,2,0,0.25593328
889014,0,0,0,38757.84,10.565088,Lower secondary,77,22,-28,North,2,1,0.46524996
889047,0,0,0,18507.213,9.825916,Lower secondary,61,6,36,North,1,0,1.1944014
889109,0,0,0,7504.253,8.923225,Upper secondary,62,7,49,North,1,1,0.65959275
889192,0,0,0,42507.04,10.657425,Upper secondary,46,-9,81,South and Islands,3,0,1.4145764
889251,0,0,0,21268.896,9.965001,Upper secondary,90,35,-55,North,1,0,0.27691233
889378,0,0,0,40346.375,10.605257,Lower secondary,59,4,16,North,2,1,2.3983674
889402,1,1,0,82067.11,11.315292,Upper secondary,50,-5,25,North,5,0,1.3834351
889497,0,0,0,39125.438,10.574528,Upper secondary,59,4,16,North,2,0,0.2377951
889512,0,0,0,24710.977,10.115003,Primary or less,90,35,-55,South and Islands,2,0,0.79989684
889537,0,0,0,13780.976,9.531044,Lower secondary,71,16,0,South and Islands,2,1,1.1632174
889577,0,0,0,18500.314,9.825543,Primary or less,80,25,113,Centre,2,1,3.7964544
889583,0,0,0,57178.4,10.953932,Primary or less,80,25,113,Centre,3,1,3.2856693
889587,0,0,0,41822.973,10.641201,Primary or less,77,22,-28,Centre,2,1,1.8581973
889710,0,0,0,42843.035,10.665298,Lower secondary,51,-4,16,North,3,0,8.172281
889711,0,0,0,13800.0,9.532424,Upper secondary,40,-15,-31,South and Islands,1,0,1.425867
889714,0,0,0,44018.816,10.692372,Upper secondary,40,-15,-31,South and Islands,3,0,2.4855285
889715,0,0,0,28010.977,10.240352,Upper secondary,49,-6,36,North,1,0,4.068598
889719,0,0,0,42224.117,10.650747,Upper secondary,34,-21,-71,North,2,1,0.6515768
889720,0,0,0,20364.111,9.92153,Upper secondary,62,7,49,South and Islands,2,1,0.16314594
889721,0,0,0,82913.59,11.325554,University,57,2,4,South and Islands,2,1,0.023498097
889722,0,0,0,61267.617,11.023006,University,52,-3,9,South and Islands,4,1,0.13047683
889724,1,1,0,67142.19,11.114568,University,77,22,-28,South and Islands,2,0,0.03835233
889728,0,0,0,18011.916,9.798789,Upper secondary,49,-6,36,South and Islands,2,1,0.5140516
889729,0,0,0,25380.613,10.141741,Upper secondary,81,26,-92,South and Islands,1,1,0.19255291
889738,0,0,0,20841.568,9.944705,Upper secondary,36,-19,105,South and Islands,3,1,0.6666088
889740,0,0,0,20471.951,9.926811,Upper secondary,37,-18,68,South and Islands,5,0,1.0049769
889753,0,0,0,12600.0,9.441452,Primary or less,79,24,64,South and Islands,1,1,0.24016136
890008,0,0,0,11762.974,9.372712,Primary or less,76,21,-71,South and Islands,1,1,0.2901738
890030,0,0,0,20103.105,9.908629,Lower secondary,47,-8,64,South and Islands,4,0,0.21476421
890101,0,0,0,26418.516,10.181821,University,60,5,25,South and Islands,1,1,7.9079022
890419,0,0,0,53175.742,10.881357,University,87,32,0,North,2,0,0.6897994
890871,0,0,0,9600.0,9.169518,Primary or less,70,15,-31,South and Islands,2,1,0.03336135
890963,1,1,1,68747.65,11.138198,University,81,26,-92,North,2,0,0.48095223
890970,0,0,0,83217.67,11.329215,University,82,27,-39,North,2,0,0.41735625
891214,0,0,0,27456.797,10.220369,Lower secondary,53,-2,4,Centre,4,1,3.9492192
891317,1,1,0,69286.78,11.146009,University,86,31,-63,Centre,2,1,0.21668239
891320,0,0,0,15200.0,9.629051,Lower secondary,83,28,16,Centre,1,1,0.5460323
891688,0,0,0,11067.0,9.311723,Lower secondary,63,8,64,South and Islands,4,0,2.57563
891872,1,1,1,21364.744,9.969498,University,59,4,16,North,1,0,0.8259552
891877,0,0,0,23053.137,10.045557,Upper secondary,66,11,121,North,2,0,0.36989996
891947,0,0,0,18912.543,9.847581,Lower secondary,85,30,-124,South and Islands,1,1,0.08636691
892193,1,0,1,70065.945,11.157192,Upper secondary,64,9,81,North,3,0,0.5407471
892230,0,0,0,40301.004,10.604132,Upper secondary,74,19,105,North,2,0,0.33701643
892336,1,1,0,33405.3,10.41647,Upper secondary,72,17,33,North,1,0,2.7753801
892670,0,0,0,17884.605,9.791696,Lower secondary,80,25,113,North,1,0,0.5619058
892684,1,1,1,78999.32,11.277195,Upper secondary,47,-8,64,North,4,1,0.29146618
892736,0,0,0,16201.71,9.692872,Primary or less,82,27,-39,South and Islands,3,1,2.8905702
892745,0,0,0,20166.271,9.911767,Primary or less,57,2,4,South and Islands,2,1,0.9592046
892877,0,0,0,12080.022,9.399308,Lower secondary,57,2,4,North,1,0,7.804627
892895,0,0,0,75470.63,11.231499,Upper secondary,59,4,16,North,6,1,4.862894
892972,0,0,0,8214.82,9.013695,University,58,3,9,North,1,0,0.40838212
893062,0,0,0,23854.363,10.079722,Lower secondary,74,19,105,South and Islands,1,0,0.18950628
893225,0,0,0,26184.182,10.172911,Upper secondary,80,25,113,Centre,1,1,0.4172355
893402,0,0,0,21303.137,9.96661,Lower secondary,57,2,4,North,4,0,1.3123057
893421,0,0,0,19401.75,9.873118,Primary or less,69,14,-60,Centre,2,0,0.6726491
893435,0,0,0,34251.566,10.441487,Lower secondary,66,11,121,Centre,3,0,1.439691
893538,0,0,0,57323.83,10.956471,Upper secondary,65,10,100,Centre,2,1,0.5238248
893579,0,0,0,12000.1,9.392671,Primary or less,56,1,1,South and Islands,2,1,1.1415802
893971,0,0,0,11412.544,9.342468,Lower secondary,55,0,0,South and Islands,5,0,0.10102481
893990,0,0,0,7809.4077,8.963084,Primary or less,62,7,49,South and Islands,2,1,0.44312248
894126,0,0,0,29325.088,10.286199,Primary or less,69,14,-60,North,2,0,1.3317169
894133,0,0,0,2893.9673,7.9703836,Lower secondary,78,23,17,North,2,0,1.0626978
894140,0,0,0,68906.19,11.140501,Upper secondary,65,10,100,North,2,0,2.410479
894327,1,1,0,56752.48,10.946455,Upper secondary,70,15,-31,North,2,0,0.11761421
894438,0,0,0,29345.965,10.28691,Primary or less,73,18,68,North,2,1,0.19983612
894447,0,0,0,20702.822,9.938025,Upper secondary,45,-10,100,North,2,0,0.62776405
894476,0,0,0,41147.04,10.6249075,Lower secondary,72,17,33,North,2,0,1.3383547
894561,0,0,0,17803.799,9.787168,Lower secondary,76,21,-71,North,1,0,5.7761674
894587,0,0,0,23444.898,10.062408,Primary or less,81,26,-92,North,1,1,0.750686
894887,0,0,0,32843.902,10.399522,Upper secondary,42,-13,-87,North,5,1,6.009149
895184,1,1,0,34500.688,10.448734,Primary or less,83,28,16,North,3,0,0.43926308
895197,0,0,0,105262.75,11.564215,Upper secondary,82,27,-39,North,5,0,0.3927076
895376,0,0,0,25171.36,10.133462,Primary or less,75,20,-112,North,1,1,1.5094746
895384,0,0,0,70705.61,11.16628,Primary or less,90,35,-55,North,2,0,0.7019182
895479,0,0,0,44297.9,10.698692,Upper secondary,78,23,17,North,2,0,1.9771339
895512,1,0,1,51259.293,10.844652,University,44,-11,121,North,1,0,5.846893
895624,0,0,0,39232.508,10.577261,Upper secondary,56,1,1,North,5,1,1.4590164
895730,0,0,0,48656.062,10.792532,Upper secondary,68,13,-87,North,2,0,0.5092277
895774,0,0,0,22816.264,10.035229,Primary or less,72,17,33,Centre,2,1,0.640245
895776,0,0,0,30015.68,10.309475,Upper secondary,63,8,64,Centre,4,0,2.4478776
895840,0,0,0,2412.5437,7.788437,Lower secondary,70,15,-31,North,1,0,4.181542
895972,0,0,0,10200.0,9.230143,Primary or less,64,9,81,South and Islands,3,1,0.34341523
896130,0,0,0,23031.36,10.044612,Lower secondary,76,21,-71,South and Islands,2,0,1.778328
896404,0,0,0,49314.758,10.805979,Upper secondary,81,26,-92,Centre,1,0,0.69521725
896539,0,0,0,20229.213,9.914883,University,67,12,-112,Centre,2,0,0.5347184
896608,0,0,0,26723.414,10.1932955,University,40,-15,-31,Centre,3,1,2.2149823
896749,1,1,0,78648.65,11.272746,University,60,5,25,Centre,3,0,0.2679578
896875,1,0,1,51467.69,10.848709,Upper secondary,72,17,33,North,2,0,0.2406834
896902,0,0,0,19509.408,9.878653,Upper secondary,73,18,68,North,1,0,0.34145483
896988,0,0,0,27590.129,10.225213,University,73,18,68,Centre,1,1,1.0693883
896995,0,0,0,32529.271,10.389895,Lower secondary,57,2,4,Centre,2,1,1.0124192
896996,0,0,0,106926.88,11.579901,Upper secondary,56,1,1,Centre,4,1,1.126174
897127,0,0,0,59467.79,10.99319,Primary or less,78,23,17,North,3,0,0.5792905
897225,1,1,0,36584.98,10.507393,Lower secondary,73,18,68,North,1,1,3.2007928
897228,0,0,0,21021.098,9.953282,Upper secondary,81,26,-92,North,1,1,3.384484
897397,0,0,0,25225.088,10.135594,Lower secondary,80,25,113,North,1,1,0.9657267
897442,0,0,0,19131.443,9.859089,Primary or less,69,14,-60,North,1,1,0.94866455
897837,1,1,1,58531.02,10.977312,Upper secondary,77,22,-28,North,2,0,1.7715639
897876,0,0,0,50916.184,10.837936,Upper secondary,68,13,-87,South and Islands,2,1,0.24136464
897893,0,0,0,10222.898,9.232386,Primary or less,89,34,-124,South and Islands,1,1,0.46603867
897935,1,1,0,18088.953,9.803057,Primary or less,73,18,68,North,1,1,3.559587
898090,0,0,0,24258.016,10.096502,Lower secondary,69,14,-60,South and Islands,3,1,1.5053251
898138,1,1,0,47659.82,10.771844,Upper secondary,78,23,17,North,2,0,1.6183742
898191,1,1,0,89427.26,11.401181,Upper secondary,60,5,25,Centre,5,1,0.25053158
898220,1,1,1,271466.47,12.511594,University,57,2,4,Centre,1,1,0.025068264
898380,0,0,0,27784.703,10.232241,Primary or less,82,27,-39,North,2,0,3.974171
898387,0,0,0,22503.137,10.02141,Primary or less,65,10,100,North,1,0,5.0572686
898401,0,0,0,23317.084,10.056942,Lower secondary,59,4,16,North,1,0,7.576058
898416,0,0,0,18903.137,9.847083,Lower secondary,46,-9,81,North,3,1,8.200034
898442,0,0,0,30325.438,10.319742,University,69,14,-60,Centre,1,1,0.2279502
898594,0,0,0,39795.76,10.591516,Primary or less,83,28,16,North,1,1,1.0692817
898682,0,0,0,11500.0,9.350102,Lower secondary,53,-2,4,South and Islands,4,0,0.5202081
898977,0,0,0,27694.078,10.228974,Lower secondary,92,37,89,North,1,0,0.6581779
899055,0,0,0,51751.754,10.854214,Lower secondary,46,-9,81,North,4,0,0.57720965
899140,1,1,0,40774.684,10.615817,Lower secondary,71,16,0,North,2,0,1.8841116
899268,0,0,0,15003.449,9.616035,University,46,-9,81,North,1,1,3.4214592
899301,1,1,1,49508.188,10.809894,Upper secondary,71,16,0,Centre,2,0,0.5254033
899437,0,0,0,61950.55,11.034092,Upper secondary,73,18,68,Centre,2,0,0.12298482
899500,0,0,0,49702.72,10.813815,Lower secondary,67,12,-112,Centre,3,1,0.73795307
899501,0,0,0,39712.543,10.589422,Lower secondary,57,2,4,Centre,3,1,2.2955797
899562,0,0,0,67763.03,11.123772,Lower secondary,49,-6,36,North,4,1,3.4232872
899706,0,0,0,24128.223,10.091138,Lower secondary,74,19,105,South and Islands,4,0,0.3186665
899895,0,0,0,19512.127,9.878792,Primary or less,81,26,-92,Centre,2,0,0.6497797
899998,0,0,0,9600.627,9.169583,Primary or less,94,39,-15,South and Islands,1,1,0.6511545
900325,1,0,1,147724.08,11.903102,University,60,5,25,North,4,0,0.6885647
900339,0,0,0,18058.332,9.801362,Primary or less,72,17,33,North,1,1,0.8137471
900354,1,0,1,117685.0,11.675767,University,86,31,-63,North,1,0,0.0945611
900371,0,0,0,33205.824,10.4104805,University,66,11,121,North,1,1,0.94837636
900486,0,0,0,44256.535,10.697759,University,39,-16,0,North,1,0,1.7774603
900573,1,0,1,77938.79,11.2636795,Upper secondary,59,4,16,North,4,0,0.3380963
900673,0,0,0,17002.979,9.741144,Upper secondary,59,4,16,South and Islands,3,0,0.49494728
900796,1,1,1,61212.81,11.022112,Lower secondary,82,27,-39,North,2,0,0.37369552
901126,0,0,0,71592.29,11.178742,Upper secondary,50,-5,25,Centre,3,0,6.4083304
901402,0,0,0,34972.664,10.462322,Upper secondary,59,4,16,North,3,1,0.8009559
901450,0,0,0,4802.8223,8.476959,University,49,-6,36,South and Islands,3,0,0.2877412
901474,0,0,0,74409.41,11.217338,Upper secondary,69,14,-60,South and Islands,3,0,0.14227282
901501,0,0,0,18351.568,9.817471,Primary or less,80,25,113,South and Islands,1,1,0.1870954
901608,1,1,0,36205.977,10.49698,Upper secondary,68,13,-87,South and Islands,2,0,0.36973578
901756,0,0,0,29525.438,10.293008,Upper secondary,78,23,17,Centre,2,0,0.5646979
901876,0,0,0,14321.868,9.569543,Lower secondary,61,6,36,North,1,1,7.6584883
901879,0,0,0,30011.504,10.309336,Lower secondary,56,1,1,North,6,0,7.14137
901950,0,0,0,43331.36,10.676632,Upper secondary,83,28,16,North,2,0,3.9142935
901952,0,0,0,29594.078,10.29533,Lower secondary,80,25,113,North,1,1,5.1688266
902006,0,0,0,12014.111,9.393837,Primary or less,89,34,-124,Centre,1,1,4.644875
902047,1,1,0,69258.48,11.145601,University,69,14,-60,North,1,0,0.29327875
902247,0,0,0,25040.0,10.12823,University,78,23,17,South and Islands,1,1,0.16734412
902401,0,0,0,60781.8,11.015046,Lower secondary,61,6,36,North,2,0,0.671695
902417,0,0,0,51696.41,10.853144,Lower secondary,74,19,105,North,2,0,0.29749414
902575,0,0,0,7804.704,8.9624815,Upper secondary,60,5,25,South and Islands,4,0,0.37196884
902673,0,0,0,9269.769,9.134514,Lower secondary,65,10,100,South and Islands,2,0,0.21905856
902680,0,0,0,15876.689,9.672607,Lower secondary,65,10,100,South and Islands,1,0,0.08551272
902712,0,0,0,60852.74,11.016212,University,58,3,9,South and Islands,5,1,0.17554457
902913,0,0,0,42600.035,10.659611,Upper secondary,63,8,64,Centre,2,0,0.5658869
902915,1,1,0,49879.047,10.817356,Upper secondary,63,8,64,Centre,2,0,1.0572932
902916,0,0,0,59056.797,10.986255,Upper secondary,57,2,4,Centre,3,0,0.96363086
902949,0,0,0,25348.607,10.140479,Primary or less,90,35,-55,North,2,0,1.0286933
903046,0,0,0,11378.0,9.339437,Lower secondary,75,20,-112,South and Islands,1,1,0.8216831
903157,1,0,1,110549.4,11.613217,University,85,30,-124,Centre,2,0,0.06214407
903195,0,0,0,23904.703,10.081831,Primary or less,62,7,49,Centre,1,0,0.05019698
903358,0,0,0,21923.52,9.995316,Primary or less,80,25,113,South and Islands,2,0,1.3073124
903368,0,0,0,8400.0,9.035987,Primary or less,72,17,33,South and Islands,1,0,3.3808239
903373,0,0,0,8341.248,9.028968,Primary or less,62,7,49,South and Islands,2,0,2.275508
903424,1,1,0,41402.445,10.631095,University,59,4,16,Centre,1,1,1.0291073
903428,0,0,0,25064.926,10.129225,Lower secondary,85,30,-124,Centre,1,0,0.73411614
903656,0,0,0,23803.137,10.077573,Primary or less,68,13,-87,South and Islands,3,0,2.5628333
903735,0,0,0,49946.273,10.818704,University,55,0,0,Centre,2,1,1.5051081
904055,1,1,0,29000.742,10.275077,Upper secondary,79,24,64,North,1,1,4.8234224
904242,0,0,0,79927.0,11.288869,University,46,-9,81,South and Islands,3,1,0.08399815
904491,0,0,0,8000.0,8.987197,Primary or less,69,14,-60,North,1,1,2.399996
904510,1,1,1,42384.668,10.654542,Upper secondary,78,23,17,North,2,0,0.768206
904587,0,0,0,39725.086,10.589738,Lower secondary,83,28,16,Centre,3,1,0.7186214
904723,0,0,0,54039.625,10.897473,Upper secondary,74,19,105,North,2,0,0.73489714
904732,0,0,0,19000.0,9.852194,Upper secondary,91,36,16,North,1,1,1.0264643
904878,0,0,0,20432.748,9.924894,Primary or less,84,29,73,Centre,2,1,0.4845133
904888,0,0,0,9316.596,9.139553,Lower secondary,58,3,9,Centre,4,0,2.0768678
904927,0,0,0,46121.703,10.739038,Upper secondary,61,6,36,Centre,3,0,0.9835957
904956,0,0,0,12001.568,9.392793,Upper secondary,34,-21,-71,Centre,4,0,4.208343
905025,0,0,0,20461.5,9.9263,Primary or less,83,28,16,Centre,1,0,0.97740483
905067,0,0,0,39831.36,10.59241,Lower secondary,76,21,-71,North,2,1,2.191484
905085,0,0,0,126219.22,11.745775,Lower secondary,61,6,36,North,4,1,2.4237788
905113,1,0,1,53796.316,10.892961,Upper secondary,61,6,36,North,2,0,0.39605457
905122,1,0,0,64484.6,11.074182,Lower secondary,84,29,73,North,3,0,0.25986448
905165,0,0,0,7802.8223,8.962241,Primary or less,67,12,-112,North,1,1,1.4376063
905171,0,0,0,33852.17,10.429758,Lower secondary,81,26,-92,North,2,0,0.50188345
905217,0,0,0,9300.0,9.13777,Primary or less,54,-1,1,North,3,0,2.1831374
905220,0,0,0,45547.04,10.7265005,Lower secondary,65,10,100,North,2,0,0.3006388
905472,0,0,0,82544.164,11.321089,Upper secondary,69,14,-60,North,3,0,5.029209
906126,0,0,0,27646.951,10.227271,Primary or less,89,34,-124,North,2,0,0.17675546
906266,0,0,0,39118.625,10.574354,Primary or less,83,28,16,Centre,2,1,0.3944032
906362,1,1,0,19449.945,9.8756,Lower secondary,68,13,-87,North,2,0,1.1270719
906415,0,0,0,29136.568,10.279749,Upper secondary,67,12,-112,South and Islands,1,1,0.24056438
906436,0,0,0,42625.086,10.660198,Lower secondary,61,6,36,South and Islands,2,0,0.04441477
906503,1,1,0,25969.043,10.16466,Upper secondary,55,0,0,Centre,3,1,0.2660448
906532,1,1,0,52482.613,10.8682375,Lower secondary,63,8,64,North,3,0,0.33617032
906538,1,1,1,80882.4,11.300752,University,53,-2,4,North,4,0,0.518234
906545,1,1,0,60186.19,11.0051985,University,53,-2,4,North,4,0,0.5608469
906624,0,0,0,15610.976,9.655729,Lower secondary,73,18,68,North,1,1,1.2796589
906647,0,0,0,15000.0,9.615806,Upper secondary,65,10,100,North,1,1,0.90598226
906726,0,0,0,14300.04,9.568018,Primary or less,73,18,68,Centre,1,1,0.6675353
906885,1,1,1,62206.332,11.038212,Primary or less,65,10,100,North,3,0,3.2993975
907074,0,0,0,17585.68,9.77484,Primary or less,83,28,16,South and Islands,1,1,0.6263822
907373,0,0,0,25038.398,10.128166,Upper secondary,81,26,-92,Centre,2,0,0.38065162
907441,0,0,0,74170.26,11.214119,University,53,-2,4,North,3,0,7.6083055
907490,0,0,0,69468.22,11.148624,University,83,28,16,Centre,2,0,0.06551966
907644,0,0,0,26292.064,10.177023,University,66,11,121,North,2,0,0.27832705
907648,0,0,0,30315.807,10.319425,Lower secondary,92,37,89,North,2,0,0.52858293
907674,1,0,1,42876.047,10.666069,Upper secondary,85,30,-124,North,2,0,0.49408612
907776,0,0,0,38349.836,10.554505,University,76,21,-71,North,1,0,0.4308692
907852,0,0,0,27205.549,10.211176,Upper secondary,51,-4,16,North,1,1,1.2604024
907944,0,0,0,19007.84,9.852607,Primary or less,72,17,33,South and Islands,4,1,0.2901317
907985,1,0,1,26837.156,10.197542,Upper secondary,85,30,-124,North,2,1,0.626908
908051,0,0,0,11500.0,9.350102,Primary or less,64,9,81,South and Islands,5,1,0.4522928
908194,0,0,0,25685.99,10.153701,Upper secondary,58,3,9,North,2,1,0.24803509
908214,0,0,0,32776.312,10.397461,Upper secondary,86,31,-63,North,1,1,0.34242114
908384,0,0,0,22257.271,10.010424,Lower secondary,70,15,-31,South and Islands,2,0,1.1853018
908691,0,0,0,82330.34,11.318495,Upper secondary,69,14,-60,North,3,0,0.115367286
908706,0,0,0,74551.625,11.219247,University,57,2,4,North,4,0,0.760086
908864,1,1,0,54633.074,10.908395,Upper secondary,60,5,25,North,3,0,0.6138026
909050,1,1,1,74857.305,11.223339,University,61,6,36,North,3,0,0.18088464
909113,0,0,0,15318.893,9.636842,Primary or less,82,27,-39,North,1,1,5.329721
909244,0,0,0,35028.4,10.463915,Lower secondary,75,20,-112,North,2,0,0.9101597
909250,0,0,0,33172.477,10.409476,Upper secondary,67,12,-112,North,3,0,0.9647145
909259,0,0,0,88588.16,11.391753,Lower secondary,53,-2,4,North,2,0,0.3367862
909390,0,0,0,21674.193,9.983877,Upper secondary,48,-7,49,Centre,3,1,3.7790024
909399,0,0,0,41186.023,10.6258545,Primary or less,71,16,0,Centre,2,1,2.2367218
909493,0,0,0,14015.68,9.547932,Primary or less,79,24,64,South and Islands,2,0,0.5075615
909502,0,0,0,15615.68,9.656031,Lower secondary,75,20,-112,South and Islands,2,0,0.24279709
909623,0,0,0,43912.992,10.689965,University,40,-15,-31,South and Islands,3,0,0.26409093
909624,0,0,0,13707.84,9.525723,Upper secondary,38,-17,33,South and Islands,3,1,0.54678446
909728,0,0,0,69303.91,11.146256,Lower secondary,53,-2,4,North,3,0,1.6203026
909732,1,1,0,32913.68,10.401644,Upper secondary,66,11,121,North,1,0,0.9759117
909737,0,0,0,19959.217,9.901446,Primary or less,79,24,64,North,1,1,1.0290481
909744,1,1,0,41875.383,10.642453,Upper secondary,82,27,-39,North,1,0,0.9007281
909753,0,0,0,36668.188,10.509665,Primary or less,79,24,64,North,2,0,0.77912545
909798,0,0,0,27766.895,10.2316,Primary or less,74,19,105,North,2,0,0.65166324
909800,0,0,0,24567.523,10.10918,Primary or less,74,19,105,North,2,1,0.8954759
909978,0,0,0,17003.139,9.741154,University,57,2,4,North,1,1,0.6224253
909997,0,0,0,31123.568,10.34572,Primary or less,87,32,0,North,1,1,0.74145144
910009,1,0,0,33772.36,10.427398,Upper secondary,85,30,-124,North,1,1,0.6988039
910061,0,0,0,31776.867,10.366494,Upper secondary,71,16,0,North,2,0,0.29617015
910065,0,0,0,206753.86,12.2392845,University,66,11,121,North,2,1,0.57259923
910156,0,0,0,46285.83,10.742591,Lower secondary,52,-3,9,North,4,1,1.3529898
910176,0,0,0,22005.645,9.999054,Lower secondary,49,-6,36,North,2,0,1.702722
910218,0,0,0,40564.47,10.610648,Lower secondary,81,26,-92,North,1,0,2.13804
910274,0,0,0,621850.2,13.340454,University,53,-2,4,North,2,0,0.02102003
910335,0,0,0,60794.08,11.015247,Upper secondary,64,9,81,North,3,1,0.6980367
910358,1,1,0,76499.52,11.24504,University,52,-3,9,North,4,0,0.9884502
910476,0,0,0,22617.248,10.026468,Upper secondary,61,6,36,North,1,1,2.89436
910480,1,1,0,22838.893,10.036221,Lower secondary,59,4,16,North,2,1,0.28025848
910483,1,1,0,67253.734,11.116228,Upper secondary,71,16,0,North,3,1,0.39010775
910484,0,0,0,49276.105,10.805195,Upper secondary,75,20,-112,North,2,1,0.29619122
910485,1,1,1,31988.21,10.373123,Upper secondary,72,17,33,North,1,1,0.41363794
910503,0,0,0,53764.113,10.892362,University,51,-4,16,North,4,1,0.64272064
910509,0,0,0,63823.17,11.063871,Primary or less,53,-2,4,North,5,1,1.0703254
910514,0,0,0,55154.31,10.917891,Upper secondary,45,-10,100,North,6,0,0.5285629
910519,1,1,0,71608.766,11.178973,University,47,-8,64,North,4,0,0.613978
910525,0,0,0,26623.47,10.1895485,Lower secondary,82,27,-39,North,1,1,0.8142991
910528,1,1,0,50152.445,10.822823,Upper secondary,73,18,68,North,2,0,0.33559644
910561,0,0,0,51436.152,10.848097,Upper secondary,25,-30,-124,North,4,1,0.28430596
910564,0,0,0,15302.509,9.635772,Primary or less,48,-7,49,North,3,1,2.79797
910659,0,0,0,36437.062,10.503342,Lower secondary,65,10,100,North,4,0,0.64729136
910662,1,1,0,36522.152,10.505674,Lower secondary,79,24,64,North,2,0,0.5200027
910672,0,0,0,53321.688,10.884098,Upper secondary,68,13,-87,North,4,0,0.20728856
910675,0,0,0,38947.04,10.569958,Upper secondary,66,11,121,North,2,0,0.41400132
910685,0,0,0,32008.352,10.373753,Lower secondary,69,14,-60,North,3,0,1.0333456
910703,0,0,0,69219.47,11.145038,Upper secondary,64,9,81,North,3,0,0.2141744
910714,1,0,0,46090.637,10.738365,University,63,8,64,North,2,0,0.59364563
910814,0,0,0,34831.203,10.458269,Upper secondary,55,0,0,North,3,1,2.2177508
910816,0,0,0,30016.537,10.309504,Lower secondary,50,-5,25,North,4,1,2.6272893
910833,0,0,0,26010.71,10.166264,University,46,-9,81,North,4,0,2.0005515
910839,0,0,0,33920.074,10.431763,Upper secondary,58,3,9,North,2,1,0.7028084
910842,0,0,0,28984.479,10.274516,Upper secondary,73,18,68,North,2,0,0.29382533
910860,0,0,0,43597.188,10.682748,Upper secondary,64,9,81,North,3,0,0.41914794
910882,1,1,0,48836.645,10.796236,Lower secondary,76,21,-71,North,2,0,3.4427028
910933,0,0,0,10584.704,9.267165,Lower secondary,54,-1,1,North,1,0,0.8130636
910937,0,0,0,40039.875,10.597631,Upper secondary,73,18,68,North,2,0,0.53776574
910951,0,0,0,16431.568,9.70696,Lower secondary,61,6,36,North,3,0,1.250697
910983,1,0,1,36214.113,10.497204,Upper secondary,77,22,-28,North,1,1,4.8924265
910984,0,0,0,14302.509,9.568191,Lower secondary,75,20,-112,North,1,0,7.548881
910994,0,0,0,41162.72,10.625288,Lower secondary,64,9,81,North,3,0,6.193363
911061,0,0,0,29047.63,10.276692,Lower secondary,67,12,-112,North,2,0,4.201576
911071,0,0,0,17903.137,9.792731,Primary or less,86,31,-63,North,1,1,7.67177
911083,0,0,0,44712.258,10.708003,Lower secondary,59,4,16,North,2,0,4.805812
911087,0,0,0,34016.426,10.434599,Lower secondary,52,-3,9,North,3,0,8.189048
911093,0,0,0,30010.156,10.309291,Upper secondary,49,-6,36,North,2,1,7.800945
911115,1,1,0,30743.238,10.3334255,Lower secondary,62,7,49,North,2,0,7.7960186
911116,0,0,0,20529.408,9.929614,Primary or less,73,18,68,North,2,0,3.1458545
911117,0,0,0,17609.408,9.776189,Primary or less,84,29,73,North,1,0,5.113184
911119,0,0,0,37611.953,10.535077,Upper secondary,87,32,0,North,2,0,4.008149
911133,0,0,0,34044.293,10.435418,Upper secondary,58,3,9,North,1,0,3.6919048
911158,0,0,0,41351.938,10.629874,Lower secondary,74,19,105,North,2,1,0.30097494
911164,0,0,0,24978.398,10.125767,Lower secondary,70,15,-31,North,1,0,0.3558111
911168,0,0,0,27272.543,10.213635,Lower secondary,79,24,64,North,1,1,0.084117085
911175,0,0,0,21617.33,9.981251,Upper secondary,47,-8,64,North,4,1,0.8101157
911188,0,0,0,21036.74,9.954025,Primary or less,90,35,-55,North,1,0,0.21662204
911350,0,0,0,31477.994,10.357044,Lower secondary,80,25,113,North,1,0,0.39375877
911351,0,0,0,77780.7,11.261649,University,74,19,105,North,2,0,0.059386093
911366,1,1,0,4627.6606,8.439807,Upper secondary,54,-1,1,North,3,1,0.69610256
911371,1,0,1,45869.137,10.733548,Upper secondary,58,3,9,North,1,0,0.78853816
911448,1,1,0,48413.992,10.787544,Upper secondary,53,-2,4,North,2,0,0.54304355
911470,0,0,0,16704.686,9.723445,Primary or less,93,38,-92,North,1,1,0.95778745
911509,0,0,0,20516.482,9.928984,Primary or less,88,33,65,North,2,0,0.57060856
911531,0,0,0,135836.77,11.819209,University,88,33,65,North,2,0,0.060088154
911563,0,0,0,114325.66,11.646807,University,76,21,-71,North,2,0,0.086324655
911579,0,0,0,23633.16,10.070406,Upper secondary,65,10,100,North,1,1,0.84116685
911580,1,1,1,114819.9,11.65112,University,75,20,-112,North,1,0,0.4496185
911638,0,0,0,53185.473,10.88154,University,80,25,113,North,2,0,0.44322598
911652,0,0,0,53674.01,10.890684,University,53,-2,4,North,3,1,1.8351711
911689,0,0,0,29315.68,10.285878,Lower secondary,60,5,25,North,1,0,1.8184392
911706,0,0,0,30080.0,10.311616,Upper secondary,40,-15,-31,North,5,1,5.759817
911922,0,0,0,31186.73,10.347748,Lower secondary,72,17,33,North,3,0,0.64850646
911963,0,0,0,32818.816,10.398757,Lower secondary,68,13,-87,North,2,0,3.645922
912022,0,0,0,77666.625,11.260181,Upper secondary,48,-7,49,North,1,0,0.7892354
912146,1,1,0,38544.09,10.559558,Upper secondary,64,9,81,North,2,0,0.64831036
912147,1,1,1,83972.21,11.338242,Upper secondary,75,20,-112,North,2,0,0.47921392
912148,1,1,0,37508.19,10.532314,Upper secondary,59,4,16,North,1,1,1.4616499
912151,0,0,0,27500.627,10.221964,University,56,1,1,North,3,1,1.6574919
912154,0,0,0,38800.047,10.566176,Upper secondary,43,-12,-112,North,4,0,2.6776733
912192,0,0,0,18781.031,9.840603,Upper secondary,65,10,100,North,1,0,4.825926
912205,0,0,0,24065.582,10.088538,Upper secondary,57,2,4,North,2,1,3.918189
912222,0,0,0,33402.508,10.416387,Primary or less,87,32,0,North,2,0,2.678142
912227,0,0,0,28500.0,10.257659,Lower secondary,69,14,-60,North,1,1,2.4218469
912262,0,0,0,20302.502,9.918499,Primary or less,80,25,113,North,2,0,0.82304704
912274,0,0,0,22121.35,10.004298,Primary or less,76,21,-71,North,2,1,1.0017167
912338,0,0,0,37143.902,10.522555,Upper secondary,53,-2,4,North,5,0,8.034343
912360,0,0,0,56652.477,10.944691,Upper secondary,76,21,-71,North,1,0,2.5346065
912362,0,0,0,32892.76,10.401008,Lower secondary,81,26,-92,North,2,0,2.2029793
912372,1,0,1,64629.8,11.076431,University,74,19,105,North,2,0,1.4766543
912398,0,0,0,10286.301,9.238568,Upper secondary,72,17,33,North,1,0,5.1153064
912449,0,0,0,16907.84,9.735533,Upper secondary,69,14,-60,North,1,1,2.932248
912451,1,1,0,81052.164,11.302848,Upper secondary,70,15,-31,North,2,0,1.5769018
912456,0,0,0,21503.137,9.975954,Primary or less,84,29,73,North,1,0,2.8964798
912482,0,0,0,31678.398,10.36339,University,38,-17,33,North,1,1,8.05108
912552,1,1,0,43294.848,10.675789,University,79,24,64,North,2,0,0.30262607
912555,0,0,0,48990.27,10.799377,Lower secondary,57,2,4,North,5,1,1.2775452
912563,1,1,0,43749.723,10.68624,University,40,-15,-31,North,1,1,2.0037723
912591,1,1,0,78380.11,11.269325,Lower secondary,72,17,33,North,2,0,0.97345865
912597,1,1,0,49125.79,10.802139,Upper secondary,75,20,-112,North,2,0,0.9680585
912634,1,1,0,85476.914,11.356002,Upper secondary,67,12,-112,North,2,0,2.7155871
912635,1,0,1,57563.688,10.960648,Lower secondary,81,26,-92,North,2,1,2.1033177
912664,1,0,1,74260.88,11.21534,Lower secondary,65,10,100,North,4,0,3.0137603
912716,1,1,0,51756.96,10.854314,Upper secondary,75,20,-112,North,2,0,0.29100224
912721,1,1,0,56551.535,10.942907,Lower secondary,72,17,33,North,2,0,0.3334771
912768,0,0,0,35801.227,10.485738,Upper secondary,60,5,25,North,1,1,1.4829462
912821,0,0,0,32028.627,10.374386,Lower secondary,71,16,0,North,1,1,0.7723712
912891,1,1,1,73013.05,11.198394,Upper secondary,77,22,-28,North,2,0,0.5334783
912905,1,0,1,56409.2,10.940388,University,55,0,0,North,2,0,0.49186596
912947,0,0,0,51017.0,10.839914,University,52,-3,9,North,1,0,1.1491004
913072,0,0,0,40620.383,10.612025,University,58,3,9,North,1,0,0.5497701
913080,0,0,0,25401.568,10.142567,Primary or less,68,13,-87,North,2,0,0.20374534
913161,0,0,0,40703.137,10.61406,Lower secondary,60,5,25,North,3,0,0.86445206
913203,0,0,0,19304.703,9.868104,Lower secondary,68,13,-87,North,2,0,0.6519296
913207,0,0,0,29017.248,10.275645,Lower secondary,72,17,33,North,1,1,0.8343195
913208,1,0,1,79697.68,11.2859955,Upper secondary,57,2,4,North,4,0,2.2605672
913229,0,0,0,6504.704,8.780281,Lower secondary,53,-2,4,North,1,0,3.8672342
913236,0,0,0,28844.295,10.269668,Lower secondary,67,12,-112,North,1,0,4.8738537
913259,0,0,0,20806.271,9.943009,Upper secondary,56,1,1,North,1,1,6.7665625
913415,0,0,0,3946.5698,8.280602,Upper secondary,52,-3,9,North,1,0,4.537695
913470,1,1,0,25179.902,10.133801,Primary or less,76,21,-71,North,2,0,3.0392423
913471,0,0,0,23790.482,10.077041,Primary or less,74,19,105,North,2,0,4.1078234
913472,0,0,0,44748.223,10.708807,Lower secondary,67,12,-112,North,3,0,5.339579
913474,0,0,0,40935.2,10.619745,Upper secondary,64,9,81,North,3,0,5.1294556
913481,1,1,0,33414.867,10.416757,Upper secondary,54,-1,1,North,3,0,8.183768
913486,0,0,0,10003.763,9.210716,Upper secondary,53,-2,4,North,4,0,8.27435
913487,0,0,0,27943.775,10.237949,Lower secondary,70,15,-31,North,2,0,2.1640077
913564,1,1,0,37825.574,10.540741,Lower secondary,76,21,-71,North,1,0,0.6482447
913577,1,1,0,98809.85,11.500953,University,51,-4,16,North,1,0,0.8839123
913613,0,0,0,56930.0,10.949577,Primary or less,80,25,113,North,3,0,0.4076429
913646,0,0,0,26846.277,10.197883,Lower secondary,74,19,105,North,1,1,1.2311739
913651,0,0,0,30474.346,10.32464,Upper secondary,81,26,-92,North,2,1,0.83386767
913658,1,1,0,59611.402,10.995603,University,74,19,105,North,2,1,0.6926793
913660,0,0,0,73924.516,11.2108,Lower secondary,67,12,-112,North,4,0,1.2433769
913662,1,1,0,45355.645,10.72229,Upper secondary,66,11,121,North,2,1,0.91710234
913668,0,0,0,42583.926,10.659232,Lower secondary,61,6,36,North,2,0,0.93376714
913669,0,0,0,77342.04,11.255993,Upper secondary,62,7,49,North,3,0,1.0730925
913681,1,1,0,28439.133,10.255522,Primary or less,87,32,0,North,1,1,1.208612
913701,0,0,0,47939.05,10.777686,Lower secondary,85,30,-124,North,2,0,0.7625343
913752,0,0,0,63871.926,11.064635,Lower secondary,52,-3,9,North,4,0,0.34263512
913754,1,0,1,378548.72,12.8441,University,80,25,113,North,2,0,0.04886809
913784,0,0,0,26105.68,10.169909,Primary or less,82,27,-39,North,2,0,0.8136531
913788,0,0,0,56406.68,10.940343,Upper secondary,79,24,64,North,2,0,0.866489
913826,0,0,0,23588.156,10.0685005,Upper secondary,67,12,-112,North,1,1,0.2429639
913827,0,0,0,32507.84,10.389236,Upper secondary,62,7,49,North,1,0,0.5628775
913830,0,0,0,13661.76,9.522356,Primary or less,89,34,-124,North,1,1,0.53947663
913874,0,0,0,19971.36,9.902055,Primary or less,84,29,73,North,1,1,1.2468929
913876,0,0,0,57306.348,10.956166,Primary or less,78,23,17,North,3,0,1.066898
913902,0,0,0,46900.664,10.755787,Upper secondary,43,-12,-112,North,3,0,4.5016255
913912,0,0,0,53785.113,10.892752,Upper secondary,68,13,-87,North,2,0,0.7608332
913925,0,0,0,16288.188,9.698195,Primary or less,89,34,-124,North,1,1,2.4284146
913926,0,0,0,91587.14,11.425046,Upper secondary,63,8,64,North,5,0,1.7359065
913933,0,0,0,110363.414,11.611534,Upper secondary,58,3,9,North,5,0,1.3899244
913934,0,0,0,109170.055,11.600662,Upper secondary,60,5,25,North,5,0,1.3892361
913950,0,0,0,36410.977,10.502625,Lower secondary,32,-23,17,North,5,0,7.8526692
913954,0,0,0,31665.854,10.362994,Upper secondary,50,-5,25,North,1,0,4.7093225
913961,0,0,0,25575.785,10.149402,Lower secondary,75,20,-112,North,1,0,1.3888842
913962,0,0,0,18184.703,9.808336,Primary or less,88,33,65,North,1,1,2.312081
913965,0,0,0,20046.018,9.905786,Upper secondary,71,16,0,North,1,0,3.0118237
914003,0,0,0,22420.006,10.017709,Upper secondary,67,12,-112,North,1,1,1.7918907
914006,0,0,0,34926.176,10.460992,Lower secondary,78,23,17,North,1,1,1.7740427
914011,0,0,0,45336.797,10.721874,Lower secondary,73,18,68,North,2,1,1.7735624
914047,0,0,0,49182.23,10.8032875,Upper secondary,71,16,0,North,2,0,0.4740063
914051,0,0,0,38450.176,10.557118,Primary or less,76,21,-71,North,2,0,0.7140296
914055,0,0,0,40875.26,10.61828,Primary or less,78,23,17,North,2,0,0.71614987
914059,0,0,0,20251.742,9.915997,Lower secondary,85,30,-124,North,1,1,3.018651
914060,0,0,0,24034.496,10.087246,Upper secondary,77,22,-28,North,1,1,0.92750424
914113,1,1,0,41067.504,10.6229725,Upper secondary,79,24,64,North,1,1,0.20583044
914149,0,0,0,57807.67,10.964877,Upper secondary,63,8,64,North,2,1,0.05430864
914187,0,0,0,69709.76,11.152096,Upper secondary,70,15,-31,North,2,0,0.24235947
914280,0,0,0,34021.953,10.434761,Primary or less,79,24,64,North,2,0,2.1871884
914286,1,0,1,25389.957,10.142109,Lower secondary,67,12,-112,North,2,0,1.6388178
914421,0,0,0,70281.664,11.160266,Upper secondary,62,7,49,North,4,0,0.15587701
914454,0,0,0,36484.6,10.504645,Primary or less,71,16,0,North,2,0,2.093649
914456,1,0,1,43586.086,10.682493,University,72,17,33,North,2,0,1.2229564
914460,1,1,0,41057.715,10.622734,Lower secondary,68,13,-87,North,2,0,4.012562
914508,1,1,0,45749.453,10.730935,Upper secondary,69,14,-60,North,2,0,0.26467493
914525,0,0,0,25231.36,10.135843,Lower secondary,62,7,49,North,2,0,0.06510837
914547,1,1,0,69612.42,11.150699,Upper secondary,73,18,68,North,2,0,1.5306423
914551,0,0,0,30640.395,10.330074,Lower secondary,57,2,4,North,2,0,4.417037
914602,0,0,0,21068.816,9.955549,Primary or less,68,13,-87,North,2,0,0.66214883
914633,1,1,0,60637.14,11.012663,University,64,9,81,North,1,1,0.5278096
914635,0,0,0,26004.703,10.166033,Lower secondary,67,12,-112,North,4,0,0.83760226
914637,0,0,0,35421.953,10.475087,Lower secondary,83,28,16,North,2,0,0.48516503
914640,0,0,0,19003.139,9.85236,Primary or less,78,23,17,North,1,0,1.9758105
914646,1,0,1,30897.754,10.338439,Lower secondary,57,2,4,North,1,1,0.3656263
914657,0,0,0,30585.432,10.3282795,Upper secondary,55,0,0,North,3,0,0.80845743
914687,0,0,0,17021.951,9.742259,Lower secondary,57,2,4,North,1,0,1.6108754
914699,0,0,0,29518.54,10.292774,Upper secondary,56,1,1,North,3,1,0.8677367
914706,0,0,0,24015.68,10.086462,Lower secondary,58,3,9,North,4,0,1.7533251
914715,0,0,0,13504.704,9.510794,Upper secondary,53,-2,4,North,2,1,2.6267421
914722,1,1,0,10465.118,9.255803,Upper secondary,74,19,105,North,1,1,1.1911353
914733,0,0,0,68010.8,11.127421,Upper secondary,79,24,64,North,3,0,0.4961731
914763,0,0,0,9015.432,9.106693,Upper secondary,49,-6,36,North,1,1,4.3917866
914801,0,0,0,49529.25,10.810319,Upper secondary,65,10,100,North,3,0,0.66864336
914874,0,0,0,6000.0,8.699514,Primary or less,65,10,100,North,1,1,1.3311142
914902,1,1,0,33356.49,10.415008,Lower secondary,57,2,4,North,1,0,6.1911626
914934,1,1,1,80828.47,11.300084,University,78,23,17,North,1,0,0.018038047
914956,0,0,0,52749.63,10.873312,Upper secondary,82,27,-39,North,2,0,0.13416716
914962,0,0,0,86236.336,11.364847,Primary or less,77,22,-28,North,3,0,0.11395326
914966,0,0,0,51635.723,10.851969,Upper secondary,70,15,-31,North,2,0,0.14816372
915002,1,1,0,47539.953,10.769326,Primary or less,84,29,73,North,3,0,0.37843645
915008,0,0,0,44794.08,10.709831,Lower secondary,62,7,49,North,3,1,0.351309
915010,0,0,0,36345.438,10.500824,Lower secondary,75,20,-112,North,2,0,0.35839456
915011,0,0,0,13731.359,9.527437,Primary or less,87,32,0,North,1,1,2.4973676
915047,0,0,0,25183.574,10.133947,Upper secondary,86,31,-63,North,1,0,2.3936067
915051,0,0,0,41357.367,10.630006,Lower secondary,81,26,-92,North,2,0,2.086863
915053,0,0,0,25966.748,10.164572,Primary or less,67,12,-112,North,2,1,2.0135498
915091,0,0,0,33381.535,10.415758,Primary or less,74,19,105,North,2,0,0.084765345
915096,0,0,0,12904.391,9.4653225,Lower secondary,75,20,-112,North,2,0,0.43814892
915104,1,1,0,34253.45,10.441543,Primary or less,87,32,0,North,2,1,0.12099499
915110,0,0,0,33321.324,10.413953,Upper secondary,52,-3,9,North,4,1,0.28757837
915113,0,0,0,46397.67,10.745005,Upper secondary,40,-15,-31,North,2,0,0.20914674
915161,1,1,0,33395.26,10.416169,University,72,17,33,North,2,0,0.23134792
915212,1,1,0,37432.156,10.530286,Upper secondary,61,6,36,North,1,0,1.6605229
915234,0,0,0,97814.875,11.490832,Upper secondary,37,-18,68,North,3,0,3.799504
915236,0,0,0,59215.68,10.988941,Upper secondary,51,-4,16,North,3,1,4.550541
915243,0,0,0,82520.97,11.320807,Lower secondary,63,8,64,North,6,1,2.329262
915250,0,0,0,53572.668,10.888794,Upper secondary,57,2,4,North,3,0,2.731574
915318,0,0,0,26510.797,10.1853075,Upper secondary,75,20,-112,North,1,1,1.5235584
915336,0,0,0,11402.822,9.341617,Primary or less,92,37,89,North,1,1,5.447923
915338,0,0,0,37425.344,10.530104,Upper secondary,50,-5,25,North,4,1,4.992287
915372,1,1,0,76565.35,11.2459,Upper secondary,69,14,-60,North,4,0,1.803536
915413,0,0,0,53181.707,10.88147,Upper secondary,71,16,0,North,2,0,2.2028186
915421,0,0,0,23070.383,10.046305,Lower secondary,76,21,-71,North,1,1,3.5072348
915455,0,0,0,51592.125,10.851125,Primary or less,85,30,-124,North,1,0,7.42203
915470,0,0,0,16603.137,9.717347,Primary or less,77,22,-28,North,1,1,2.8239834
915488,0,0,0,31090.941,10.344672,University,51,-4,16,North,1,1,6.9872985
915506,0,0,0,22707.525,10.030452,Lower secondary,74,19,105,North,2,0,0.17600648
915507,0,0,0,21207.646,9.962117,Lower secondary,76,21,-71,North,1,1,0.5556324
915513,0,0,0,56002.824,10.933157,Upper secondary,52,-3,9,North,3,1,0.27860543
915528,0,0,0,34459.254,10.447533,Upper secondary,43,-12,-112,North,1,0,2.1611874
915578,1,1,0,64637.766,11.076554,Upper secondary,38,-17,33,North,4,1,0.70466113
915632,0,0,0,18215.68,9.810038,Primary or less,87,32,0,North,2,0,0.7099568
915646,1,1,0,25841.68,10.159744,Upper secondary,85,30,-124,North,1,1,0.82744366
915653,1,1,0,72254.734,11.187953,Upper secondary,53,-2,4,North,4,1,0.6855301
915678,0,0,0,21632.574,9.981956,Lower secondary,95,40,64,North,1,0,2.5427701
915680,0,0,0,86385.06,11.36657,Lower secondary,60,5,25,North,4,0,4.906855
915692,0,0,0,103614.9,11.548436,University,62,7,49,North,4,0,2.6088717
915705,0,0,0,53701.71,10.8912,Lower secondary,65,10,100,North,2,0,7.6771493
915707,0,0,0,13512.386,9.511362,Lower secondary,68,13,-87,North,1,1,4.7083955
915728,0,0,0,41506.023,10.633594,Upper secondary,74,19,105,North,2,0,1.6440233
915767,0,0,0,32433.023,10.386932,Upper secondary,87,32,0,North,2,0,0.13911016
915768,0,0,0,22422.504,10.01782,Lower secondary,66,11,121,North,1,0,0.46143505
915774,0,0,0,62345.13,11.040441,Lower secondary,66,11,121,North,3,0,0.07702039
915784,0,0,0,22958.025,10.041423,Lower secondary,61,6,36,North,1,0,0.3448555
915786,0,0,0,60236.195,11.006029,Upper secondary,59,4,16,North,2,0,0.036223225
915789,0,0,0,32745.8,10.39653,University,71,16,0,North,2,0,0.20479926
915819,0,0,0,26874.516,10.198934,Lower secondary,60,5,25,North,1,1,0.3783989
915860,0,0,0,19756.166,9.891221,Upper secondary,67,12,-112,North,1,1,6.8663116
915882,0,0,0,21704.703,9.985284,Lower secondary,62,7,49,North,1,0,3.3300252
915897,0,0,0,62173.293,11.037681,Lower secondary,50,-5,25,North,4,0,0.88183844
915902,0,0,0,38518.85,10.558903,Lower secondary,74,19,105,North,2,0,1.8523204
915943,0,0,0,37787.242,10.539727,University,60,5,25,North,2,1,1.7914116
916011,1,1,0,35781.195,10.485178,Upper secondary,60,5,25,North,1,1,1.6418059
916012,1,1,0,47240.598,10.763009,Lower secondary,59,4,16,North,2,0,1.2019871
916044,1,0,1,85035.44,11.350823,Primary or less,83,28,16,North,3,0,1.5131612
916052,0,0,0,46640.055,10.750215,Lower secondary,63,8,64,North,3,0,0.5250546
916149,1,1,0,59262.652,10.989735,University,56,1,1,North,5,0,0.4813271
916205,0,0,0,17806.271,9.787306,Primary or less,45,-10,100,North,1,0,3.0988266
916275,0,0,0,37523.953,10.532735,Primary or less,82,27,-39,North,2,0,0.16757783
916373,0,0,0,38307.67,10.553406,Upper secondary,87,32,0,North,1,0,0.17052728
916449,0,0,0,18262.508,9.812606,Lower secondary,33,-22,-28,North,3,1,1.8986678
916451,0,0,0,32763.662,10.397076,University,57,2,4,North,1,1,0.6211104
916537,1,0,1,49815.92,10.81609,University,44,-11,121,North,1,0,2.0418844
916612,1,1,0,38494.0,10.558258,Upper secondary,71,16,0,North,1,1,2.230533
916613,1,1,0,62597.57,11.044482,Primary or less,70,15,-31,North,2,0,1.7259755
916626,0,0,0,34305.645,10.443066,Primary or less,76,21,-71,North,2,0,0.40027002
916634,0,0,0,26699.756,10.1924095,Lower secondary,71,16,0,North,1,1,2.2973516
916658,1,1,0,47495.285,10.768386,University,74,19,105,North,1,1,0.112633616
916674,0,0,0,24300.0,10.098231,Upper secondary,44,-11,121,North,5,1,1.632037
916805,0,0,0,41754.08,10.639552,University,73,18,68,North,2,0,0.16054134
916809,0,0,0,24968.74,10.12538,Lower secondary,69,14,-60,North,1,1,0.5973616
916826,0,0,0,31702.719,10.364158,University,66,11,121,North,1,0,0.7358069
916843,1,1,0,83256.99,11.329687,University,69,14,-60,North,3,0,1.4381176
916853,0,0,0,9047.039,9.110193,Lower secondary,46,-9,81,North,1,0,1.8717227
916860,0,0,0,32083.188,10.376087,Lower secondary,71,16,0,North,1,0,2.2560914
916876,0,0,0,50563.484,10.830985,Lower secondary,76,21,-71,North,2,0,0.90012115
916929,0,0,0,51378.82,10.846981,Upper secondary,49,-6,36,North,2,0,0.55592906
916950,0,0,0,73175.5,11.200616,Lower secondary,65,10,100,North,2,0,0.2540379
916952,0,0,0,17203.88,9.752891,Upper secondary,57,2,4,North,1,1,0.93304646
916980,0,0,0,29821.36,10.30298,Primary or less,82,27,-39,North,2,0,0.93634415
916989,1,0,1,29496.58,10.292029,Upper secondary,62,7,49,North,1,0,4.416426
917021,1,0,1,67914.4,11.126003,Lower secondary,82,27,-39,North,2,0,0.21412797
917025,0,0,0,25403.137,10.142628,Lower secondary,57,2,4,North,3,0,0.35364762
917027,1,1,0,36216.09,10.497259,Upper secondary,63,8,64,North,1,1,1.1797819
917034,1,1,0,30639.396,10.330042,Upper secondary,57,2,4,North,1,1,1.2100244
917035,1,1,0,56559.99,10.943057,University,45,-10,100,North,4,0,0.5055595
917038,0,0,0,60756.797,11.014634,Lower secondary,67,12,-112,North,2,0,0.22570252
917039,1,1,1,72395.69,11.189902,Upper secondary,73,18,68,North,2,0,0.18712714
917040,1,1,1,56199.64,10.936666,Upper secondary,64,9,81,North,2,0,0.23382983
917152,0,0,0,44252.23,10.697661,University,50,-5,25,North,5,0,8.308966
917162,0,0,0,20814.111,9.943386,Lower secondary,59,4,16,Centre,1,0,1.3568575
917165,0,0,0,20094.078,9.90818,Primary or less,80,25,113,Centre,1,0,0.5516254
917201,0,0,0,37403.137,10.52951,Upper secondary,57,2,4,Centre,2,0,0.58328396
917205,0,0,0,13004.704,9.473066,Upper secondary,85,30,-124,Centre,1,0,0.91475165
917216,0,0,0,39613.137,10.586916,Upper secondary,76,21,-71,Centre,2,0,0.4913894
917218,0,0,0,44588.746,10.705236,Upper secondary,71,16,0,Centre,1,1,0.6001367
917221,1,1,0,57984.258,10.967927,Lower secondary,63,8,64,Centre,3,0,0.51166904
917224,0,0,0,77237.63,11.2546425,Lower secondary,55,0,0,Centre,3,0,1.0392982
917225,1,1,0,57715.57,10.963283,University,59,4,16,Centre,3,0,0.62652785
917227,0,0,0,24502.508,10.106531,Lower secondary,59,4,16,Centre,2,0,0.41959932
917247,0,0,0,71256.445,11.174041,Upper secondary,74,19,105,Centre,2,0,4.636319
917248,0,0,0,50692.72,10.833538,Lower secondary,65,10,100,Centre,3,0,2.0395353
917252,1,1,0,42057.902,10.646803,Upper secondary,62,7,49,Centre,2,0,2.4215004
917253,0,0,0,27127.04,10.208286,Primary or less,73,18,68,Centre,2,0,2.1048536
917254,1,1,0,41839.965,10.641607,Lower secondary,68,13,-87,Centre,2,0,1.8839153
917276,0,0,0,48665.418,10.792724,University,50,-5,25,Centre,3,0,5.8031034
917295,0,0,0,34625.438,10.452344,Lower secondary,64,9,81,Centre,2,1,1.8774583
917296,0,0,0,22287.98,10.011803,Primary or less,95,40,64,Centre,1,1,1.3182795
917297,0,0,0,72485.195,11.191137,Lower secondary,67,12,-112,Centre,3,0,1.1317475
917298,0,0,0,44428.92,10.701646,Upper secondary,69,14,-60,Centre,2,1,0.7418598
917300,0,0,0,19001.254,9.852261,Upper secondary,51,-4,16,Centre,1,0,2.6445167
917308,0,0,0,38419.34,10.556316,Lower secondary,70,15,-31,Centre,2,1,0.93770504
917356,0,0,0,41791.36,10.640445,Upper secondary,59,4,16,Centre,3,0,0.66318893
917363,0,0,0,9800.0,9.190138,Upper secondary,54,-1,1,Centre,1,0,0.50261974
917375,0,0,0,53131.36,10.880523,Lower secondary,55,0,0,Centre,3,0,1.1429721
917381,0,0,0,24894.252,10.122393,Primary or less,88,33,65,Centre,1,1,0.537488
917389,0,0,0,21648.607,9.982697,Primary or less,88,33,65,Centre,1,1,0.5490185
917390,0,0,0,26697.213,10.192314,Upper secondary,57,2,4,Centre,1,0,0.9676088
917392,0,0,0,37378.746,10.528857,Lower secondary,68,13,-87,Centre,2,0,0.42516166
917396,0,0,0,25544.252,10.148168,Primary or less,76,21,-71,Centre,1,1,0.4945663
917402,0,0,0,42237.98,10.651075,Upper secondary,59,4,16,Centre,3,0,0.66943985
917403,0,0,0,27303.486,10.214769,Upper secondary,56,1,1,Centre,1,0,0.87272555
917517,0,0,0,20515.68,9.928945,University,57,2,4,Centre,1,0,0.73092955
917519,1,1,0,28403.111,10.254254,Upper secondary,65,10,100,Centre,1,0,0.14401753
917529,0,0,0,114652.9,11.649665,University,70,15,-31,Centre,2,0,0.051577974
917569,0,0,0,59078.977,10.98663,University,81,26,-92,Centre,2,0,1.3463982
917577,0,0,0,23057.84,10.045761,Upper secondary,71,16,0,Centre,2,1,2.138207
917661,0,0,0,16823.63,9.73054,Primary or less,87,32,0,Centre,1,1,2.5166109
917663,0,0,0,9253.618,9.13277,Primary or less,76,21,-71,Centre,1,1,2.5197737
917667,0,0,0,48119.906,10.781451,Upper secondary,62,7,49,Centre,3,1,1.5439082
917702,0,0,0,32182.234,10.379169,Upper secondary,72,17,33,Centre,2,0,0.18332987
917765,0,0,0,11783.52,9.374457,Lower secondary,77,22,-28,Centre,1,1,1.125876
917794,0,0,0,54710.664,10.909814,Upper secondary,47,-8,64,Centre,2,0,2.5503728
917804,0,0,0,54868.992,10.9127035,Lower secondary,65,10,100,Centre,4,0,2.1847398
917844,0,0,0,24053.137,10.08802,Lower secondary,78,23,17,Centre,2,1,0.46556935
917876,0,0,0,11700.708,9.367405,Primary or less,64,9,81,Centre,4,0,2.1201944
917916,0,0,0,14300.043,9.568018,Primary or less,71,16,0,Centre,2,1,0.9669873
917926,1,1,0,49295.996,10.805598,University,76,21,-71,Centre,1,1,0.5044021
917942,0,0,0,33191.445,10.410048,Upper secondary,62,7,49,Centre,1,1,0.7491056
917964,0,0,0,41909.406,10.643266,Upper secondary,57,2,4,Centre,2,0,0.53208977
918014,0,0,0,33515.68,10.419768,Upper secondary,81,26,-92,Centre,1,0,0.4323297
918015,0,0,0,13696.704,9.524911,Primary or less,89,34,-124,Centre,1,0,0.66463846
918059,0,0,0,38167.207,10.549732,Lower secondary,71,16,0,Centre,4,0,3.048762
918071,0,0,0,21684.67,9.984361,Lower secondary,77,22,-28,Centre,2,0,2.4279988
918072,0,0,0,57405.594,10.957897,Upper secondary,77,22,-28,Centre,2,1,2.0913715
918084,0,0,0,24523.52,10.107388,Primary or less,80,25,113,Centre,2,1,4.3872695
918105,0,0,0,65409.406,11.088422,Upper secondary,55,0,0,Centre,2,0,0.46736592
918158,0,0,0,32807.84,10.398423,Upper secondary,78,23,17,Centre,2,0,0.3878679
918162,0,0,0,7700.3135,8.949017,Lower secondary,60,5,25,Centre,2,0,0.67841965
918249,1,1,0,79695.305,11.285966,Upper secondary,64,9,81,Centre,3,0,0.649156
918251,0,0,0,24552.893,10.108585,Primary or less,78,23,17,Centre,2,0,0.30987504
918287,1,0,1,58149.86,10.970778,Lower secondary,78,23,17,Centre,3,0,0.40794265
918337,0,0,0,19264.111,9.865999,Upper secondary,76,21,-71,Centre,1,1,0.47812048
918360,0,0,0,40221.85,10.602166,University,70,15,-31,Centre,2,1,0.5196475
918381,1,1,1,42380.207,10.654437,Upper secondary,64,9,81,Centre,1,1,0.87146163
918386,0,0,0,21451.742,9.973561,Primary or less,83,28,16,Centre,1,1,0.89625436
918410,0,0,0,65225.438,11.085605,Upper secondary,74,19,105,Centre,2,0,0.5056575
918428,1,1,0,79540.5,11.284021,University,65,10,100,Centre,2,1,0.52853954
918449,1,1,0,42849.145,10.665441,Lower secondary,67,12,-112,Centre,2,1,0.55034965
918464,1,1,0,47961.215,10.778148,University,51,-4,16,Centre,2,0,2.7522745
918590,0,0,0,20153.8,9.911148,University,61,6,36,Centre,1,1,1.2803794
918626,0,0,0,37860.918,10.541675,Primary or less,82,27,-39,Centre,1,0,2.7676
918633,0,0,0,30993.902,10.341546,Primary or less,80,25,113,Centre,2,1,2.3121965
918648,0,0,0,59333.965,10.990937,Upper secondary,71,16,0,Centre,2,0,1.9538388
918674,0,0,0,31266.277,10.350295,Primary or less,69,14,-60,Centre,2,1,0.29636636
918675,0,0,0,33691.19,10.424992,Primary or less,70,15,-31,Centre,2,1,0.2988257
918679,0,0,0,45329.324,10.721709,Lower secondary,84,29,73,Centre,2,1,0.38602033
918680,0,0,0,28023.838,10.24081,Lower secondary,78,23,17,Centre,1,1,0.42278436
918684,0,0,0,52490.23,10.868382,Upper secondary,70,15,-31,Centre,2,1,0.31308553
918694,0,0,0,89049.625,11.396949,University,61,6,36,Centre,2,1,1.203786
918702,0,0,0,55398.25,10.922303,University,57,2,4,Centre,3,1,1.0464594
918729,0,0,0,32743.88,10.396471,Upper secondary,80,25,113,Centre,2,0,0.47666788
918769,0,0,0,33227.586,10.411136,Primary or less,85,30,-124,Centre,2,0,2.3232236
918774,0,0,0,22461.512,10.019559,Primary or less,79,24,64,Centre,1,1,2.9097855
918821,1,1,0,41533.547,10.634256,Upper secondary,53,-2,4,Centre,1,0,2.4081357
918860,0,0,0,51480.75,10.848963,Primary or less,85,30,-124,Centre,2,0,0.46642208
918910,1,1,0,26074.572,10.1687155,Upper secondary,70,15,-31,Centre,1,0,1.2827481
918930,0,0,0,9004.704,9.105502,Upper secondary,32,-23,17,Centre,1,0,2.4595783
918931,0,0,0,12504.704,9.43386,Primary or less,41,-14,-60,Centre,1,0,5.8146467
918936,0,0,0,9201.568,9.12713,Upper secondary,42,-13,-87,Centre,4,1,2.7801802
918939,0,0,0,15159.389,9.626375,Primary or less,75,20,-112,Centre,2,0,0.5305951
918960,0,0,0,21684.67,9.984361,Upper secondary,50,-5,25,Centre,1,1,8.014263
918964,1,0,1,65076.855,11.083324,Lower secondary,67,12,-112,Centre,4,0,2.746355
918973,0,0,0,23619.188,10.069815,University,70,15,-31,Centre,1,1,1.4140842
918997,0,0,0,51828.4,10.855694,Lower secondary,73,18,68,Centre,2,0,0.7497179
919033,0,0,0,44120.824,10.694687,Upper secondary,75,20,-112,Centre,2,1,2.589407
919039,0,0,0,62753.855,11.046975,Upper secondary,56,1,1,Centre,4,1,1.4472679
919046,0,0,0,51764.98,10.854469,Lower secondary,82,27,-39,Centre,2,1,1.3676561
919082,0,0,0,33392.875,10.416098,Lower secondary,66,11,121,Centre,1,1,1.4901645
919097,0,0,0,26500.35,10.184914,Primary or less,87,32,0,Centre,1,0,2.8109303
919134,0,0,0,9557.822,9.165115,Upper secondary,82,27,-39,Centre,1,0,3.0039277
919170,1,1,0,61055.402,11.019537,University,80,25,113,Centre,1,0,0.2581526
919256,0,0,0,12860.313,9.461902,Primary or less,83,28,16,Centre,1,1,0.6241908
919278,0,0,0,43852.543,10.688588,Lower secondary,45,-10,100,Centre,4,1,1.06572
919286,0,0,0,25459.516,10.144845,Lower secondary,51,-4,16,Centre,2,1,0.4391935
919303,1,1,0,25523.393,10.14735,Lower secondary,83,28,16,Centre,1,0,0.30982134
919311,0,0,0,59615.68,10.995674,Upper secondary,79,24,64,Centre,2,0,0.19765007
919324,0,0,0,27092.387,10.207008,Lower secondary,64,9,81,Centre,2,1,0.515695
919347,0,0,0,21600.0,9.980449,Primary or less,93,38,-92,Centre,1,1,1.707014
919349,0,0,0,29509.408,10.292464,Primary or less,72,17,33,Centre,2,1,0.8519274
919352,1,0,1,68395.21,11.133059,Upper secondary,65,10,100,Centre,2,0,0.7404687
919354,0,0,0,35216.05,10.469257,Upper secondary,65,10,100,Centre,2,1,0.6255218
919370,0,0,0,21310.047,9.966934,Upper secondary,55,0,0,Centre,3,1,5.0689855
919371,1,1,0,43123.4,10.671821,Upper secondary,51,-4,16,Centre,4,0,2.8822625
919374,0,0,0,57759.32,10.96404,Upper secondary,42,-13,-87,Centre,4,1,0.9799533
919394,0,0,0,49934.633,10.81847,Upper secondary,72,17,33,Centre,2,0,0.27159217
919414,0,0,0,29616.57,10.296089,Upper secondary,62,7,49,Centre,2,0,0.59274584
919492,0,0,0,21002.139,9.952379,Upper secondary,64,9,81,Centre,1,0,0.42420915
919494,0,0,0,38062.72,10.54699,Primary or less,64,9,81,Centre,3,1,0.20782836
919500,0,0,0,23156.672,10.050038,Upper secondary,50,-5,25,Centre,1,0,0.4869111
919516,0,0,0,51484.312,10.849032,University,49,-6,36,Centre,3,0,0.57820576
919527,0,0,0,32100.0,10.376612,Lower secondary,49,-6,36,Centre,5,0,2.4641836
919529,0,0,0,24208.467,10.094458,Lower secondary,78,23,17,Centre,2,0,0.5930601
919533,0,0,0,31161.36,10.346934,Upper secondary,46,-9,81,Centre,3,1,4.167158
919536,0,0,0,33532.83,10.42028,Primary or less,71,16,0,Centre,2,0,0.77026176
919547,0,0,0,39947.04,10.59531,Upper secondary,54,-1,1,Centre,3,1,1.8031404
919574,1,1,1,25107.639,10.130927,Upper secondary,84,29,73,Centre,2,0,0.45727712
919582,1,1,0,22818.53,10.035328,Lower secondary,59,4,16,Centre,2,0,1.099155
919585,0,0,0,12621.951,9.4431925,Primary or less,79,24,64,Centre,1,0,0.7887458
919631,1,1,0,52751.867,10.873355,Upper secondary,60,5,25,Centre,2,0,0.7221974
919665,1,1,0,36346.137,10.500843,Lower secondary,76,21,-71,Centre,1,0,0.50111943
919668,1,1,1,52288.656,10.864534,University,74,19,105,Centre,1,1,0.36668506
919673,1,1,0,30649.822,10.330382,Upper secondary,70,15,-31,Centre,1,1,0.53139555
919685,0,0,0,14643.136,9.591727,Upper secondary,67,12,-112,Centre,1,1,0.52351034
919686,1,1,1,87883.195,11.383764,University,50,-5,25,Centre,5,0,0.75254804
919706,0,0,0,20022.309,9.904602,Upper secondary,76,21,-71,Centre,1,0,0.43077624
919717,0,0,0,37042.285,10.519815,Upper secondary,82,27,-39,Centre,3,0,0.3641238
919727,0,0,0,84180.97,11.340724,Lower secondary,60,5,25,Centre,4,0,0.029982993
919741,0,0,0,35581.9,10.479592,Upper secondary,44,-11,121,Centre,3,1,0.88695335
919759,0,0,0,29380.023,10.288071,University,67,12,-112,Centre,1,1,1.0713778
919771,0,0,0,65197.695,11.085179,Upper secondary,75,20,-112,Centre,2,1,0.2608024
919775,0,0,0,18002.508,9.798266,Upper secondary,60,5,25,Centre,2,1,4.757509
919799,0,0,0,6503.1357,8.78004,Primary or less,77,22,-28,Centre,2,1,1.5671184
919828,0,0,0,25703.137,10.154368,Upper secondary,64,9,81,Centre,2,0,1.3344351
919923,0,0,0,8486.976,9.046288,Upper secondary,62,7,49,Centre,2,1,0.83661634
919937,0,0,0,8450.0,9.041922,Primary or less,86,31,-63,Centre,1,1,3.1648016
919940,0,0,0,18265.746,9.812783,Lower secondary,61,6,36,Centre,4,0,2.4731054
919945,0,0,0,23134.586,10.049084,Upper secondary,67,12,-112,Centre,3,0,3.3667426
919947,1,0,1,44637.055,10.70632,Lower secondary,79,24,64,Centre,2,0,1.4946817
919956,0,0,0,16417.018,9.706074,Primary or less,72,17,33,Centre,1,1,1.9995114
919970,0,0,0,22950.654,10.041101,Upper secondary,71,16,0,Centre,1,0,1.8982742
919979,0,0,0,65347.04,11.087467,Lower secondary,66,11,121,Centre,3,0,0.83554524
919985,0,0,0,18940.0,9.849031,Lower secondary,67,12,-112,Centre,2,1,0.61133504
920022,0,0,0,67494.08,11.119795,Upper secondary,63,8,64,Centre,3,1,7.841549
920024,0,0,0,15641.359,9.657674,Upper secondary,65,10,100,Centre,1,1,4.176873
920027,0,0,0,15120.0,9.623774,Upper secondary,55,0,0,Centre,1,0,4.2732244
920032,0,0,0,23597.04,10.068876,Lower secondary,69,14,-60,Centre,1,1,3.0139866
920041,0,0,0,49358.016,10.806855,University,32,-23,17,Centre,3,1,3.6029868
920045,0,0,0,24031.36,10.087115,Lower secondary,53,-2,4,Centre,1,1,8.012565
920185,0,0,0,54246.95,10.901302,Upper secondary,82,27,-39,Centre,2,0,0.9371755
920202,0,0,0,47163.496,10.761375,Upper secondary,75,20,-112,Centre,3,0,1.4301203
920225,0,0,0,37609.508,10.535012,Upper secondary,50,-5,25,Centre,2,0,5.963282
920226,0,0,0,47243.74,10.763076,Upper secondary,66,11,121,Centre,5,0,2.0687656
920315,1,1,0,102449.77,11.537128,University,50,-5,25,Centre,1,0,0.17746244
920333,1,1,0,63307.676,11.055762,University,47,-8,64,Centre,3,1,0.8678622
920341,0,0,0,40978.4,10.6208,Upper secondary,81,26,-92,Centre,2,1,0.5328843
920344,0,0,0,51631.36,10.851885,Lower secondary,53,-2,4,Centre,4,0,0.5446653
920353,0,0,0,13500.0,9.510445,Upper secondary,58,3,9,Centre,2,1,0.9484583
920368,0,0,0,112656.8,11.632101,University,76,21,-71,Centre,2,0,0.04246588
920438,0,0,0,43657.04,10.68412,Lower secondary,73,18,68,Centre,2,0,0.77857584
920458,0,0,0,32615.68,10.392549,Upper secondary,72,17,33,Centre,1,1,0.9436418
920475,0,0,0,22106.271,10.003616,Upper secondary,83,28,16,Centre,2,0,0.59936935
920490,0,0,0,24366.447,10.100963,University,77,22,-28,Centre,1,0,0.68729466
920510,0,0,0,31131.36,10.345971,Lower secondary,81,26,-92,Centre,1,1,1.0229099
920788,0,0,0,17890.977,9.792051,Upper secondary,84,29,73,Centre,1,1,0.6785929
920801,0,0,0,28831.36,10.269219,Upper secondary,55,0,0,Centre,1,0,1.4190638
920815,0,0,0,14092.0,9.553363,Lower secondary,70,15,-31,Centre,1,0,3.0375469
920819,0,0,0,20301.568,9.918453,Primary or less,36,-19,105,Centre,4,0,2.7798946
920829,0,0,0,21535.68,9.977467,Lower secondary,52,-3,9,Centre,4,0,0.68025976
920866,0,0,0,43415.68,10.6785755,Primary or less,75,20,-112,Centre,3,1,0.90055496
920875,0,0,0,7300.0,8.89563,Upper secondary,62,7,49,Centre,4,0,1.219065
920911,0,0,0,39160.0,10.575411,Upper secondary,63,8,64,Centre,3,1,1.2939231
920916,0,0,0,25381.533,10.141777,Lower secondary,56,1,1,Centre,3,0,1.2464051
920925,0,0,0,45015.68,10.7147665,Upper secondary,56,1,1,Centre,5,1,0.5776056
920946,0,0,0,32828.4,10.399049,Lower secondary,56,1,1,Centre,1,0,1.2503712
920951,0,0,0,24025.088,10.086854,Upper secondary,49,-6,36,Centre,2,1,0.6229939
921001,0,0,0,31647.04,10.3624,Primary or less,78,23,17,Centre,2,0,1.2211434
921005,0,0,0,53420.023,10.885941,Upper secondary,51,-4,16,Centre,3,0,2.7507818
921008,0,0,0,22547.04,10.023359,Upper secondary,78,23,17,Centre,2,0,0.43871537
921102,0,0,0,22979.871,10.042374,Upper secondary,87,32,0,Centre,1,0,0.7356205
921147,0,0,0,4160.0,8.33327,Lower secondary,67,12,-112,Centre,1,1,0.5120555
921179,0,0,0,9060.0,9.111625,Upper secondary,82,27,-39,Centre,1,1,0.5120555
921229,0,0,0,21606.271,9.980739,Primary or less,69,14,-60,South and Islands,1,1,0.29338264
921234,0,0,0,55620.984,10.926316,Upper secondary,53,-2,4,South and Islands,6,0,0.24727438
921238,0,0,0,61132.88,11.020805,Upper secondary,84,29,73,South and Islands,2,0,0.05150015
921244,0,0,0,12403.387,9.425725,Upper secondary,63,8,64,South and Islands,1,1,0.7297902
921254,0,0,0,18912.38,9.847572,Primary or less,59,4,16,South and Islands,2,0,0.18665098
921255,0,0,0,54611.258,10.907995,Upper secondary,57,2,4,South and Islands,5,0,0.18009932
921270,0,0,0,22711.541,10.030628,University,51,-4,16,South and Islands,3,1,1.0077071
921277,0,0,0,21631.16,9.98189,Upper secondary,79,24,64,South and Islands,1,1,0.5543331
921279,0,0,0,21233.506,9.963336,Primary or less,84,29,73,South and Islands,1,1,4.46739
921291,0,0,0,10801.537,9.287444,Lower secondary,66,11,121,South and Islands,2,0,1.007252
921320,0,0,0,36462.586,10.504042,University,81,26,-92,South and Islands,1,0,1.9229057
921321,0,0,0,13803.136,9.532651,Primary or less,64,9,81,South and Islands,3,0,2.8183184
921322,0,0,0,53656.984,10.890367,Upper secondary,75,20,-112,South and Islands,2,0,1.9236811
921326,0,0,0,10366.271,9.246313,Primary or less,69,14,-60,South and Islands,1,1,2.355706
921333,0,0,0,10199.408,9.230085,Primary or less,81,26,-92,South and Islands,1,1,3.545015
921334,0,0,0,60049.547,11.002925,Upper secondary,43,-12,-112,South and Islands,5,0,5.675237
921364,0,0,0,10273.136,9.2372875,Primary or less,60,5,25,South and Islands,2,0,0.5082449
921365,0,0,0,38442.04,10.556907,Lower secondary,86,31,-63,South and Islands,2,0,0.056880016
921370,0,0,0,20812.99,9.943333,Upper secondary,79,24,64,South and Islands,1,1,0.06927189
921373,0,0,0,19122.543,9.8586235,Primary or less,76,21,-71,South and Islands,2,0,0.14835434
921388,0,0,0,38051.79,10.546703,University,72,17,33,South and Islands,1,0,0.10647205
921389,0,0,0,28225.088,10.247967,Lower secondary,80,25,113,South and Islands,1,0,0.06662955
921391,0,0,0,45814.113,10.7323475,Upper secondary,56,1,1,South and Islands,4,0,0.10642165
921407,0,0,0,19201.94,9.862766,Lower secondary,66,11,121,South and Islands,1,1,0.19319788
921410,0,0,0,16800.0,9.729135,Primary or less,67,12,-112,South and Islands,2,1,0.13193038
921411,0,0,0,21003.137,9.952427,Upper secondary,56,1,1,South and Islands,3,1,0.75386846
921414,0,0,0,15241.957,9.631807,Primary or less,84,29,73,South and Islands,1,1,0.3001609
921424,0,0,0,6600.0,8.794825,Lower secondary,64,9,81,South and Islands,1,0,0.31689775
921432,0,0,0,40706.273,10.614138,Upper secondary,46,-9,81,South and Islands,4,0,0.2423509
921510,0,0,0,19202.508,9.862796,Lower secondary,65,10,100,South and Islands,2,0,1.5314492
921511,0,0,0,35804.297,10.485824,Upper secondary,58,3,9,South and Islands,3,0,8.225898
921523,0,0,0,4200.0,8.34284,Primary or less,50,-5,25,South and Islands,3,1,3.0923393
921639,0,0,0,8500.0,9.047821,Lower secondary,60,5,25,South and Islands,1,1,0.32980236
921657,0,0,0,8880.0,9.091557,Primary or less,77,22,-28,South and Islands,1,1,0.16190055
921671,0,0,0,18602.508,9.831052,Upper secondary,69,14,-60,South and Islands,2,0,0.28543237
921680,0,0,0,31890.547,10.370065,Upper secondary,50,-5,25,South and Islands,2,1,0.83239794
921694,0,0,0,10200.0,9.230143,Primary or less,61,6,36,South and Islands,3,0,0.67650425
921701,0,0,0,38600.88,10.56103,Lower secondary,62,7,49,South and Islands,3,0,1.5431055
921721,0,0,0,28300.0,10.250617,Primary or less,57,2,4,South and Islands,5,0,7.031895
921728,0,0,0,42494.08,10.65712,Lower secondary,77,22,-28,South and Islands,2,0,0.77540374
921733,0,0,0,9840.0,9.194211,Primary or less,66,11,121,South and Islands,3,0,2.7148802
921737,0,0,0,44862.72,10.711363,Upper secondary,73,18,68,South and Islands,2,0,1.2414545
921758,0,0,0,6136.0,8.721929,Lower secondary,56,1,1,South and Islands,1,0,1.9408371
921777,0,0,0,65619.734,11.091632,Upper secondary,60,5,25,South and Islands,5,0,0.124591
921827,0,0,0,26704.703,10.192595,Upper secondary,70,15,-31,South and Islands,1,0,0.42677647
921840,0,0,0,13300.0,9.49552,Primary or less,86,31,-63,South and Islands,1,0,0.72284776
921914,0,0,0,14303.136,9.568234,Primary or less,72,17,33,South and Islands,2,0,0.07183556
921926,0,0,0,48931.36,10.798174,Lower secondary,67,12,-112,South and Islands,2,0,0.13551235
921939,0,0,0,16502.17,9.711247,Lower secondary,62,7,49,South and Islands,1,1,0.53523123
921955,0,0,0,12518.815,9.434988,Lower secondary,61,6,36,South and Islands,2,1,0.7830598
921969,0,0,0,24239.256,10.095729,Upper secondary,81,26,-92,South and Islands,1,1,0.46039966
922022,0,0,0,31425.088,10.355362,Lower secondary,35,-20,-112,South and Islands,4,0,0.921651
922128,0,0,0,35284.957,10.471212,Primary or less,86,31,-63,South and Islands,2,0,0.14952353
922258,0,0,0,5943.0,8.689969,Lower secondary,60,5,25,South and Islands,2,0,0.21367982
922265,0,0,0,6270.0,8.743531,Lower secondary,55,0,0,South and Islands,2,0,0.17267476
922267,0,0,0,20027.0,9.904837,Primary or less,75,20,-112,South and Islands,2,1,0.20768516
922277,0,0,0,25620.0,10.151129,Primary or less,47,-8,64,South and Islands,4,0,0.30643433
922287,0,0,0,21302.666,9.966587,Lower secondary,41,-14,-60,South and Islands,3,1,0.30624834
922290,0,0,0,21480.0,9.974877,Primary or less,50,-5,25,South and Islands,6,0,0.60030246
922299,0,0,0,20402.508,9.923413,Lower secondary,83,28,16,South and Islands,1,1,0.27969706
922304,0,0,0,40809.406,10.616668,University,68,13,-87,South and Islands,1,0,0.18275139
922385,0,0,0,10800.0,9.287301,Primary or less,75,20,-112,South and Islands,2,1,0.9488796
922386,0,0,0,5701.2544,8.648441,Lower secondary,50,-5,25,South and Islands,4,1,0.5582591
922416,0,0,0,8400.0,9.035987,Primary or less,77,22,-28,South and Islands,1,1,0.5312045
922418,0,0,0,12600.627,9.441502,Lower secondary,38,-17,33,South and Islands,2,0,0.804054
922428,0,0,0,10684.852,9.276583,Primary or less,91,36,16,South and Islands,1,1,0.3835816
922429,0,0,0,21600.0,9.980449,Lower secondary,71,16,0,South and Islands,2,1,0.42286414
922432,0,0,0,41186.742,10.625872,Upper secondary,90,35,-55,South and Islands,2,0,0.058641113
922449,0,0,0,27258.531,10.213121,Upper secondary,54,-1,1,South and Islands,3,0,0.43997452
922477,0,0,0,22931.36,10.04026,Lower secondary,79,24,64,South and Islands,1,1,0.35129324
922516,0,0,0,24807.84,10.118915,Upper secondary,61,6,36,South and Islands,3,0,5.9545007
922517,0,0,0,25676.508,10.153332,Lower secondary,73,18,68,South and Islands,2,0,1.3791311
922521,0,0,0,13157.725,9.484764,Primary or less,69,14,-60,South and Islands,2,1,6.8408065
922524,0,0,0,14940.0,9.611797,Lower secondary,61,6,36,South and Islands,2,0,1.4495707
922527,0,0,0,18310.0,9.815203,Primary or less,74,19,105,South and Islands,2,1,1.3259768
922535,0,0,0,56306.273,10.938561,Lower secondary,58,3,9,South and Islands,4,0,6.864311
922536,0,0,0,14702.509,9.595774,Primary or less,91,36,16,South and Islands,1,0,3.349232
922537,0,0,0,20203.764,9.913624,University,69,14,-60,South and Islands,2,0,1.1002737
922563,0,0,0,16004.704,9.680638,Primary or less,62,7,49,South and Islands,3,0,5.1289563
922578,0,0,0,6530.0,8.7841625,Lower secondary,68,13,-87,South and Islands,1,0,3.3954332
922581,0,0,0,27006.24,10.203823,Upper secondary,59,4,16,South and Islands,1,1,4.2322636
922588,0,0,0,12057.52,9.397444,Lower secondary,68,13,-87,South and Islands,1,1,3.538335
922589,0,0,0,17375.088,9.762793,Primary or less,76,21,-71,South and Islands,1,1,3.4208124
922616,0,0,0,14301.136,9.568094,Primary or less,48,-7,49,South and Islands,2,0,0.21798854
922622,0,0,0,26618.455,10.18936,Primary or less,75,20,-112,South and Islands,2,1,0.09653555
922624,0,0,0,34308.703,10.443154,University,47,-8,64,South and Islands,2,0,0.1404451
922628,0,0,0,38429.65,10.556584,Lower secondary,74,19,105,South and Islands,3,1,0.21056956
922629,0,0,0,22809.18,10.034919,Lower secondary,58,3,9,South and Islands,2,1,0.10512377
922636,0,0,0,39033.184,10.572167,Upper secondary,51,-4,16,South and Islands,3,1,0.3364228
922638,0,0,0,21607.91,9.980815,Upper secondary,55,0,0,South and Islands,3,1,0.17170012
922640,0,0,0,18219.012,9.810221,Upper secondary,46,-9,81,South and Islands,3,1,0.40912506
922646,0,0,0,12354.704,9.421792,Primary or less,72,17,33,South and Islands,1,1,0.25965685
922648,0,0,0,26004.553,10.166027,Upper secondary,42,-13,-87,South and Islands,4,0,0.6625675
922651,0,0,0,12002.509,9.392871,Lower secondary,59,4,16,South and Islands,2,1,0.37590954
922657,0,0,0,7200.0,8.881836,Lower secondary,57,2,4,South and Islands,1,0,0.13995036
922661,0,0,0,13406.568,9.5035,Primary or less,76,21,-71,South and Islands,2,1,0.21106227
922671,0,0,0,49806.273,10.815896,Lower secondary,66,11,121,South and Islands,4,1,0.046611294
922672,0,0,0,13700.313,9.525174,Primary or less,85,30,-124,South and Islands,1,1,0.25556618
922677,0,0,0,22801.568,10.034585,Lower secondary,69,14,-60,South and Islands,2,1,0.04661312
922681,0,0,0,37806.273,10.540231,Upper secondary,57,2,4,South and Islands,2,1,0.22691804
922692,0,0,0,13201.568,9.4880905,Primary or less,87,32,0,South and Islands,1,1,0.25207186
922708,0,0,0,57237.207,10.95496,Lower secondary,66,11,121,South and Islands,4,1,1.4096473
922714,0,0,0,17244.848,9.755269,Lower secondary,63,8,64,South and Islands,2,1,2.1195285
922723,0,0,0,15907.84,9.674567,Lower secondary,66,11,121,South and Islands,1,1,3.2908833
922726,0,0,0,17514.525,9.770786,Upper secondary,56,1,1,South and Islands,3,1,1.3442935
922752,0,0,0,18810.299,9.84216,Lower secondary,72,17,33,South and Islands,1,0,0.16158475
922763,0,0,0,18354.383,9.817624,Lower secondary,79,24,64,South and Islands,2,1,0.102352366
922803,0,0,0,14401.568,9.575092,Upper secondary,37,-18,68,South and Islands,3,1,1.7800603
922805,0,0,0,35901.566,10.488536,Upper secondary,26,-29,73,South and Islands,7,1,2.6665418
922814,0,0,0,23100.0,10.047588,Primary or less,71,16,0,South and Islands,3,1,1.4452631
922816,0,0,0,10680.0,9.276128,Lower secondary,27,-28,16,South and Islands,2,0,1.0027112
922821,0,0,0,10200.0,9.230143,Lower secondary,81,26,-92,South and Islands,1,1,0.97259486
922846,0,0,0,44485.863,10.702927,Upper secondary,67,12,-112,South and Islands,2,0,0.065891705
922875,0,0,0,30409.408,10.322507,University,76,21,-71,South and Islands,1,1,0.06610856
922888,0,0,0,12200.0,9.409191,Lower secondary,73,18,68,South and Islands,1,0,0.16015992
922892,0,0,0,19104.703,9.85769,Lower secondary,72,17,33,South and Islands,5,0,0.33390707
922894,0,0,0,12001.568,9.392793,Lower secondary,64,9,81,South and Islands,2,0,0.046297155
922898,0,0,0,31404.703,10.354713,Lower secondary,75,20,-112,South and Islands,3,1,0.048794884
922903,0,0,0,14160.0,9.558176,Primary or less,78,23,17,South and Islands,1,1,0.16846754
922985,0,0,0,12982.195,9.471334,Lower secondary,61,6,36,South and Islands,1,1,0.5002259
922994,0,0,0,50981.117,10.8392105,University,66,11,121,South and Islands,1,0,0.022375405
922999,0,0,0,39218.992,10.576917,Lower secondary,61,6,36,South and Islands,3,0,0.093100026
923002,0,0,0,31035.766,10.3428955,Upper secondary,67,12,-112,South and Islands,1,1,0.20370416
923012,1,1,0,53400.47,10.885574,Upper secondary,63,8,64,South and Islands,1,0,0.52832896
923226,0,0,0,24753.137,10.116708,Lower secondary,81,26,-92,South and Islands,1,0,0.2089735
923310,0,0,0,16450.0,9.708081,Lower secondary,63,8,64,South and Islands,2,0,5.9836173
923351,0,0,0,12633.276,9.44409,Upper secondary,77,22,-28,South and Islands,1,0,0.5416315
923354,0,0,0,22100.957,10.003376,Upper secondary,73,18,68,South and Islands,3,0,0.46379226
923399,1,0,1,40760.875,10.615478,Upper secondary,51,-4,16,South and Islands,2,0,0.2631502
923416,0,0,0,62009.406,11.035042,University,60,5,25,South and Islands,4,0,0.103980765
923422,1,0,0,32013.73,10.37392,Upper secondary,51,-4,16,South and Islands,3,0,0.27538267
923436,0,0,0,16000.627,9.680384,Lower secondary,76,21,-71,South and Islands,1,1,0.26814303
923437,0,0,0,6000.0,8.699514,Upper secondary,34,-21,-71,South and Islands,1,0,0.49423662
923438,0,0,0,72088.16,11.185645,University,65,10,100,South and Islands,3,0,0.09879066
923441,0,0,0,32104.23,10.376743,Upper secondary,74,19,105,South and Islands,1,1,0.05636943
923442,1,1,0,121575.79,11.708293,University,72,17,33,South and Islands,2,0,0.013035534
923443,0,0,0,46373.78,10.74449,Upper secondary,56,1,1,South and Islands,5,0,0.42762956
923444,0,0,0,19555.137,9.880993,Primary or less,75,20,-112,South and Islands,2,1,0.31484511
923446,0,0,0,22504.703,10.02148,Primary or less,84,29,73,South and Islands,3,0,0.10527729
923447,0,0,0,42005.645,10.645559,Lower secondary,65,10,100,South and Islands,4,0,0.1750962
923497,0,0,0,8757.213,9.077633,Lower secondary,55,0,0,South and Islands,1,0,1.9408371
923530,0,0,0,39418.816,10.581999,Lower secondary,59,4,16,South and Islands,3,1,1.5558422
923533,0,0,0,34355.332,10.444512,Primary or less,78,23,17,South and Islands,3,0,2.173863
923535,1,0,1,126997.13,11.75192,Upper secondary,23,-32,0,South and Islands,4,0,2.3588803
923541,0,0,0,13902.195,9.539802,Lower secondary,64,9,81,South and Islands,1,1,2.5411487
923580,0,0,0,48424.703,10.7877655,Upper secondary,68,13,-87,South and Islands,3,0,0.15977111
923583,0,0,0,25352.791,10.140644,Primary or less,88,33,65,South and Islands,1,0,0.2551017
923630,0,0,0,14583.763,9.587664,Upper secondary,56,1,1,South and Islands,3,0,0.95146215
923640,0,0,0,10103.449,9.220633,Primary or less,81,26,-92,South and Islands,1,1,0.40528646
923664,0,0,0,12432.94,9.428104,Lower secondary,92,37,89,South and Islands,1,1,0.50012267
923739,0,0,0,10933.15,9.299555,Lower secondary,46,-9,81,South and Islands,1,0,0.41016328
923805,0,0,0,22901.135,10.038941,Primary or less,75,20,-112,South and Islands,1,1,2.2411845
923809,0,0,0,36700.63,10.51055,Lower secondary,64,9,81,South and Islands,3,0,5.0928454
923811,0,0,0,24300.246,10.098242,Primary or less,87,32,0,South and Islands,1,0,3.038841
923859,0,0,0,31470.94,10.35682,Lower secondary,68,13,-87,South and Islands,2,0,1.8470125
923887,0,0,0,33631.36,10.423214,Lower secondary,51,-4,16,South and Islands,4,1,0.778981
923888,0,0,0,20424.59,9.924495,Lower secondary,68,13,-87,South and Islands,2,1,0.41095918
923891,0,0,0,28963.262,10.273784,University,70,15,-31,South and Islands,1,0,0.59063154
923893,0,0,0,14049.359,9.550332,Lower secondary,72,17,33,South and Islands,1,1,0.42715114
923899,0,0,0,24045.621,10.087708,Primary or less,76,21,-71,South and Islands,3,1,0.54898566
923900,0,0,0,12771.704,9.454988,Lower secondary,50,-5,25,South and Islands,2,0,0.915806
923907,0,0,0,27137.03,10.208654,Upper secondary,54,-1,1,South and Islands,5,1,0.27039587
923911,0,0,0,13832.485,9.534775,Primary or less,89,34,-124,South and Islands,1,0,0.73779076
923919,0,0,0,26428.127,10.182184,Lower secondary,43,-12,-112,South and Islands,6,0,0.9477394
923977,0,0,0,34301.566,10.442946,Lower secondary,43,-12,-112,South and Islands,4,1,1.1571294
923984,0,0,0,24018.816,10.086593,Lower secondary,50,-5,25,South and Islands,4,1,0.4779899
923991,0,0,0,13000.94,9.472777,Primary or less,52,-3,9,South and Islands,1,0,1.5231996
924005,0,0,0,20959.408,9.950343,Upper secondary,37,-18,68,South and Islands,5,0,0.9688071
924026,0,0,0,39611.066,10.5868635,Upper secondary,78,23,17,South and Islands,2,0,0.08452916
924034,0,0,0,13339.408,9.498478,Primary or less,67,12,-112,South and Islands,2,0,0.30056217
924035,1,0,1,49839.836,10.81657,Lower secondary,71,16,0,South and Islands,3,0,0.088695526
924036,0,0,0,17200.941,9.75272,Upper secondary,35,-20,-112,South and Islands,1,0,0.8822709
924041,1,1,0,68124.29,11.129089,Upper secondary,63,8,64,South and Islands,4,0,0.13585834
924069,0,0,0,59106.2,10.987091,Lower secondary,57,2,4,South and Islands,3,1,0.088896394
924071,0,0,0,14567.039,9.586516,Primary or less,66,11,121,South and Islands,2,1,0.27874276
924081,0,0,0,6004.2856,8.700229,Lower secondary,55,0,0,South and Islands,1,1,0.27428362
924082,0,0,0,14414.111,9.575963,Lower secondary,77,22,-28,South and Islands,2,1,0.71680367
924088,0,0,0,37888.156,10.542394,Lower secondary,48,-7,49,South and Islands,5,1,0.097456664
924093,0,0,0,34750.207,10.455941,Upper secondary,47,-8,64,South and Islands,4,1,0.8675012
924120,0,0,0,19659.408,9.886312,Primary or less,76,21,-71,South and Islands,1,1,0.38505423
924140,0,0,0,27225.088,10.211894,Upper secondary,56,1,1,South and Islands,5,0,0.76895225
924204,0,0,0,15544.892,9.651487,Lower secondary,43,-12,-112,South and Islands,4,0,3.209599
924205,0,0,0,9249.109,9.132282,Primary or less,83,28,16,South and Islands,1,1,3.5461063
924207,0,0,0,22602.508,10.025816,Upper secondary,44,-11,121,South and Islands,4,0,8.265515
924213,0,0,0,17951.568,9.795433,Primary or less,79,24,64,South and Islands,2,0,4.120109
924221,0,0,0,29509.758,10.292477,Upper secondary,62,7,49,South and Islands,4,0,3.3905566
924229,0,0,0,11716.271,9.368734,Primary or less,89,34,-124,South and Islands,1,0,3.3535411
924264,0,0,0,51890.766,10.856896,Primary or less,82,27,-39,South and Islands,4,0,0.7483325
924269,0,0,0,6254.704,8.741089,Primary or less,92,37,89,South and Islands,1,1,2.4104102
924271,0,0,0,16748.148,9.726043,Upper secondary,72,17,33,South and Islands,1,0,1.5009708
924289,0,0,0,55735.98,10.928381,Upper secondary,35,-20,-112,South and Islands,3,0,4.813408
924290,0,0,0,34606.273,10.45179,Lower secondary,30,-25,113,South and Islands,3,0,3.0747502
924301,0,0,0,55239.965,10.919442,Lower secondary,65,10,100,South and Islands,4,0,0.8567039
924304,0,0,0,34421.953,10.44645,Upper secondary,60,5,25,South and Islands,1,0,1.5114526
924310,0,0,0,16657.137,9.720594,Lower secondary,67,12,-112,South and Islands,2,0,1.0850394
924322,0,0,0,21609.408,9.980885,Upper secondary,65,10,100,South and Islands,1,1,0.80853707
924323,0,0,0,28698.73,10.264608,Lower secondary,48,-7,49,South and Islands,4,0,4.870504
924324,0,0,0,18910.977,9.847498,Lower secondary,47,-8,64,South and Islands,4,0,4.555104
924482,0,0,0,21047.04,9.954515,Primary or less,85,30,-124,South and Islands,2,0,1.7846348
924492,0,0,0,53578.824,10.888909,Upper secondary,70,15,-31,South and Islands,2,0,2.1932425
924498,0,0,0,25959.2,10.164281,Primary or less,76,21,-71,South and Islands,2,1,1.8028728
924499,1,1,0,52513.2,10.86882,Upper secondary,75,20,-112,South and Islands,3,0,2.7463024
924509,0,0,0,28519.129,10.25833,Lower secondary,44,-11,121,South and Islands,5,0,8.245407
924513,0,0,0,30578.725,10.32806,Upper secondary,42,-13,-87,South and Islands,3,0,7.7499886
924539,0,0,0,43371.58,10.67756,Upper secondary,88,33,65,South and Islands,2,0,0.025209181
924546,0,0,0,69662.72,11.151421,Lower secondary,62,7,49,South and Islands,4,0,0.33953324
924557,0,0,0,38984.67,10.570924,Upper secondary,76,21,-71,South and Islands,1,0,0.054403447
924572,0,0,0,18559.22,9.828722,Primary or less,87,32,0,South and Islands,2,0,1.867446
924606,0,0,0,9901.353,9.200427,Upper secondary,64,9,81,South and Islands,1,1,1.2732006
924612,0,0,0,34678.4,10.453873,Upper secondary,66,11,121,South and Islands,2,0,0.28540066
924619,0,0,0,21415.36,9.971864,Primary or less,75,20,-112,South and Islands,3,0,1.6412404
924622,0,0,0,12108.765,9.401685,Lower secondary,44,-11,121,South and Islands,2,1,2.5173197
924676,0,0,0,3501.0977,8.160831,University,57,2,4,South and Islands,2,1,0.31165087
924687,0,0,0,13370.035,9.5007715,Lower secondary,39,-16,0,South and Islands,3,0,0.64566237
924701,0,0,0,8201.568,9.012081,Lower secondary,55,0,0,South and Islands,1,1,1.7525824
924706,0,0,0,17402.508,9.76437,University,61,6,36,South and Islands,1,0,1.4983548
924708,0,0,0,12202.509,9.409397,Lower secondary,52,-3,9,South and Islands,4,0,4.054296
924756,0,0,0,74456.445,11.21797,Upper secondary,73,18,68,South and Islands,2,0,0.09631381
924759,1,1,0,75521.0,11.232166,Upper secondary,64,9,81,South and Islands,2,0,0.12609929
924793,0,0,0,27601.568,10.225628,Upper secondary,52,-3,9,South and Islands,4,0,6.071327
924794,0,0,0,24497.625,10.106332,Lower secondary,59,4,16,South and Islands,4,0,2.312722
924800,0,0,0,25340.627,10.140164,Upper secondary,82,27,-39,South and Islands,1,0,2.1192951
924836,0,0,0,27868.99,10.23527,Primary or less,69,14,-60,South and Islands,2,0,0.38442442
924844,0,0,0,10776.655,9.285137,Primary or less,90,35,-55,South and Islands,1,0,0.47953963
924936,0,0,0,21131.36,9.958513,Lower secondary,79,24,64,South and Islands,2,0,1.8604275
924992,0,0,0,31593.088,10.360694,Upper secondary,51,-4,16,South and Islands,4,0,0.4465054
925011,0,0,0,12015.68,9.393968,Lower secondary,60,5,25,South and Islands,1,1,0.6334323
925027,0,0,0,28421.951,10.254917,Upper secondary,52,-3,9,South and Islands,3,1,6.6581516
925068,0,0,0,12761.951,9.454224,Primary or less,80,25,113,South and Islands,2,0,0.40568393
925111,0,0,0,4554.704,8.423916,Lower secondary,57,2,4,South and Islands,1,0,1.9408371
925112,0,0,0,22762.719,10.03288,Lower secondary,63,8,64,South and Islands,1,1,3.7668498
925114,0,0,0,22578.223,10.024741,Lower secondary,74,19,105,South and Islands,1,1,2.229487
925115,0,0,0,26950.176,10.201745,Lower secondary,51,-4,16,South and Islands,3,1,6.4023743
925116,0,0,0,21472.719,9.974539,Primary or less,84,29,73,South and Islands,1,1,3.3206794
925117,0,0,0,33774.395,10.427458,Lower secondary,67,12,-112,South and Islands,2,0,2.41427
925118,0,0,0,21807.63,9.990015,Primary or less,80,25,113,South and Islands,2,0,1.8292934
925120,1,1,0,19052.795,9.854969,Lower secondary,69,14,-60,South and Islands,1,1,3.1086755
925204,0,0,0,78523.84,11.271157,Upper secondary,53,-2,4,South and Islands,4,0,0.74626666
925216,0,0,0,22124.658,10.004448,Primary or less,78,23,17,South and Islands,2,0,0.5258909
925223,0,0,0,27600.0,10.225571,University,63,8,64,South and Islands,2,0,0.40134
925226,0,0,0,21974.064,9.997618,Upper secondary,49,-6,36,South and Islands,2,0,3.1733017
925229,0,0,0,31760.0,10.365963,Upper secondary,56,1,1,South and Islands,5,0,2.0898395
925246,0,0,0,65805.65,11.094461,University,77,22,-28,South and Islands,4,0,0.030525967
925250,0,0,0,12003.136,9.392923,Primary or less,82,27,-39,South and Islands,1,1,0.32418293
925281,0,0,0,15403.136,9.642326,Lower secondary,41,-14,-60,South and Islands,1,1,0.97691643
925284,0,0,0,26784.15,10.195565,University,47,-8,64,South and Islands,1,0,0.51214737
925291,0,0,0,24602.508,10.110603,Lower secondary,54,-1,1,South and Islands,2,0,1.1284947
925312,0,0,0,36004.703,10.491405,Upper secondary,63,8,64,South and Islands,2,0,0.575956
925316,0,0,0,18600.47,9.830942,Lower secondary,45,-10,100,South and Islands,4,0,1.0326687
925362,0,0,0,24755.268,10.116794,Upper secondary,52,-3,9,South and Islands,1,1,1.9893924
925453,0,0,0,7600.0,8.935904,Primary or less,69,14,-60,South and Islands,1,1,0.4377383
925463,0,0,0,15615.68,9.656031,Lower secondary,83,28,16,South and Islands,1,0,0.45113403
925487,0,0,0,3600.0,8.188689,Upper secondary,31,-24,64,South and Islands,1,1,1.5297134
925488,0,0,0,26451.139,10.183055,Primary or less,90,35,-55,South and Islands,2,1,0.50010633
925491,0,0,0,12419.408,9.427015,Primary or less,69,14,-60,South and Islands,2,0,0.2110518
925496,0,0,0,4200.0,8.34284,Primary or less,66,11,121,South and Islands,2,1,0.41225997
925502,0,0,0,22121.28,10.004295,Lower secondary,74,19,105,South and Islands,2,0,0.17899859
925503,0,0,0,6534.704,8.784883,Primary or less,66,11,121,South and Islands,1,1,0.20227842
925508,0,0,0,12480.0,9.431883,Primary or less,68,13,-87,South and Islands,2,0,0.18689193
925510,0,0,0,11511.818,9.35113,Primary or less,71,16,0,South and Islands,2,0,0.49124157
925521,0,0,0,11845.645,9.379716,Primary or less,70,15,-31,South and Islands,3,1,0.72634166
925541,0,0,0,12375.088,9.423441,Primary or less,77,22,-28,South and Islands,2,0,0.28790614
925543,0,0,0,21259.408,9.964555,Lower secondary,68,13,-87,South and Islands,3,0,0.067617275
925579,0,0,0,10600.0,9.268609,Lower secondary,54,-1,1,South and Islands,1,0,0.5472186
925752,0,0,0,38699.805,10.56359,Primary or less,83,28,16,South and Islands,2,0,1.0686162
925757,0,0,0,15215.68,9.630082,Primary or less,78,23,17,South and Islands,1,1,1.4235983
925759,0,0,0,20900.0,9.947504,Lower secondary,48,-7,49,South and Islands,2,1,2.4829202
925772,0,0,0,26931.36,10.201047,University,79,24,64,South and Islands,2,0,1.3613163
925868,0,0,0,45754.46,10.731045,Upper secondary,73,18,68,South and Islands,2,0,0.1404976
925956,0,0,0,18631.36,9.832602,Lower secondary,81,26,-92,South and Islands,1,1,1.143139
926095,0,0,0,25103.137,10.130748,Lower secondary,65,10,100,South and Islands,3,1,1.3803781
926099,0,0,0,9600.0,9.169518,Upper secondary,48,-7,49,South and Islands,3,1,4.4494615
926179,0,0,0,22903.764,10.039057,Lower secondary,69,14,-60,South and Islands,2,1,0.83670133
926184,0,0,0,8342.0,9.029058,Lower secondary,62,7,49,South and Islands,6,1,2.2738307
926224,0,0,0,10800.0,9.287301,Primary or less,81,26,-92,South and Islands,2,1,0.16960049
926274,0,0,0,13378.958,9.501438,Primary or less,63,8,64,South and Islands,1,1,0.18197526
926276,0,0,0,12006.271,9.393185,Primary or less,64,9,81,South and Islands,2,0,0.118884414
926278,0,0,0,28831.533,10.269225,Upper secondary,69,14,-60,South and Islands,1,1,0.15354519
926401,0,0,0,13404.568,9.503351,Primary or less,76,21,-71,South and Islands,1,1,0.61928856
926503,0,0,0,16505.895,9.7114725,Upper secondary,46,-9,81,South and Islands,1,0,2.939828
926645,1,1,0,54800.24,10.911449,Upper secondary,73,18,68,South and Islands,2,0,1.6301591
926676,0,0,0,33014.04,10.404688,Primary or less,86,31,-63,South and Islands,2,1,2.9833171
926719,0,0,0,25013.17,10.127158,Primary or less,84,29,73,South and Islands,2,0,0.085900456
926723,0,0,0,35927.633,10.489262,Primary or less,85,30,-124,South and Islands,2,1,0.9943767
926769,0,0,0,17212.543,9.753394,Lower secondary,51,-4,16,South and Islands,2,0,0.9057381
926849,1,1,0,28439.379,10.25553,University,57,2,4,South and Islands,1,0,0.30161142
926851,0,0,0,25501.197,10.146481,Lower secondary,70,15,-31,South and Islands,2,0,1.636223
926857,0,0,0,13300.0,9.49552,Lower secondary,81,26,-92,South and Islands,1,1,2.0474563
926864,0,0,0,20348.273,9.920752,Primary or less,76,21,-71,South and Islands,2,0,0.78753847
926868,0,0,0,32541.834,10.390282,Lower secondary,55,0,0,South and Islands,2,1,2.0707748
926901,0,0,0,53580.43,10.888939,Lower secondary,79,24,64,South and Islands,2,1,0.23626961
926908,1,1,1,28451.096,10.255942,Upper secondary,86,31,-63,South and Islands,1,1,0.1394205
926909,0,0,0,41054.203,10.622648,Upper secondary,76,21,-71,South and Islands,2,0,0.11087354
926941,0,0,0,57299.637,10.95605,Upper secondary,62,7,49,South and Islands,2,0,0.02714564
926972,0,0,0,24568.027,10.109201,Primary or less,86,31,-63,South and Islands,1,1,0.14479212
926973,0,0,0,40985.53,10.620975,University,59,4,16,South and Islands,1,0,0.17951019
927002,0,0,0,43531.36,10.681237,University,73,18,68,South and Islands,1,1,0.09606238
927023,0,0,0,59226.36,10.989122,University,46,-9,81,South and Islands,4,1,0.15667342
927056,0,0,0,46516.03,10.747552,Upper secondary,85,30,-124,North,2,0,1.3554037
927092,0,0,0,62251.07,11.038931,Upper secondary,63,8,64,North,2,0,0.5124653
927097,0,0,0,51078.4,10.841117,University,75,20,-112,North,2,0,0.15987551
927117,0,0,0,56478.4,10.941613,Lower secondary,64,9,81,North,4,0,0.22060688
927127,0,0,0,34723.0,10.455157,Lower secondary,68,13,-87,South and Islands,2,0,0.054369316
927128,0,0,0,48476.832,10.788841,Upper secondary,64,9,81,South and Islands,2,0,0.07610324
927175,0,0,0,35831.926,10.486594,Upper secondary,84,29,73,South and Islands,1,1,0.19695057
927180,0,0,0,29203.734,10.282052,Upper secondary,61,6,36,South and Islands,2,0,0.28718644
927183,0,0,0,44025.027,10.692513,Lower secondary,56,1,1,South and Islands,4,0,0.5452894
927196,0,0,0,24200.0,10.094108,Upper secondary,53,-2,4,South and Islands,3,1,0.74040645
927250,1,1,0,22699.598,10.030103,Upper secondary,48,-7,49,North,1,1,1.8314881
927356,1,1,0,48453.996,10.78837,Upper secondary,74,19,105,North,2,0,0.66914415
927362,0,0,0,37482.234,10.531622,Upper secondary,75,20,-112,North,2,0,0.76574254
927373,0,0,0,34015.68,10.434577,Upper secondary,45,-10,100,North,2,1,2.2877429
927441,0,0,0,16335.68,9.701107,Lower secondary,83,28,16,Centre,2,1,0.59816813
927473,0,0,0,25426.838,10.14356,Upper secondary,46,-9,81,Centre,1,1,3.5367782
927532,0,0,0,9125.68,9.118848,Upper secondary,70,15,-31,South and Islands,1,1,1.8976135
927537,0,0,0,29305.088,10.285517,Primary or less,75,20,-112,South and Islands,2,0,1.3300366
927631,0,0,0,25850.875,10.1601,Lower secondary,72,17,33,North,2,0,3.1247046
927632,0,0,0,44987.836,10.714148,University,70,15,-31,North,1,0,0.0003847637
927654,0,0,0,16000.0,9.680344,Upper secondary,61,6,36,North,1,0,8.02302
927673,1,1,0,50651.91,10.832732,Upper secondary,71,16,0,North,2,0,0.186014
927679,0,0,0,48001.36,10.778985,Lower secondary,77,22,-28,North,2,0,0.4525275
927686,0,0,0,20223.793,9.914615,Primary or less,83,28,16,North,1,1,0.6295896
927687,0,0,0,41879.777,10.642558,Upper secondary,83,28,16,North,2,1,0.40752366
927693,1,1,0,47922.297,10.777336,Lower secondary,41,-14,-60,North,4,1,1.3702328
927696,0,0,0,32004.896,10.373644,Upper secondary,51,-4,16,North,3,1,2.4196453
927704,0,0,0,56304.96,10.938538,Upper secondary,61,6,36,North,2,0,1.6220747
927709,0,0,0,29219.059,10.282577,University,76,21,-71,South and Islands,2,1,2.0504918
927716,0,0,0,14900.0,9.609117,Primary or less,80,25,113,South and Islands,2,0,2.4905791
927721,0,0,0,14000.0,9.546813,Upper secondary,62,7,49,South and Islands,1,1,5.271804
927798,0,0,0,26095.438,10.169516,Lower secondary,86,31,-63,South and Islands,1,0,2.0917795
927802,0,0,0,33295.953,10.413191,Upper secondary,64,9,81,South and Islands,2,0,2.4014204
927814,0,0,0,55733.176,10.928331,University,64,9,81,South and Islands,2,0,1.6754656
927836,0,0,0,22109.408,10.003758,Lower secondary,41,-14,-60,South and Islands,4,0,8.354533
927843,0,0,0,15183.763,9.627982,Lower secondary,70,15,-31,South and Islands,1,0,2.126464
927851,0,0,0,33015.68,10.404737,Primary or less,85,30,-124,South and Islands,2,0,1.778645
927854,0,0,0,25809.408,10.158494,Lower secondary,65,10,100,South and Islands,1,0,1.3381573
927866,0,0,0,12594.271,9.440997,Primary or less,85,30,-124,South and Islands,1,1,2.2443063
927880,0,0,0,3502.8223,8.1613245,Upper secondary,53,-2,4,South and Islands,3,1,4.0152335
927882,0,0,0,13256.796,9.492266,Lower secondary,70,15,-31,South and Islands,1,0,2.1166775
927917,0,0,0,18515.68,9.826373,Primary or less,74,19,105,South and Islands,1,0,0.28174818
927941,0,0,0,15750.031,9.6645975,Primary or less,57,2,4,South and Islands,1,0,1.5486605
927944,0,0,0,40781.36,10.61598,Lower secondary,63,8,64,South and Islands,4,0,2.246546
927946,0,0,0,40887.805,10.6185875,Lower secondary,77,22,-28,South and Islands,2,0,0.539512
927983,0,0,0,78007.25,11.264557,Upper secondary,76,21,-71,North,2,0,2.064973
927988,0,0,0,44333.227,10.69949,Lower secondary,63,8,64,North,3,0,0.7137347
927994,0,0,0,22662.203,10.028454,Lower secondary,69,14,-60,North,1,1,3.3597314
928008,0,0,0,7560.0,8.930627,Lower secondary,64,9,81,North,1,0,2.8628418
928027,0,0,0,10087.84,9.219086,Primary or less,78,23,17,North,1,1,1.0864255
928029,0,0,0,37087.14,10.521026,Upper secondary,70,15,-31,North,2,0,0.53198373
928034,0,0,0,15933.136,9.676156,Lower secondary,67,12,-112,North,3,1,1.3117739
928037,1,0,1,73674.734,11.207416,University,71,16,0,North,1,1,0.38052234
928068,0,0,0,32794.438,10.398014,Upper secondary,78,23,17,North,1,0,0.34484667
928082,0,0,0,31812.543,10.367616,Primary or less,73,18,68,North,2,0,0.29022235
928085,0,0,0,109215.49,11.601078,University,40,-15,-31,North,2,0,0.07523384
928117,0,0,0,20405.047,9.923537,Primary or less,57,2,4,Centre,1,1,6.5118628
928158,0,0,0,30010.977,10.309319,Lower secondary,60,5,25,South and Islands,3,1,0.061372373
928161,0,0,0,19325.438,9.869178,Primary or less,93,38,-92,South and Islands,1,0,0.46745676
928162,0,0,0,16082.509,9.685488,Primary or less,69,14,-60,South and Islands,2,0,0.31736508
928179,0,0,0,24200.0,10.094108,University,28,-27,-39,South and Islands,5,1,0.5935326
928185,0,0,0,39200.0,10.576432,Primary or less,50,-5,25,South and Islands,4,1,0.7833839
928200,0,0,0,30567.248,10.327684,Upper secondary,35,-20,-112,South and Islands,3,1,0.3285093
928204,0,0,0,39003.137,10.571398,Lower secondary,70,15,-31,South and Islands,2,0,0.4225932
928253,0,0,0,47347.04,10.76526,Upper secondary,59,4,16,South and Islands,3,0,0.07357947
928256,0,0,0,1600.0,7.377759,Primary or less,64,9,81,South and Islands,5,1,0.13378935
928258,0,0,0,18222.822,9.810431,Primary or less,82,27,-39,South and Islands,2,0,0.18971719
928261,0,0,0,26700.0,10.192419,Lower secondary,47,-8,64,South and Islands,4,1,1.2732229
928267,0,0,0,28021.951,10.240744,Upper secondary,63,8,64,South and Islands,2,0,0.38846147
928296,0,0,0,22831.36,10.035891,Primary or less,68,13,-87,South and Islands,2,1,0.19251803
928303,0,0,0,19231.36,9.864298,Upper secondary,63,8,64,South and Islands,2,1,0.21377711
928316,0,0,0,7215.6797,8.884011,Primary or less,72,17,33,South and Islands,1,1,0.19940546
928322,0,0,0,24807.84,10.118915,Upper secondary,53,-2,4,South and Islands,3,0,1.0778018
928339,1,1,0,21879.248,9.993294,Upper secondary,37,-18,68,North,1,0,6.410538
928342,0,0,0,21000.627,9.952308,Upper secondary,34,-21,-71,South and Islands,2,1,0.72468513
928363,0,0,0,33531.535,10.420241,Lower secondary,31,-24,64,North,3,0,8.205316
928391,0,0,0,23516.605,10.065462,Upper secondary,34,-21,-71,South and Islands,4,1,2.0115387
928392,0,0,0,15204.0,9.629313,Lower secondary,35,-20,-112,South and Islands,4,1,1.0267782
928394,0,0,0,47470.383,10.767861,Upper secondary,35,-20,-112,North,3,1,1.4194214
928439,0,0,0,30050.076,10.31062,University,34,-21,-71,South and Islands,3,0,0.95796454
928473,0,0,0,64643.375,11.076641,Upper secondary,47,-8,64,South and Islands,2,0,0.94416744
928497,0,0,0,36734.496,10.511472,Lower secondary,67,12,-112,North,2,1,0.59205586
928501,0,0,0,28640.568,10.26258,Upper secondary,64,9,81,North,1,1,2.4338396
928503,0,0,0,58125.438,10.970359,University,55,0,0,South and Islands,1,0,0.23822947
930014,0,0,0,73804.75,11.209178,Upper secondary,55,0,0,North,4,1,1.0499314
930016,1,1,1,54581.105,10.907443,University,68,13,-87,North,2,1,0.49972308
930021,0,0,0,10795.645,9.286898,Primary or less,80,25,113,North,1,0,1.5041794
930023,0,0,0,33782.176,10.427689,Upper secondary,62,7,49,North,1,1,0.5281434
930026,0,0,0,96742.125,11.479804,University,78,23,17,North,2,0,0.13237551
930039,0,0,0,39575.02,10.585954,Primary or less,83,28,16,North,2,1,0.6225773
930082,0,0,0,35061.566,10.464861,Lower secondary,71,16,0,North,2,0,0.5759277
930085,0,0,0,27602.508,10.225662,Lower secondary,62,7,49,North,2,0,0.6204543
930086,0,0,0,27404.29,10.218454,Lower secondary,64,9,81,North,2,0,1.1134077
930091,0,0,0,11490.0,9.349233,Primary or less,62,7,49,North,3,0,0.49829105
930111,0,0,0,40447.87,10.607769,Upper secondary,71,16,0,North,1,0,0.6778484
930113,0,0,0,37975.82,10.544705,Lower secondary,61,6,36,North,3,0,0.52182794
930120,0,0,0,52045.387,10.859872,University,63,8,64,North,1,0,0.10737937
930124,1,1,1,175122.17,12.073239,University,78,23,17,North,2,0,0.08757351
930172,1,0,1,162152.36,11.996292,University,79,24,64,North,1,0,0.02148767
930174,0,0,0,367055.97,12.81327,University,60,5,25,North,4,0,0.039886247
930176,1,1,0,148079.55,11.905505,University,56,1,1,North,2,1,0.048114542
930192,1,0,1,133600.27,11.802608,University,72,17,33,North,2,0,0.08283325
930201,0,0,0,32361.496,10.384725,University,80,25,113,North,2,0,0.47127149
930220,1,0,1,112364.164,11.6295,Upper secondary,51,-4,16,North,2,1,0.057481192
930256,1,1,1,153577.47,11.94196,University,76,21,-71,North,2,0,0.016599387
930257,1,1,1,132330.42,11.793057,University,81,26,-92,North,2,0,0.08292705
930287,0,0,0,28721.998,10.265419,Upper secondary,76,21,-71,North,2,0,0.54973316
930301,1,1,1,95098.016,11.462664,University,79,24,64,North,2,0,0.073756866
930323,1,1,1,37010.258,10.51895,Upper secondary,67,12,-112,North,2,0,0.52684635
930336,0,0,0,70482.04,11.163114,Upper secondary,61,6,36,North,3,0,0.93286014
930337,1,1,1,93196.94,11.442471,University,65,10,100,North,2,0,0.1545912
930413,0,0,0,62138.887,11.0371275,Upper secondary,57,2,4,North,3,0,1.5902923
930419,0,0,0,67558.555,11.12075,University,71,16,0,North,1,0,0.37136438
930424,0,0,0,174850.42,12.071686,University,59,4,16,North,3,0,0.14285803
930432,0,0,0,92173.62,11.431429,University,61,6,36,North,3,0,0.93069
930452,0,0,0,42000.0,10.645425,Lower secondary,59,4,16,North,4,0,0.5661172
930498,0,0,0,34757.035,10.456138,University,57,2,4,North,1,1,0.73291206
930528,0,0,0,18601.734,9.83101,Upper secondary,92,37,89,North,1,1,0.69182855
930548,0,0,0,25809.408,10.158494,Upper secondary,42,-13,-87,North,4,0,2.0308175
930571,0,0,0,44909.7,10.712409,Upper secondary,45,-10,100,North,3,0,1.7088814
930576,0,0,0,68745.8,11.138171,Upper secondary,53,-2,4,North,4,0,0.7600576
930577,0,0,0,33129.96,10.408194,Upper secondary,40,-15,-31,North,5,0,0.9032707
930580,0,0,0,29755.824,10.30078,Upper secondary,39,-16,0,North,3,1,2.802544
930586,0,0,0,289619.34,12.576323,University,41,-14,-60,North,5,1,0.072562836
930592,1,1,1,114428.805,11.647708,Upper secondary,51,-4,16,North,3,0,0.06533331
930603,0,0,0,66655.28,11.107289,University,67,12,-112,North,4,0,0.59805536
930605,1,0,1,169142.36,12.038496,University,54,-1,1,North,3,0,0.3598032
930606,0,0,0,42135.684,10.64865,University,43,-12,-112,North,3,1,2.2459228
930608,1,0,1,73496.53,11.204993,University,45,-10,100,North,2,0,1.882401
930632,0,0,0,35685.29,10.482493,University,39,-16,0,North,1,0,1.6416706
930672,0,0,0,11020.935,9.307552,Upper secondary,64,9,81,North,2,0,0.6757197
930686,0,0,0,11368.334,9.338587,Upper secondary,46,-9,81,North,4,0,2.163118
930712,0,0,0,45381.81,10.722867,Upper secondary,66,11,121,North,2,0,1.2102504
930722,0,0,0,118685.4,11.684232,Upper secondary,66,11,121,North,3,0,0.6643803
930723,1,1,1,157796.67,11.969063,University,60,5,25,North,3,0,0.051700924
930724,1,1,1,98629.92,11.49913,University,47,-8,64,North,4,1,0.04497777
930725,1,1,1,109344.89,11.6022625,University,48,-7,49,North,3,1,0.0765057
930726,1,1,1,80169.27,11.291896,University,52,-3,9,North,1,0,0.02640966
930732,1,1,1,68641.01,11.136645,University,64,9,81,North,2,0,0.07509834
930743,1,1,0,128358.5,11.762583,Upper secondary,71,16,0,North,2,0,0.0678898
930749,1,1,1,351213.5,12.76915,University,59,4,16,North,2,0,0.023617597
930753,1,1,1,102212.0,11.534804,University,64,9,81,North,5,0,0.11941744
930757,1,1,1,95926.9,11.471342,University,90,35,-55,North,2,0,0.059193593
930759,0,0,0,33264.043,10.412232,Upper secondary,77,22,-28,North,2,0,0.41402915
930770,0,0,0,16201.388,9.692852,Lower secondary,62,7,49,North,1,0,0.47110108
930775,1,1,1,89040.79,11.39685,University,52,-3,9,North,4,0,0.14672455
930776,0,0,0,11005.009,9.306106,Lower secondary,57,2,4,North,2,1,1.3430732
930793,1,1,1,52779.99,10.873887,University,72,17,33,North,3,0,0.66026205
930831,0,0,0,61028.223,11.019092,Lower secondary,48,-7,49,North,5,0,1.0155666
930845,0,0,0,24409.148,10.102714,University,66,11,121,North,1,0,0.93407816
930846,1,0,1,30553.85,10.327246,Upper secondary,69,14,-60,North,1,0,0.8446603
930862,0,0,0,19356.797,9.870799,Upper secondary,83,28,16,North,1,1,0.8642971
930864,1,0,1,116945.59,11.669464,University,63,8,64,North,2,0,0.027249344
930865,0,0,0,26940.176,10.201374,Upper secondary,71,16,0,North,2,0,0.67159694
930888,1,1,1,85796.16,11.35973,University,78,23,17,North,2,0,0.051681735
930901,0,0,0,27754.738,10.231162,University,66,11,121,North,2,0,0.063230954
930914,0,0,0,75819.25,11.236108,Lower secondary,63,8,64,North,2,0,0.30019447
930940,1,1,1,150615.28,11.922484,University,50,-5,25,North,5,0,0.057208996
930943,0,0,0,29306.271,10.285557,Primary or less,82,27,-39,North,1,1,0.8812955
930946,0,0,0,75021.95,11.225536,University,79,24,64,North,2,0,0.1369588
930953,1,1,1,176484.42,12.080988,University,66,11,121,North,3,0,0.084779255
930960,1,0,1,52001.402,10.859026,Upper secondary,65,10,100,North,2,0,0.10904645
930961,1,0,1,47054.176,10.759055,University,66,11,121,North,3,1,0.16981223
930988,1,1,1,245218.34,12.4099045,Upper secondary,51,-4,16,North,4,0,0.07541698
930999,1,1,0,31276.832,10.350633,Upper secondary,79,24,64,North,1,0,0.41460618
931003,1,1,1,169216.98,12.038938,University,56,1,1,North,4,1,0.8071278
931037,1,1,1,69377.35,11.147316,University,29,-26,-92,North,4,0,1.4189042
931041,1,1,1,32975.18,10.40351,Upper secondary,77,22,-28,North,2,0,0.3824134
931049,1,1,1,57540.164,10.960238,University,61,6,36,North,4,0,0.704322
931071,0,0,0,41166.324,10.625376,Primary or less,70,15,-31,North,2,0,0.73132056
931083,0,0,0,37756.445,10.538912,University,87,32,0,North,1,1,0.61613053
931085,0,0,0,6548.1055,8.786931,Upper secondary,89,34,-124,North,1,1,0.9147838
931153,0,0,0,47964.824,10.778223,Upper secondary,66,11,121,North,2,0,1.2996644
931168,0,0,0,19104.703,9.85769,Upper secondary,77,22,-28,North,1,0,0.92121357
931177,0,0,0,25218.219,10.135322,Lower secondary,80,25,113,North,3,1,0.93692315
931184,0,0,0,190512.02,12.157471,University,50,-5,25,North,3,1,0.07131177
931187,1,0,0,82513.586,11.320718,University,74,19,105,North,2,0,0.09008703
931209,1,1,1,170208.31,12.044779,Upper secondary,74,19,105,North,3,0,0.23250245
931229,0,0,0,54647.777,10.908664,Upper secondary,63,8,64,North,2,0,0.26829585
931282,0,0,0,205031.36,12.230918,University,57,2,4,North,3,0,0.30719537
931331,0,0,0,119756.39,11.693215,Upper secondary,68,13,-87,North,2,1,0.14601338
931349,0,0,0,33805.4,10.428376,Upper secondary,38,-17,33,North,2,0,1.6601051
931377,0,0,0,26325.969,10.178311,Upper secondary,44,-11,121,North,3,1,2.0578265
931402,0,0,0,55130.844,10.917464,University,42,-13,-87,North,3,1,1.3293848
931412,0,0,0,28963.84,10.273804,Upper secondary,73,18,68,North,4,1,0.6093727
931418,0,0,0,42770.516,10.663605,Upper secondary,36,-19,105,North,4,1,2.8969073
931426,1,0,1,131304.33,11.785273,University,50,-5,25,North,1,0,0.16772664
931474,0,0,0,58575.438,10.978071,Lower secondary,80,25,113,North,2,0,0.650759
931532,1,1,0,89917.38,11.406647,Upper secondary,64,9,81,North,2,0,0.37058133
931553,1,1,1,73345.99,11.202943,Upper secondary,74,19,105,North,2,0,0.2348603
931554,0,0,0,35375.438,10.473773,Lower secondary,86,31,-63,North,1,0,0.730756
931563,1,0,1,230211.66,12.346754,University,48,-7,49,North,4,0,1.0468115
931595,1,0,1,17498.605,9.7698765,Upper secondary,68,13,-87,North,1,1,0.54420066
931597,0,0,0,101261.766,11.525464,Upper secondary,75,20,-112,North,2,0,0.37773082
931610,0,0,0,31010.977,10.342096,Upper secondary,45,-10,100,North,6,0,2.0552967
931613,0,0,0,29883.691,10.305068,Upper secondary,54,-1,1,North,1,0,2.879124
931615,1,0,1,36382.324,10.501839,Upper secondary,77,22,-28,North,2,0,2.8567924
931649,1,0,1,116722.914,11.667558,University,74,19,105,North,2,1,0.08204975
931686,0,0,0,37010.977,10.51897,Lower secondary,69,14,-60,North,2,0,0.054062337
931688,0,0,0,155708.6,11.955742,Upper secondary,50,-5,25,North,2,0,3.6050842
931709,1,1,0,104241.96,11.55447,University,57,2,4,North,7,0,0.07816362
931763,0,0,0,84452.43,11.343944,University,70,15,-31,North,2,0,0.34726125
931766,1,1,1,212722.95,12.267746,University,59,4,16,North,5,0,0.12488476
931784,1,1,0,92982.6,11.440167,University,53,-2,4,North,4,1,0.9065928
931795,0,0,0,219987.98,12.301329,University,52,-3,9,North,6,0,0.9903818
931802,1,1,1,224952.78,12.323646,University,65,10,100,North,2,1,0.24489929
931834,1,0,1,418086.47,12.943443,University,51,-4,16,North,4,1,0.048850205
931840,0,0,0,189987.98,12.1547165,University,86,31,-63,North,2,0,0.03893236
931881,1,0,1,752521.44,13.531185,University,60,5,25,North,2,0,0.06758829
931921,1,1,1,397129.03,12.892016,University,63,8,64,North,3,1,0.08354871
931923,1,1,0,272003.88,12.513572,University,62,7,49,North,2,0,0.024809327
931968,1,1,1,145793.86,11.889949,University,91,36,16,North,2,0,0.13878372
931969,1,1,1,569820.56,13.253077,University,85,30,-124,North,2,0,0.016610341
931993,1,1,1,172109.52,12.055886,University,67,12,-112,North,4,0,0.17563163
932021,1,1,0,32573.318,10.391249,University,73,18,68,North,2,1,0.33777907
932027,1,1,0,126698.625,11.749566,University,70,15,-31,North,4,0,0.6142572
932061,0,0,0,681386.8,13.431886,University,64,9,81,North,3,0,0.09206423
932131,0,0,0,70462.72,11.162839,Upper secondary,60,5,25,North,4,0,0.97036326
932134,1,1,0,2.9898405e+06,14.91073,University,64,9,81,North,2,0,0.025581816
932152,0,0,0,900041.0,13.710196,Upper secondary,76,21,-71,North,2,0,0.112812854
932162,1,0,1,102555.01,11.538155,University,92,37,89,North,2,0,0.018941488
932169,0,0,0,16921.951,9.736367,Primary or less,86,31,-63,North,1,1,0.77722037
932191,1,1,0,18380.945,9.81907,Upper secondary,87,32,0,North,2,0,0.21255381
932225,0,0,0,84834.86,11.348462,University,63,8,64,North,2,0,0.057386585
932228,1,1,0,183890.55,12.122096,University,59,4,16,North,5,0,0.0401423
932238,1,1,0,30061.688,10.311007,University,74,19,105,North,1,0,0.01716337
932239,1,1,0,84967.03,11.3500185,University,62,7,49,North,2,0,0.029408973
932282,0,0,0,72830.42,11.195889,Upper secondary,57,2,4,North,3,1,0.79970586
932289,0,0,0,55527.32,10.92463,University,65,10,100,North,1,0,0.5736997
932306,0,0,0,148775.84,11.910196,University,51,-4,16,North,7,1,0.06985295
932311,1,1,1,117584.484,11.674912,Upper secondary,58,3,9,North,4,0,0.3370563
932312,0,0,0,74249.1,11.215181,Upper secondary,61,6,36,North,4,0,0.06495206
932327,1,0,1,908234.44,13.719258,University,83,28,16,North,2,0,0.025647735
932328,1,0,1,37966.57,10.544461,University,62,7,49,North,1,1,1.0017389
932332,0,0,0,157753.22,11.968787,University,58,3,9,North,5,0,0.39139104
932341,1,1,1,482050.03,13.085803,University,67,12,-112,North,2,0,0.03723192
932358,0,0,0,52398.035,10.866625,Upper secondary,77,22,-28,North,2,0,0.5896545
932367,1,0,1,74174.77,11.214179,Upper secondary,65,10,100,North,1,1,0.42268956
932377,1,1,0,93776.54,11.44867,University,32,-23,17,North,2,0,0.9147993
932381,0,0,0,42347.04,10.653654,Primary or less,86,31,-63,North,2,0,0.588935
932412,0,0,0,25152.4,10.132709,Upper secondary,57,2,4,North,2,1,0.7214302
932431,0,0,0,142339.9,11.865973,University,87,32,0,North,2,0,0.07287208
932465,1,1,0,282376.97,12.550999,University,57,2,4,North,4,0,0.24765147
932501,1,1,1,103528.84,11.5476055,Upper secondary,62,7,49,North,2,0,0.34887588
932532,1,1,1,720992.94,13.488384,University,61,6,36,North,7,0,0.44395718
932542,1,1,0,123134.74,11.721035,University,82,27,-39,North,2,0,0.08971289
932572,1,1,1,614321.75,13.328274,University,74,19,105,North,2,0,0.02151637
932577,1,0,1,91243.14,11.421283,University,50,-5,25,North,3,0,1.4096401
932579,1,1,0,254360.53,12.446508,University,57,2,4,North,2,0,0.04205436
932586,1,0,1,22127.475,10.004576,Lower secondary,73,18,68,North,2,0,0.4752273
932596,0,0,0,114503.13,11.648357,Upper secondary,84,29,73,North,3,1,0.52861077
932623,0,0,0,79051.195,11.277851,University,32,-23,17,North,3,0,1.5463804
932631,0,0,0,63199.88,11.054058,Upper secondary,75,20,-112,North,2,1,0.095175065
932641,1,0,1,765207.9,13.547903,University,53,-2,4,North,4,0,0.07226781
932652,0,0,0,13851.568,9.536154,Lower secondary,58,3,9,North,2,1,3.0756614
932653,1,1,0,194119.4,12.176229,University,61,6,36,North,4,1,0.20066272
932663,1,1,0,108399.336,11.593577,Upper secondary,69,14,-60,North,2,0,0.039699312
932666,0,0,0,35993.83,10.491103,University,29,-26,-92,North,1,0,3.5291407
932673,0,0,0,234770.08,12.366362,University,57,2,4,North,3,0,0.049161598
932694,0,0,0,35779.75,10.485137,Upper secondary,76,21,-71,North,2,1,0.5860784
932717,0,0,0,64589.777,11.075811,University,74,19,105,North,1,0,0.9739991
932724,1,1,1,263367.22,12.481304,University,71,16,0,North,2,0,0.012811496
932742,0,0,0,62050.953,11.035711,University,68,13,-87,North,1,1,0.47689614
932760,0,0,0,55159.977,10.917993,University,79,24,64,North,2,0,0.36550716
932773,1,1,1,434861.38,12.982782,University,60,5,25,North,5,0,0.043683168
932777,1,0,1,109179.08,11.600745,Upper secondary,69,14,-60,North,4,0,0.95471084
932780,1,1,1,117366.96,11.67306,University,56,1,1,North,3,0,0.19554244
932810,1,1,1,221623.02,12.308733,University,59,4,16,North,1,0,0.013217733
932826,1,1,0,88897.15,11.395235,Upper secondary,67,12,-112,North,2,0,0.095717974
932832,1,1,1,258216.16,12.461553,University,53,-2,4,North,3,0,0.35321218
932852,1,1,0,87248.57,11.376516,University,55,0,0,North,1,0,0.026186237
932864,1,1,1,343968.16,12.748304,University,54,-1,1,North,4,0,0.6964643
932883,1,0,1,104028.35,11.552419,University,52,-3,9,North,3,1,0.58150804
932911,1,1,0,134790.6,11.811478,University,48,-7,49,North,5,1,0.62340355
932929,1,0,1,247069.72,12.417426,University,59,4,16,North,4,0,0.05793159
932957,0,0,0,31788.193,10.36685,Upper secondary,72,17,33,North,1,1,0.5716973
932958,0,0,0,29159.582,10.280539,Lower secondary,92,37,89,North,1,1,0.7883554
932980,1,0,1,414321.25,12.934397,University,62,7,49,North,2,0,0.03295858
932997,1,1,0,295293.16,12.595724,University,52,-3,9,North,4,0,0.72411764
933012,0,0,0,109877.516,11.607121,Upper secondary,51,-4,16,North,4,1,0.2813593
933025,0,0,0,573451.2,13.259428,University,51,-4,16,North,5,0,0.08836285
933036,1,0,1,580754.2,13.272083,University,52,-3,9,North,4,0,0.03884121
933043,1,1,0,207264.36,12.241751,University,59,4,16,North,4,0,0.0968448
933045,1,1,0,137327.83,11.830126,University,53,-2,4,North,4,0,0.08287416
933050,1,1,0,445725.5,13.007459,University,57,2,4,North,4,0,0.056381878
933057,0,0,0,41471.953,10.632772,Lower secondary,78,23,17,North,2,1,0.5788879
933123,0,0,0,13669.568,9.522927,Lower secondary,40,-15,-31,North,3,1,3.7690434
933146,1,1,0,49907.438,10.817925,Upper secondary,58,3,9,North,2,1,1.5277276
933147,0,0,0,260343.16,12.469756,University,60,5,25,North,4,0,0.56776226
933244,0,0,0,119206.82,11.688615,University,48,-7,49,North,4,0,0.98062867
933264,0,0,0,63314.113,11.055863,Lower secondary,68,13,-87,North,3,0,0.55643284
933265,1,1,1,1.4209648e+06,14.166846,University,45,-10,100,North,4,0,0.57469517
933305,1,1,1,600474.9,13.305476,Upper secondary,62,7,49,North,3,0,0.17629094
933346,1,1,1,81126.39,11.303763,University,51,-4,16,North,1,1,0.50488687
933357,0,0,0,9822.666,9.192448,Lower secondary,57,2,4,North,1,1,0.7007241
933422,1,0,1,32910.453,10.401546,Upper secondary,67,12,-112,North,1,1,1.4002037
933476,1,0,1,546935.2,13.212086,University,49,-6,36,North,4,0,0.22099452
933580,0,0,0,8290.0,9.022805,Lower secondary,48,-7,49,North,2,1,1.4492159
933683,1,0,1,229341.88,12.342969,Upper secondary,58,3,9,North,3,0,0.50664175
933774,0,0,0,86873.97,11.372213,University,43,-12,-112,North,2,0,2.2567444
933795,1,1,1,98708.26,11.499924,University,36,-19,105,North,3,0,1.0252405
933796,1,1,0,379999.22,12.847924,University,53,-2,4,North,4,0,0.6832174
933812,0,0,0,16938.648,9.737353,Upper secondary,52,-3,9,North,1,0,3.6022189
933851,1,0,1,45896.152,10.734137,Upper secondary,85,30,-124,North,2,0,0.050899655
933854,0,0,0,39368.992,10.580734,Upper secondary,80,25,113,North,1,1,0.3748198
933862,0,0,0,23855.68,10.079778,Lower secondary,66,11,121,North,1,1,0.025244854
933865,0,0,0,565588.4,13.245622,University,46,-9,81,North,4,0,0.07657168
933877,1,0,1,361024.28,12.7967005,Lower secondary,86,31,-63,North,2,0,0.3314913
933878,0,0,0,59815.68,10.999023,Lower secondary,69,14,-60,North,3,0,0.8475963
933890,0,0,0,360883.97,12.796311,University,41,-14,-60,North,4,1,0.079272114
933892,0,0,0,23949.408,10.083699,Lower secondary,73,18,68,North,1,1,4.7798786
933893,1,0,1,96565.86,11.477981,Upper secondary,65,10,100,North,4,0,4.1480126
933903,1,0,1,88843.08,11.394627,University,77,22,-28,North,2,0,0.08212064
933915,1,1,0,328243.9,12.701512,University,64,9,81,North,3,0,0.04321824
933925,1,1,1,212615.64,12.2672415,University,56,1,1,North,4,1,0.04856898
933926,0,0,0,162552.48,11.998756,University,48,-7,49,North,4,0,0.34976825
933934,1,0,1,242881.08,12.400328,University,65,10,100,North,2,0,0.033404287
933942,1,1,1,68423.47,11.1334715,University,70,15,-31,North,2,0,0.27154034
933949,1,0,1,46835.438,10.7543955,Upper secondary,80,25,113,North,2,0,0.12579429
933955,0,0,0,48238.74,10.783917,Lower secondary,61,6,36,North,3,1,1.2619003
933966,0,0,0,111494.49,11.621731,University,59,4,16,North,4,1,0.1913139
934061,0,0,0,39159.406,10.575396,Upper secondary,65,10,100,North,2,0,1.2228421
934062,0,0,0,107557.875,11.585784,Upper secondary,64,9,81,North,3,0,0.77736557
934063,0,0,0,67857.56,11.125166,University,67,12,-112,North,3,0,0.81993586
934114,0,0,0,181601.22,12.109569,University,72,17,33,North,2,0,0.03533931
934115,1,1,1,1.3896936e+06,14.144594,University,75,20,-112,North,2,0,0.01470227
934132,0,0,0,171704.6,12.053531,University,66,11,121,North,2,0,0.027077094
934140,0,0,0,101217.195,11.525024,University,67,12,-112,North,4,0,0.307265
934141,1,1,1,207906.28,12.244843,University,57,2,4,North,2,0,0.16466516
934180,0,0,0,50431.477,10.828371,Lower secondary,70,15,-31,North,2,0,0.2996723
934215,0,0,0,55645.707,10.926761,Upper secondary,49,-6,36,North,2,1,0.4926912
934231,0,0,0,61823.496,11.032039,University,60,5,25,North,2,0,0.5915423
934259,0,0,0,314447.03,12.658571,Upper secondary,72,17,33,North,2,1,0.032808192
934264,1,0,1,186248.78,12.134839,University,72,17,33,North,2,1,0.021802297
934276,1,1,0,386229.1,12.864186,University,63,8,64,North,3,0,0.05942848
934277,1,0,1,8.558282e+06,15.96241,University,61,6,36,North,3,0,0.0003847637
934278,0,0,0,78540.78,11.271374,University,59,4,16,North,2,0,0.028242799
934280,1,1,1,290306.66,12.578693,University,54,-1,1,North,4,0,0.11092804
934282,1,0,1,585499.25,13.28022,University,50,-5,25,North,4,1,0.07419161
934287,0,0,0,122170.39,11.713172,University,57,2,4,North,1,1,0.0268341
934294,0,0,0,112399.62,11.629816,University,40,-15,-31,North,4,0,0.30865145
934306,0,0,0,67027.19,11.112854,Upper secondary,83,28,16,North,1,0,0.0328804
934308,1,0,1,61449.996,11.025979,University,75,20,-112,North,1,0,0.12305613
934316,1,0,1,56690.727,10.945366,University,55,0,0,North,2,1,0.24862702
934324,1,1,0,91425.914,11.423285,University,54,-1,1,North,4,0,0.3559374
934327,1,1,0,32409.646,10.386211,University,44,-11,121,North,1,1,1.5300417
934329,1,0,1,85878.87,11.360693,Upper secondary,38,-17,33,North,5,1,0.96440095
934334,0,0,0,37413.594,10.529789,Upper secondary,42,-13,-87,North,1,1,3.2630594
934336,0,0,0,39618.992,10.587064,Upper secondary,31,-24,64,North,3,0,4.461906
934358,0,0,0,51241.117,10.844297,Lower secondary,79,24,64,North,2,0,0.7703637
934365,0,0,0,51570.94,10.850714,Upper secondary,54,-1,1,North,3,0,1.8047882
934368,0,0,0,8600.0,9.059518,Lower secondary,50,-5,25,North,1,0,1.5399656
934406,0,0,0,29822.336,10.303013,Lower secondary,40,-15,-31,North,3,0,2.1300368
934411,0,0,0,66441.81,11.104082,Upper secondary,76,21,-71,North,1,0,0.8018866
934412,0,0,0,27236.627,10.212318,Upper secondary,53,-2,4,North,1,0,0.32126343
934439,0,0,0,129067.96,11.768094,University,77,22,-28,North,2,0,0.053423423
934443,0,0,0,29197.639,10.281843,Upper secondary,60,5,25,North,1,0,2.000252
934461,1,1,0,177416.23,12.086254,University,64,9,81,North,2,0,0.023622096
934480,0,0,0,341575.75,12.741324,Lower secondary,71,16,0,North,1,1,0.0003847637
934481,0,0,0,117396.61,11.673313,Upper secondary,55,0,0,North,4,0,0.04751751
934491,0,0,0,430695.16,12.973156,University,37,-18,68,North,3,1,0.065206006
934492,0,0,0,40005.117,10.596763,Lower secondary,78,23,17,North,2,0,0.11225931
934495,1,0,1,194853.44,12.180003,University,73,18,68,North,2,0,0.0110322675
934496,0,0,0,16914.111,9.735904,Upper secondary,79,24,64,North,1,0,0.50406617
934500,0,0,0,70755.33,11.166984,University,70,15,-31,North,2,0,0.04814174
934504,1,0,1,109407.875,11.6028385,Upper secondary,77,22,-28,North,2,0,0.08755384
934515,0,0,0,15050.175,9.619144,Primary or less,84,29,73,North,1,1,0.35978967
934519,1,1,1,137885.23,11.834177,Upper secondary,64,9,81,North,2,0,0.09953541
934520,0,0,0,28048.592,10.2416935,Upper secondary,58,3,9,North,2,1,0.089993976
934524,0,0,0,59155.438,10.987924,Upper secondary,46,-9,81,North,4,0,0.2733571
934559,0,0,0,25087.39,10.13012,Primary or less,80,25,113,North,2,0,2.1723337
934563,1,1,0,223156.52,12.315629,Upper secondary,69,14,-60,North,2,0,1.8597788
934574,0,0,0,33294.08,10.413135,Upper secondary,50,-5,25,North,1,1,2.7857454
934578,0,0,0,145821.95,11.8901415,Upper secondary,86,31,-63,North,2,1,0.023271238
934600,1,1,1,246539.61,12.415278,University,79,24,64,North,2,0,0.025575398
934615,0,0,0,48376.312,10.786765,Upper secondary,75,20,-112,North,2,0,0.024054471
934621,1,0,1,975032.56,13.790226,University,56,1,1,North,4,1,0.07913319
934629,1,1,0,71867.49,11.182579,Upper secondary,72,17,33,North,2,0,0.06324332
934671,1,0,1,178358.3,12.09155,University,59,4,16,North,4,0,0.09994414
934713,0,0,0,212671.33,12.267503,University,83,28,16,North,2,0,0.044179983
934716,0,0,0,63009.227,11.051037,University,75,20,-112,North,2,0,0.112271436
934731,0,0,0,38731.36,10.5644045,Upper secondary,64,9,81,North,2,1,0.075594336
934734,1,1,0,47926.836,10.777431,Upper secondary,65,10,100,North,2,0,0.1364603
934737,0,0,0,109160.875,11.600578,Upper secondary,64,9,81,North,3,0,0.21661165
934764,1,1,0,178889.03,12.094521,University,51,-4,16,North,3,1,0.4045161
934766,1,1,0,101948.04,11.532219,University,70,15,-31,North,2,0,0.86744064
934770,0,0,0,72163.164,11.186685,University,49,-6,36,North,4,0,0.40488002
934782,1,1,1,134306.48,11.807879,University,54,-1,1,North,4,0,0.3013056
934791,1,1,0,54308.0,10.902427,University,36,-19,105,North,1,0,1.589647
934793,0,0,0,127160.3,11.753203,Upper secondary,55,0,0,North,1,0,0.060076058
934811,0,0,0,34643.59,10.452868,Primary or less,82,27,-39,North,2,0,0.25111124
934818,0,0,0,55866.41,10.930718,Upper secondary,41,-14,-60,North,1,0,3.682334
934826,1,0,1,604082.9,13.311467,University,73,18,68,North,2,0,0.019235611
934844,0,0,0,36402.465,10.502392,Upper secondary,65,10,100,North,2,0,0.23120296
934869,0,0,0,66688.16,11.107782,Lower secondary,59,4,16,North,4,1,0.9492818
934892,0,0,0,339675.38,12.735745,University,65,10,100,North,2,0,0.116504475
934900,1,1,1,111124.45,11.618406,University,70,15,-31,North,2,0,0.13910979
934903,1,1,0,141509.53,11.860123,Lower secondary,59,4,16,North,4,0,0.70825976
934904,0,0,0,36872.44,10.51522,Lower secondary,49,-6,36,North,4,0,1.1644676
934907,0,0,0,29422.873,10.289528,Lower secondary,73,18,68,North,1,0,0.695183
934912,0,0,0,32415.963,10.386406,Primary or less,79,24,64,North,2,0,0.5941609
934918,0,0,0,173427.14,12.063513,University,55,0,0,North,2,0,0.14499462
934921,0,0,0,41014.82,10.621689,Lower secondary,63,8,64,North,4,0,1.3025316
934927,0,0,0,78263.59,11.267838,Upper secondary,83,28,16,North,2,1,0.14862426
934928,1,0,1,84380.28,11.343089,University,80,25,113,North,2,0,0.014820596
934951,1,1,0,489155.75,13.100436,University,56,1,1,North,3,1,0.0003847637
934958,0,0,0,226237.75,12.329342,University,73,18,68,North,2,0,0.006479923
934960,1,1,0,228246.31,12.338181,Upper secondary,56,1,1,North,4,0,0.16157901
934967,0,0,0,90931.23,11.417859,University,70,15,-31,North,2,1,0.024599968
934971,0,0,0,67052.234,11.113227,University,63,8,64,North,2,1,0.037857346
934979,0,0,0,25821.951,10.15898,Upper secondary,78,23,17,North,1,1,0.7500391
934981,0,0,0,21521.951,9.976829,Primary or less,95,40,64,North,2,0,0.70877254
934989,0,0,0,30512.719,10.325899,Upper secondary,82,27,-39,North,1,0,0.19943175
934991,0,0,0,54621.953,10.908192,Lower secondary,69,14,-60,North,2,1,0.18026441
935000,0,0,0,35947.04,10.489802,Primary or less,80,25,113,North,2,1,0.17670117
935004,1,1,0,38448.46,10.557074,Upper secondary,71,16,0,North,1,0,0.19439057
935007,1,1,0,65471.324,11.089368,Upper secondary,67,12,-112,North,2,0,0.16698673
935009,0,0,0,113600.984,11.640448,University,36,-19,105,North,3,1,0.21443513
935014,0,0,0,134413.6,11.808677,University,59,4,16,North,2,1,0.066768005
935024,0,0,0,61513.594,11.027014,University,74,19,105,North,1,0,0.12111531
935026,0,0,0,98727.195,11.500115,University,60,5,25,North,2,0,0.026121877
935041,0,0,0,69025.44,11.14223,University,47,-8,64,North,2,1,0.072342716
935042,0,0,0,108376.67,11.593369,University,67,12,-112,North,1,0,0.07534252
935044,0,0,0,24788.156,10.118121,Lower secondary,81,26,-92,North,1,0,0.75983995
935054,1,1,0,30626.227,10.329612,Upper secondary,54,-1,1,North,3,1,3.5676994
935073,1,1,1,233641.6,12.361544,University,65,10,100,North,2,0,0.5033228
935077,1,0,1,38075.426,10.547324,Primary or less,82,27,-39,North,2,0,0.3003699
935103,1,1,0,91717.93,11.426474,Upper secondary,82,27,-39,North,2,1,0.079226814
935132,1,1,0,55062.35,10.916222,Upper secondary,60,5,25,North,2,0,0.2836704
935147,0,0,0,23902.822,10.081752,Lower secondary,87,32,0,North,1,1,3.430305
935171,0,0,0,168221.16,12.033035,Upper secondary,79,24,64,North,1,0,0.012449798
935193,1,0,1,188803.56,12.148462,Upper secondary,73,18,68,North,2,0,0.010559569
935241,1,1,0,36578.168,10.507207,Upper secondary,66,11,121,North,1,0,0.8196796
935242,0,0,0,20479.79,9.927194,Primary or less,93,38,-92,North,1,1,0.95894474
935280,0,0,0,96112.45,11.473274,University,62,7,49,North,4,0,0.16881493
935281,0,0,0,214277.81,12.275028,Lower secondary,50,-5,25,North,4,0,1.1894759
935303,0,0,0,88547.914,11.391299,University,71,16,0,North,2,0,0.020452052
935392,1,1,1,160561.94,11.986435,University,69,14,-60,North,2,0,0.1827391
935401,0,0,0,15494.078,9.648213,Lower secondary,44,-11,121,North,2,0,0.37151852
935409,0,0,0,15001.568,9.615911,Upper secondary,77,22,-28,North,1,1,1.0633652
935431,1,1,1,95297.91,11.464764,University,84,29,73,North,2,0,0.04486647
935434,0,0,0,67195.83,11.115367,University,69,14,-60,North,2,0,0.1938686
935443,0,0,0,123937.07,11.72753,University,63,8,64,North,2,0,0.050766364
935449,0,0,0,97214.664,11.484677,University,67,12,-112,North,2,0,0.21143247
935579,1,1,1,226971.62,12.332581,University,60,5,25,North,3,0,0.08965801
935594,1,1,1,147176.98,11.899391,University,55,0,0,North,2,0,0.036287773
935643,0,0,0,94569.03,11.457086,University,48,-7,49,North,3,0,0.10914366
935659,1,0,1,38464.137,10.557482,Upper secondary,88,33,65,North,1,1,0.0517159
935666,0,0,0,80952.766,11.301621,University,88,33,65,North,1,0,0.025352022
935682,0,0,0,59425.617,10.99248,Upper secondary,73,18,68,North,2,0,0.18750425
935685,0,0,0,100299.24,11.515913,University,73,18,68,North,2,0,0.023829019
935686,0,0,0,198318.0,12.197627,University,73,18,68,North,2,0,0.018525194
935693,1,1,0,135465.0,11.816468,University,76,21,-71,North,2,0,0.013672664
935695,0,0,0,62007.84,11.035016,Upper secondary,69,14,-60,North,3,1,0.5131876
935702,0,0,0,59711.008,10.997272,Lower secondary,66,11,121,North,4,0,0.05112619
935705,1,1,0,132484.45,11.794221,Upper secondary,66,11,121,North,2,0,0.24720682
935714,1,1,0,43689.848,10.684871,University,67,12,-112,North,4,0,0.059609264
935716,0,0,0,154129.3,11.945547,Upper secondary,64,9,81,North,2,0,0.30001867
935808,0,0,0,63114.965,11.052713,Upper secondary,65,10,100,North,3,0,1.1008279
935827,1,0,1,69900.36,11.154826,University,76,21,-71,North,2,0,0.19965225
935831,0,0,0,142334.64,11.865936,University,66,11,121,North,2,0,0.3192481
935850,1,0,1,204046.39,12.226103,University,72,17,33,North,3,0,0.035682075
935852,1,1,1,54460.04,10.905223,Upper secondary,68,13,-87,North,2,0,0.10765396
935871,0,0,0,59570.41,10.994914,University,47,-8,64,North,4,0,0.050937165
935877,0,0,0,104388.055,11.555871,University,46,-9,81,North,4,0,0.0462835
935892,1,0,1,59453.83,10.992955,University,51,-4,16,North,1,0,0.09063849
935893,0,0,0,114597.79,11.649184,University,80,25,113,North,1,0,0.1420068
935905,0,0,0,38716.03,10.564009,Upper secondary,71,16,0,North,2,1,0.329718
935908,0,0,0,40231.36,10.602402,Upper secondary,68,13,-87,North,1,1,0.18844512
935916,0,0,0,33846.797,10.4296,University,65,10,100,North,1,1,0.37976313
935927,1,0,1,80607.2,11.297343,University,50,-5,25,North,5,0,0.3065628
935940,1,1,0,46397.637,10.745004,Upper secondary,61,6,36,North,2,0,0.1700161
935943,0,0,0,11928.227,9.3866625,University,24,-31,-63,North,1,1,1.9927934
935953,0,0,0,30417.543,10.322775,Upper secondary,79,24,64,North,2,1,0.38105124
935960,0,0,0,183911.73,12.122211,University,65,10,100,North,2,0,0.072856545
935993,0,0,0,175439.75,12.075051,University,83,28,16,North,2,0,0.014708455
935994,0,0,0,145109.64,11.885245,University,83,28,16,North,1,0,0.032323807
935999,0,0,0,419266.78,12.946262,University,90,35,-55,North,2,0,0.015484059
936001,1,1,1,121213.516,11.705309,University,65,10,100,North,2,0,0.19799224
936011,1,0,0,67349.77,11.117655,Upper secondary,56,1,1,North,4,1,0.15285224
936017,0,0,0,84250.875,11.341555,University,47,-8,64,North,3,1,0.053423725
936039,0,0,0,112345.74,11.629336,University,38,-17,33,North,4,0,0.09264908
936048,0,0,0,24200.0,10.094108,Primary or less,84,29,73,North,2,1,0.35652286
936049,0,0,0,47320.12,10.764691,Upper secondary,75,20,-112,North,2,1,0.2968531
936059,0,0,0,47115.68,10.760361,Lower secondary,64,9,81,North,2,0,0.24979694
936064,0,0,0,13800.627,9.53247,Lower secondary,82,27,-39,North,1,1,0.46141988
936071,0,0,0,82035.195,11.314903,University,75,20,-112,North,2,0,0.031134948
936100,0,0,0,108243.91,11.592142,University,63,8,64,North,2,1,0.061148897
936118,0,0,0,55040.766,10.91583,Upper secondary,81,26,-92,North,2,0,0.3004718
936133,1,0,1,106635.57,11.577172,Upper secondary,68,13,-87,North,3,0,0.09169007
936150,0,0,0,32094.018,10.376425,Lower secondary,73,18,68,North,2,0,2.071928
936161,0,0,0,375441.3,12.835857,Upper secondary,70,15,-31,North,2,0,0.01502834
936227,0,0,0,16924.87,9.73654,Primary or less,84,29,73,North,1,1,0.7263575
936247,1,1,1,89147.41,11.3980465,University,81,26,-92,North,2,0,0.0379173
936252,1,1,0,69022.22,11.142183,University,70,15,-31,North,2,0,0.043807905
936253,1,1,1,69560.375,11.14995,University,72,17,33,North,3,0,0.048100565
936272,0,0,0,63055.645,11.051773,Upper secondary,66,11,121,North,3,0,0.2640407
936278,1,1,0,67225.555,11.1158085,University,61,6,36,North,2,0,0.05687195
936289,1,1,0,44759.184,10.709052,University,53,-2,4,North,4,0,2.2443035
936316,1,0,1,71120.32,11.172129,Upper secondary,55,0,0,North,3,0,0.05995611
936370,1,1,1,57373.715,10.957341,Upper secondary,55,0,0,North,3,0,0.13218744
936406,0,0,0,13935.088,9.542165,Primary or less,64,9,81,South and Islands,2,0,0.47133297
936411,1,1,0,72749.836,11.194782,Upper secondary,55,0,0,North,3,0,0.7121011
936412,1,1,0,83187.01,11.328847,Upper secondary,78,23,17,North,2,0,0.12318031
936424,0,0,0,79040.58,11.277717,Upper secondary,68,13,-87,North,4,0,1.2820995
936459,1,1,0,114529.38,11.648586,University,59,4,16,North,4,0,0.40292767
936465,0,0,0,140846.75,11.855428,Lower secondary,63,8,64,North,4,0,0.45443055
936470,1,1,1,460317.75,13.039672,University,83,28,16,North,2,0,0.07057705
936478,1,1,1,204773.45,12.22966,Upper secondary,74,19,105,North,2,0,0.021357683
936483,1,1,1,159613.95,11.980514,University,70,15,-31,North,2,0,0.03261992
936619,1,1,0,162108.25,11.996019,University,51,-4,16,North,2,1,0.0420953
936624,0,0,0,30399.645,10.322186,Lower secondary,72,17,33,North,2,1,0.17706218
936635,1,0,1,68679.22,11.137202,Upper secondary,66,11,121,North,2,0,0.22612792
936651,1,1,1,271243.8,12.510774,University,58,3,9,North,3,0,0.15101103
936656,1,0,1,355563.38,12.781459,Upper secondary,58,3,9,North,5,0,0.17551756
936657,0,0,0,72830.62,11.195891,Lower secondary,51,-4,16,North,3,0,0.12084118
936661,1,1,1,137557.67,11.831799,University,68,13,-87,North,2,0,0.082361326
936664,1,1,1,221719.1,12.309167,Upper secondary,71,16,0,North,2,0,0.01622315
936666,1,1,1,202506.61,12.218528,University,63,8,64,North,2,0,0.07578703
936667,0,0,0,24313.027,10.098767,Lower secondary,52,-3,9,North,1,0,2.275219
936682,1,1,0,83413.43,11.331565,University,73,18,68,North,1,1,0.039425213
936683,0,0,0,219401.08,12.298656,Upper secondary,64,9,81,North,2,1,0.16896935
936684,1,0,1,240481.42,12.390398,University,72,17,33,North,3,0,0.051639717
936688,1,0,0,49151.285,10.802658,University,67,12,-112,North,2,0,0.036422532
936691,0,0,0,373550.72,12.830809,University,63,8,64,North,4,1,0.11914953
936692,1,1,1,207010.11,12.240523,University,67,12,-112,North,2,0,0.019726906
936693,0,0,0,108898.1,11.598168,University,68,13,-87,North,2,0,0.022756789
936711,1,0,0,244683.0,12.407719,University,63,8,64,North,1,0,0.019927096
936723,1,1,1,425530.78,12.961093,Upper secondary,58,3,9,North,5,0,0.057704296
936739,1,1,1,278813.0,12.538297,University,40,-15,-31,North,3,1,0.15693502
936754,0,0,0,58771.953,10.9814205,Primary or less,79,24,64,North,3,1,0.080230884
936768,0,0,0,95537.836,11.467278,University,71,16,0,North,2,1,0.12836437
936773,0,0,0,20136.36,9.910282,Primary or less,84,29,73,North,1,1,0.5890316
936779,0,0,0,19747.04,9.8907585,Lower secondary,64,9,81,North,1,1,0.56439614
936783,0,0,0,78034.49,11.264906,University,48,-7,49,North,4,0,0.3667534
936789,1,1,1,36952.84,10.517398,University,75,20,-112,North,1,1,0.18890174
936792,1,1,0,37961.94,10.544339,Upper secondary,59,4,16,North,1,1,1.0814128
936794,0,0,0,106654.67,11.577352,Upper secondary,68,13,-87,North,2,0,0.016564727
936801,0,0,0,94486.88,11.456217,University,56,1,1,North,3,1,0.053792525
936803,1,1,1,110614.73,11.613809,Upper secondary,51,-4,16,North,3,1,0.79366744
936813,0,0,0,44631.36,10.706192,Upper secondary,35,-20,-112,North,2,1,1.6646448
936814,1,1,0,197767.55,12.194848,University,59,4,16,North,2,0,0.03250136
936824,1,0,1,89436.664,11.401286,University,63,8,64,North,2,0,0.16308674
936839,1,0,1,48042.37,10.779839,Upper secondary,56,1,1,North,2,1,0.25639343
936850,1,1,1,343004.56,12.745499,University,59,4,16,North,4,0,0.031090371
936872,0,0,0,263118.03,12.480358,Upper secondary,47,-8,64,North,4,0,0.15666783
936874,0,0,0,60671.94,11.013237,University,50,-5,25,North,2,1,0.08066854
936875,0,0,0,21000.0,9.952278,Lower secondary,60,5,25,North,2,0,0.08756081
936956,0,0,0,148880.06,11.910896,University,79,24,64,North,2,0,0.018071765
936975,0,0,0,103864.06,11.550838,University,84,29,73,North,2,0,0.02018824
936976,0,0,0,56881.53,10.948726,Lower secondary,79,24,64,North,2,0,0.020981018
936993,1,0,1,259286.9,12.465691,University,76,21,-71,North,2,1,0.0136222225
936999,0,0,0,542542.7,13.204022,University,76,21,-71,North,8,1,0.039827924
937000,1,1,0,166119.34,12.020462,University,71,16,0,North,2,0,0.01915126
937017,1,1,0,92746.82,11.437629,Upper secondary,74,19,105,North,3,0,0.15165608
937018,0,0,0,89418.95,11.401088,Upper secondary,74,19,105,North,2,0,0.01815963
937030,0,0,0,80504.805,11.296072,University,73,18,68,North,2,0,0.012818198
937081,0,0,0,178477.48,12.092217,Upper secondary,62,7,49,North,2,0,0.027514385
937103,0,0,0,57863.06,10.965835,Upper secondary,64,9,81,North,2,0,0.17256908
937120,0,0,0,173576.8,12.064376,University,58,3,9,North,3,1,0.029461725
937125,1,0,0,621577.06,13.340015,University,61,6,36,North,2,0,0.031216983
937156,1,0,1,50390.184,10.827552,Upper secondary,55,0,0,North,2,0,0.7403764
937158,0,0,0,209834.08,12.254072,University,75,20,-112,North,2,0,0.016934836
937162,0,0,0,179576.92,12.098359,University,81,26,-92,North,2,0,0.015919907
937194,0,0,0,150687.64,11.922964,University,73,18,68,North,2,0,0.021610262
937209,1,1,1,184817.56,12.127125,University,52,-3,9,North,4,0,0.023753675
937306,1,0,1,315228.62,12.661054,Upper secondary,53,-2,4,North,4,0,0.0641593
937326,0,0,0,222520.36,12.312774,University,48,-7,49,North,5,1,0.069054164
937328,1,1,1,154282.83,11.946543,University,86,31,-63,North,2,0,0.011610903
937332,0,0,0,45817.777,10.732428,University,57,2,4,North,2,0,0.22071867
937371,0,0,0,75894.43,11.237099,University,50,-5,25,North,3,0,0.23294938
937375,1,0,1,82207.11,11.316998,Upper secondary,55,0,0,North,2,1,0.40882763
937431,1,1,1,119898.695,11.694403,University,70,15,-31,North,2,0,0.41465276
937437,0,0,0,48979.582,10.799159,Lower secondary,33,-22,-28,North,2,1,5.4493666
937442,0,0,0,20764.57,9.941004,Primary or less,63,8,64,North,1,1,3.3374593
937443,0,0,0,21056.898,9.954984,Upper secondary,48,-7,49,North,1,1,3.8276434
937460,0,0,0,264903.4,12.487121,University,65,10,100,North,4,0,0.14789352
937464,0,0,0,100671.26,11.519615,University,67,12,-112,North,2,1,0.023126218
937469,0,0,0,45577.83,10.727177,Primary or less,80,25,113,North,2,0,0.12422213
937470,0,0,0,57201.086,10.954329,Upper secondary,57,2,4,North,4,1,0.18595836
937475,1,1,1,172845.14,12.060151,Upper secondary,64,9,81,North,2,0,0.15005197
937484,0,0,0,67512.89,11.120074,Upper secondary,70,15,-31,North,2,0,0.10715737
937485,0,0,0,47319.516,10.764678,Lower secondary,53,-2,4,North,4,0,0.2858126
937530,1,0,1,108562.81,11.595084,University,65,10,100,North,2,0,0.15042363
937535,0,0,0,51404.734,10.847486,University,65,10,100,North,3,0,0.04656605
937559,0,0,0,406454.1,12.915226,University,64,9,81,North,2,0,0.01986397
937570,1,0,1,191449.23,12.162378,University,65,10,100,North,3,0,0.06601833
937585,1,1,0,121376.22,11.706651,University,67,12,-112,North,2,0,0.025886672
937588,0,0,0,38758.625,10.565108,Upper secondary,85,30,-124,North,1,1,0.21585068
937591,0,0,0,39556.445,10.585484,Lower secondary,82,27,-39,North,1,0,0.23199132
937603,0,0,0,114657.84,11.649708,University,73,18,68,North,1,0,0.022757055
937608,1,0,1,73372.766,11.203308,Upper secondary,66,11,121,North,3,0,0.19092712
937612,0,0,0,16546.271,9.713916,Lower secondary,61,6,36,North,1,0,0.48673895
937617,0,0,0,30368.77,10.32117,University,81,26,-92,North,1,1,0.16635612
937631,0,0,0,32339.87,10.384056,Upper secondary,60,5,25,North,1,1,1.6211021
937648,1,1,1,25648.58,10.152244,University,35,-20,-112,North,1,0,2.2915642
937697,1,1,0,34922.93,10.460899,University,50,-5,25,North,3,1,1.2506922
937729,0,0,0,55149.586,10.917805,Lower secondary,86,31,-63,North,1,0,0.43385446
937831,1,0,1,78056.72,11.265191,University,76,21,-71,North,2,0,0.038763553
937835,0,0,0,20309.408,9.918839,Primary or less,79,24,64,North,1,1,0.33189616
937844,0,0,0,22806.271,10.034791,Primary or less,82,27,-39,North,1,1,0.66942024
937845,1,1,0,170395.06,12.045875,University,56,1,1,North,4,0,0.29525015
937974,1,1,1,364268.44,12.805646,Upper secondary,73,18,68,Centre,2,0,0.01892816
937981,0,0,0,312681.34,12.65294,University,49,-6,36,Centre,2,1,0.024306625
937989,1,1,1,84723.65,11.34715,University,72,17,33,Centre,2,0,0.29013607
937990,0,0,0,59058.234,10.9862795,Upper secondary,56,1,1,Centre,2,0,0.85905385
937994,0,0,0,86697.164,11.370176,University,39,-16,0,Centre,3,1,0.59294254
937999,0,0,0,28415.68,10.254697,University,52,-3,9,Centre,1,0,1.1371809
938002,0,0,0,20494.703,9.927921,Lower secondary,53,-2,4,Centre,2,1,1.9355053
938005,1,0,1,319176.62,12.6735,University,74,19,105,Centre,3,0,0.031445444
938021,0,0,0,41016.934,10.62174,Lower secondary,68,13,-87,Centre,4,0,0.8848819
938024,0,0,0,59687.438,10.996877,Lower secondary,79,24,64,Centre,2,0,0.46133074
938025,0,0,0,20312.543,9.918994,Primary or less,88,33,65,Centre,2,0,0.50762415
938026,1,1,0,62080.023,11.03618,Upper secondary,75,20,-112,Centre,2,0,0.37201422
938029,1,1,0,78876.17,11.275635,University,75,20,-112,Centre,2,0,0.17028233
938031,1,1,1,120965.29,11.7032585,University,71,16,0,Centre,3,0,0.02722437
938097,0,0,0,38821.59,10.566731,Upper secondary,41,-14,-60,Centre,3,1,0.866827
938107,1,1,1,197433.7,12.193158,University,68,13,-87,Centre,2,0,0.022854598
938109,0,0,0,439756.28,12.993976,University,52,-3,9,Centre,3,0,0.0443367
938111,0,0,0,19201.568,9.862747,Primary or less,69,14,-60,Centre,1,0,0.5671307
938117,0,0,0,54847.04,10.912304,Upper secondary,40,-15,-31,Centre,2,0,1.5884879
938181,0,0,0,41136.992,10.624663,Upper secondary,44,-11,121,Centre,3,0,8.165496
938183,1,0,0,172058.58,12.055591,University,66,11,121,Centre,2,0,0.022151064
938185,1,1,0,59829.26,10.99925,University,75,20,-112,Centre,2,1,0.020730222
938312,0,0,0,18206.271,9.809522,Lower secondary,68,13,-87,Centre,2,0,2.804086
938328,1,1,1,229072.72,12.341795,University,68,13,-87,Centre,2,1,0.053622667
938333,1,1,1,198998.58,12.201053,University,51,-4,16,Centre,5,0,0.108695254
938362,1,1,0,38996.594,10.57123,Lower secondary,61,6,36,Centre,1,0,0.6284066
938373,0,0,0,128536.97,11.763972,University,81,26,-92,Centre,2,0,0.02615719
938439,1,0,1,30178.111,10.314872,Upper secondary,75,20,-112,Centre,1,0,0.36328644
938440,1,1,1,60967.508,11.018096,University,48,-7,49,Centre,4,0,0.26364425
938443,1,1,1,124899.8,11.735267,Upper secondary,60,5,25,Centre,3,0,0.37101817
938457,0,0,0,62566.156,11.04398,Lower secondary,84,29,73,Centre,2,0,0.07642811
938492,0,0,0,42377.387,10.65437,University,80,25,113,Centre,1,1,0.05838458
938516,1,1,1,327217.4,12.69838,University,62,7,49,Centre,2,0,0.05532769
938542,0,0,0,28967.848,10.273942,Upper secondary,85,30,-124,Centre,1,1,0.8691881
938546,1,1,0,46674.73,10.750958,University,84,29,73,Centre,2,0,0.5134807
938580,1,1,0,20624.287,9.934225,Upper secondary,63,8,64,Centre,1,0,1.9250637
938608,1,1,1,214334.9,12.275295,University,60,5,25,Centre,2,0,0.104176834
938647,0,0,0,21012.543,9.952875,Upper secondary,50,-5,25,Centre,1,0,3.691581
938652,1,1,0,86656.04,11.369702,University,56,1,1,Centre,2,0,0.055944577
938656,0,0,0,61598.062,11.028386,University,64,9,81,Centre,2,0,0.62992996
938657,0,0,0,49536.414,10.810463,University,68,13,-87,Centre,1,1,0.070166774
938658,0,0,0,15077.161,9.620936,University,57,2,4,Centre,2,0,0.94247323
938668,1,1,0,122385.71,11.714933,University,53,-2,4,Centre,4,0,0.042819902
938672,0,0,0,128455.53,11.763338,University,52,-3,9,Centre,4,0,0.5978997
938673,0,0,0,105416.76,11.565677,Upper secondary,51,-4,16,Centre,4,0,0.85762817
938679,0,0,0,71656.445,11.179639,Upper secondary,49,-6,36,Centre,4,0,0.54579026
938687,0,0,0,149801.86,11.9170685,Upper secondary,59,4,16,Centre,5,1,1.3904251
938703,1,1,0,128159.42,11.76103,University,72,17,33,Centre,1,0,0.49411416
938755,0,0,0,51498.64,10.849311,Upper secondary,42,-13,-87,Centre,3,0,2.901966
938766,0,0,0,59538.71,10.994382,Upper secondary,36,-19,105,Centre,3,0,1.3042526
938770,0,0,0,111232.46,11.619377,Upper secondary,72,17,33,Centre,1,0,0.018222282
938784,0,0,0,27212.611,10.211436,University,38,-17,33,Centre,2,1,0.5569139
938786,0,0,0,29606.232,10.29574,Upper secondary,59,4,16,Centre,1,0,0.9140642
938794,0,0,0,83538.41,11.333062,University,64,9,81,Centre,1,0,0.56366235
938795,1,1,0,34055.9,10.435759,University,58,3,9,Centre,1,0,0.5579104
938803,1,0,1,42697.61,10.661899,University,63,8,64,Centre,1,1,0.63316673
938833,1,1,0,41670.68,10.637553,Lower secondary,71,16,0,Centre,2,0,1.4538327
938834,0,0,0,14202.509,9.561174,Lower secondary,57,2,4,Centre,1,0,4.500832
938839,0,0,0,26009.408,10.166214,Lower secondary,74,19,105,Centre,2,0,4.4910274
938882,0,0,0,36728.73,10.511314,Upper secondary,80,25,113,Centre,1,1,0.4931655
938888,0,0,0,28474.363,10.25676,Lower secondary,75,20,-112,Centre,1,1,0.44544306
938920,0,0,0,29568.99,10.294481,Primary or less,76,21,-71,Centre,2,1,2.6502035
938992,0,0,0,27721.951,10.2299795,Lower secondary,77,22,-28,Centre,1,1,0.7229497
938993,0,0,0,52182.105,10.862494,University,51,-4,16,Centre,2,1,0.67848897
938996,0,0,0,24051.934,10.087971,Upper secondary,52,-3,9,Centre,1,0,2.8044398
939031,1,0,1,114194.16,11.645656,University,72,17,33,Centre,2,0,0.23139417
939041,1,1,0,70893.63,11.168936,University,60,5,25,Centre,3,0,0.7559742
939043,0,0,0,47690.516,10.772488,Upper secondary,74,19,105,Centre,3,1,0.6956643
939051,0,0,0,38274.477,10.552539,Lower secondary,35,-20,-112,Centre,2,1,3.5093515
939066,1,0,1,48264.24,10.784446,Upper secondary,68,13,-87,Centre,1,1,1.7853252
939071,0,0,0,34812.72,10.457738,Lower secondary,65,10,100,Centre,3,0,2.018913
939114,0,0,0,101316.52,11.526005,University,79,24,64,Centre,2,1,0.031118043
939119,1,1,1,107561.33,11.585816,University,76,21,-71,Centre,3,0,0.65266216
939139,1,0,0,61084.547,11.020014,University,65,10,100,Centre,1,0,0.860325
939153,1,1,0,163925.16,12.007165,University,63,8,64,Centre,2,0,0.067856245
939154,1,0,1,130296.32,11.777567,Upper secondary,57,2,4,Centre,2,0,0.028143836
939156,0,0,0,48030.617,10.779594,Upper secondary,54,-1,1,Centre,3,0,3.2916052
939157,0,0,0,45078.773,10.7161665,Upper secondary,41,-14,-60,Centre,4,0,6.1816874
939161,1,0,1,238810.88,12.383428,University,58,3,9,Centre,4,1,0.0252726
939168,1,0,1,404309.66,12.909936,University,52,-3,9,Centre,5,0,0.04037449
939173,0,0,0,52894.08,10.876047,University,87,32,0,Centre,2,0,0.21421108
939176,1,0,1,142095.11,11.864252,University,52,-3,9,Centre,3,0,0.054608833
939177,0,0,0,59194.08,10.988577,University,85,30,-124,Centre,2,0,0.044400513
939180,0,0,0,72455.99,11.190735,Upper secondary,63,8,64,Centre,2,0,0.09893732
939181,0,0,0,90817.6,11.416609,Upper secondary,63,8,64,Centre,3,0,0.28317106
939190,0,0,0,46367.55,10.744355,University,41,-14,-60,Centre,4,0,0.53734726
939194,0,0,0,58548.734,10.977614,University,39,-16,0,South and Islands,3,1,0.59149617
939210,0,0,0,29709.408,10.299219,Primary or less,85,30,-124,Centre,2,0,0.7450349
939215,0,0,0,33968.13,10.433178,Upper secondary,79,24,64,Centre,1,1,0.84637976
939222,1,1,1,59328.24,10.990841,Upper secondary,73,18,68,Centre,2,0,0.228134
939235,0,0,0,102543.7,11.538044,University,83,28,16,Centre,2,0,0.019612502
939240,0,0,0,23997.04,10.085686,Lower secondary,73,18,68,Centre,2,0,0.2651477
939260,1,1,1,431667.75,12.975411,University,56,1,1,Centre,4,0,0.024742806
939261,1,1,0,121272.16,11.705792,University,49,-6,36,Centre,4,1,0.21931647
939263,1,1,0,252044.27,12.43736,University,58,3,9,Centre,3,0,0.037116658
939264,0,0,0,15651.359,9.658313,Primary or less,85,30,-124,Centre,1,1,0.51137316
939266,0,0,0,77507.17,11.258125,Upper secondary,48,-7,49,Centre,5,0,0.14663506
939271,0,0,0,44604.305,10.7055855,Upper secondary,58,3,9,Centre,4,1,0.029542482
939272,0,0,0,1.2034795e+06,14.000728,University,41,-14,-60,Centre,4,0,0.022151371
939278,0,0,0,39807.082,10.5918,Primary or less,79,24,64,Centre,2,1,0.2858428
939282,0,0,0,52016.914,10.859324,Lower secondary,54,-1,1,Centre,4,0,0.6900661
939294,0,0,0,7882.0,8.972337,Lower secondary,66,11,121,Centre,1,1,0.6696441
939300,0,0,0,36754.676,10.512021,Lower secondary,88,33,65,Centre,1,0,0.17974517
939302,1,1,1,109633.516,11.604898,University,41,-14,-60,Centre,3,0,0.06483901
939305,0,0,0,49452.695,10.808772,Upper secondary,70,15,-31,Centre,2,1,0.51220757
939320,0,0,0,145165.14,11.885628,University,58,3,9,Centre,3,1,0.037649322
939326,0,0,0,55637.145,10.926606,University,46,-9,81,Centre,3,0,0.022847919
939334,0,0,0,34635.24,10.452627,Upper secondary,82,27,-39,Centre,1,1,0.5365235
939335,0,0,0,25419.553,10.143274,Lower secondary,84,29,73,Centre,2,0,0.4571459
939336,0,0,0,38524.25,10.559043,Upper secondary,79,24,64,Centre,2,0,0.40321591
939346,1,1,0,66820.164,11.10976,University,69,14,-60,Centre,1,0,0.104517125
939347,1,1,0,82581.82,11.321545,University,54,-1,1,Centre,4,0,0.21360214
939348,0,0,0,33993.984,10.433939,University,69,14,-60,Centre,1,1,0.3677146
939354,0,0,0,77647.11,11.25993,University,64,9,81,Centre,2,0,0.105144255
939356,0,0,0,37309.13,10.526994,Upper secondary,65,10,100,Centre,2,1,0.30860826
939358,0,0,0,49024.996,10.800086,University,75,20,-112,Centre,1,0,0.30671304
939376,0,0,0,1.5991269e+06,14.284968,University,42,-13,-87,Centre,4,1,0.03859203
939392,0,0,0,86661.77,11.369768,University,83,28,16,Centre,3,0,0.2703355
939412,0,0,0,26034.596,10.167182,Upper secondary,72,17,33,Centre,2,0,0.5270839
939424,0,0,0,44855.484,10.711201,Upper secondary,40,-15,-31,Centre,4,0,2.2395134
939479,0,0,0,50816.105,10.835969,Upper secondary,60,5,25,Centre,2,0,2.6605256
939522,0,0,0,65702.68,11.092895,Upper secondary,69,14,-60,Centre,3,0,1.5443093
939523,0,0,0,102119.55,11.533899,University,56,1,1,Centre,3,1,1.3913414
939528,1,0,1,135655.12,11.817871,University,67,12,-112,Centre,2,0,0.8830948
939529,0,0,0,81959.5,11.31398,University,60,5,25,Centre,4,0,1.5572674
939606,0,0,0,36743.934,10.511728,University,34,-21,-71,Centre,1,1,4.694915
939624,1,1,1,196369.58,12.187754,Upper secondary,80,25,113,Centre,2,0,0.04369568
939656,0,0,0,18800.314,9.841629,Lower secondary,59,4,16,Centre,1,1,1.5314178
939671,0,0,0,43347.04,10.676993,University,74,19,105,Centre,2,1,1.2443744
939691,0,0,0,127732.086,11.75769,University,72,17,33,Centre,3,0,0.22654547
939692,0,0,0,83531.36,11.332977,Upper secondary,70,15,-31,Centre,2,0,0.6799063
939710,0,0,0,81135.49,11.303876,University,68,13,-87,Centre,2,0,0.6172908
939718,1,0,0,100246.07,11.515383,University,66,11,121,Centre,2,0,0.5782063
939732,1,1,1,99832.99,11.511254,University,58,3,9,Centre,4,1,1.4027308
939740,0,0,0,330552.22,12.70852,University,66,11,121,Centre,2,0,0.10510814
939761,0,0,0,19512.543,9.878813,Lower secondary,78,23,17,Centre,2,1,0.5803759
939762,0,0,0,29253.299,10.283748,University,78,23,17,Centre,1,0,1.1356081
939764,0,0,0,44315.68,10.699094,Upper secondary,57,2,4,Centre,2,1,0.2420335
939779,1,1,0,115020.07,11.652862,University,78,23,17,Centre,2,0,0.13100187
939780,1,1,0,120980.336,11.703383,University,91,36,16,Centre,2,0,0.37294403
939802,0,0,0,33102.508,10.407364,Lower secondary,72,17,33,Centre,1,1,0.1177707
939805,0,0,0,39031.36,10.572121,Primary or less,73,18,68,Centre,3,0,0.9879393
939817,1,0,0,150465.98,11.921493,University,77,22,-28,Centre,2,0,0.1128063
939868,0,0,0,19202.822,9.862813,Lower secondary,63,8,64,Centre,2,0,1.4292337
939909,1,1,1,418948.84,12.945504,University,73,18,68,Centre,2,0,0.03640276
939911,0,0,0,8401.917,9.036215,Upper secondary,24,-31,-63,Centre,1,0,1.9394656
939925,0,0,0,59540.977,10.99442,Lower secondary,69,14,-60,Centre,2,0,0.7923032
939928,0,0,0,22732.928,10.0315695,Lower secondary,80,25,113,Centre,2,0,0.80494434
939963,0,0,0,190760.02,12.1587715,University,63,8,64,Centre,2,0,0.0867582
939966,0,0,0,56657.977,10.944788,University,82,27,-39,Centre,1,1,0.53974044
939985,0,0,0,29202.2,10.282,Upper secondary,70,15,-31,Centre,1,0,0.9583671
940025,1,1,0,138575.81,11.839173,University,81,26,-92,Centre,2,0,0.6625633
940038,0,0,0,17825.088,9.7883625,Upper secondary,34,-21,-71,Centre,4,1,1.6865094
940047,1,0,1,218800.44,12.295916,Upper secondary,67,12,-112,Centre,2,0,0.53462046
940049,0,0,0,73947.04,11.211104,University,69,14,-60,Centre,2,0,0.011154371
940050,1,0,1,218122.77,12.292813,University,66,11,121,Centre,2,0,0.046318
940055,0,0,0,214202.78,12.274678,University,61,6,36,Centre,2,1,0.03130584
940065,1,0,1,69806.86,11.153487,University,61,6,36,Centre,3,0,0.2509179
940094,1,0,0,92915.664,11.439447,Upper secondary,57,2,4,Centre,1,0,0.20376165
940145,0,0,0,38521.152,10.558963,Upper secondary,53,-2,4,Centre,1,1,1.2739565
940186,0,0,0,19515.207,9.878949,Upper secondary,72,17,33,Centre,1,1,0.90628886
940241,0,0,0,28205.018,10.247255,University,45,-10,100,Centre,1,1,1.4345138
940246,1,1,1,171835.1,12.054291,University,85,30,-124,Centre,2,0,0.032155912
940259,0,0,0,35591.54,10.479863,University,37,-18,68,North,1,1,2.4780514
940296,0,0,0,115571.69,11.657646,University,88,33,65,Centre,1,0,0.046541125
940306,0,0,0,33679.324,10.42464,Lower secondary,73,18,68,Centre,2,0,0.585368
940308,0,0,0,66794.08,11.109369,University,46,-9,81,Centre,3,1,1.5946411
940359,0,0,0,85628.445,11.357773,Upper secondary,52,-3,9,Centre,5,0,0.7972396
940400,0,0,0,58045.523,10.968983,University,46,-9,81,Centre,2,1,2.8952253
940433,1,1,1,46509.89,10.74742,Upper secondary,62,7,49,Centre,1,0,1.1310939
940456,1,0,0,33499.23,10.419278,Upper secondary,64,9,81,Centre,1,0,1.9535203
940513,0,0,0,78109.41,11.265865,University,30,-25,113,North,2,0,2.9260778
940519,0,0,0,74047.96,11.212468,Upper secondary,60,5,25,Centre,2,0,0.47687382
940549,0,0,0,47021.953,10.758369,University,66,11,121,Centre,3,0,0.34746742
940554,1,1,0,189458.47,12.151925,University,67,12,-112,Centre,4,0,0.6539238
940559,0,0,0,254613.98,12.447504,University,67,12,-112,Centre,4,0,1.0300795
940565,0,0,0,128390.92,11.762835,University,60,5,25,Centre,5,0,1.0083135
940586,1,0,1,249724.05,12.428112,University,68,13,-87,Centre,2,0,0.011724849
940589,0,0,0,49988.906,10.819556,University,87,32,0,Centre,1,0,0.567417
940598,1,1,0,112913.88,11.63438,University,76,21,-71,Centre,2,0,0.16800979
940605,0,0,0,96497.92,11.477277,University,65,10,100,Centre,2,1,0.50869274
940614,1,1,1,267006.97,12.49503,University,77,22,-28,Centre,3,0,0.036223
940618,0,0,0,114169.35,11.645438,University,60,5,25,Centre,3,0,0.40672547
940637,0,0,0,111039.07,11.617638,University,74,19,105,Centre,2,0,0.116371736
940639,0,0,0,26395.168,10.180936,University,82,27,-39,Centre,1,1,0.7852643
940643,1,1,1,363733.53,12.804177,University,65,10,100,Centre,2,0,0.38304108
940663,0,0,0,28034.578,10.241194,Lower secondary,66,11,121,Centre,3,0,0.8755821
940689,0,0,0,47006.273,10.758037,Upper secondary,58,3,9,Centre,3,1,1.4621955
940743,1,1,1,239681.45,12.387066,University,61,6,36,Centre,4,0,0.0597065
940814,1,1,0,267241.9,12.49591,University,62,7,49,Centre,1,0,0.018552125
940852,0,0,0,73582.04,11.206157,Upper secondary,68,13,-87,Centre,3,0,0.8491442
940932,0,0,0,50303.45,10.825829,Upper secondary,53,-2,4,Centre,3,1,0.71027434
940943,1,1,1,207547.53,12.243115,University,69,14,-60,Centre,3,0,0.027270693
940957,0,0,0,128327.445,11.762341,University,73,18,68,Centre,2,0,0.033448555
940958,0,0,0,84647.04,11.346246,Upper secondary,63,8,64,Centre,2,1,0.14521453
940978,0,0,0,85202.89,11.352791,Upper secondary,54,-1,1,Centre,4,1,0.21255198
941062,0,0,0,75866.94,11.236736,University,50,-5,25,Centre,5,1,1.3494776
941120,1,0,1,135204.86,11.814547,University,53,-2,4,Centre,5,0,0.19823208
941156,1,0,1,153512.75,11.941539,University,62,7,49,Centre,2,0,0.21226822
941278,0,0,0,56426.844,10.940701,University,50,-5,25,Centre,4,0,0.8809326
941305,0,0,0,88031.36,11.385448,Upper secondary,57,2,4,Centre,4,1,1.2561978
941308,0,0,0,72908.13,11.196956,University,49,-6,36,Centre,4,0,0.20643081
941349,0,0,0,39609.406,10.586822,University,51,-4,16,Centre,3,1,0.9141268
941363,0,0,0,399747.22,12.898588,University,66,11,121,Centre,3,0,0.014794469
941494,0,0,0,594168.2,13.294918,University,45,-10,100,Centre,3,0,0.23517156
941503,0,0,0,59461.69,10.993088,University,47,-8,64,Centre,3,0,1.5121102
941583,0,0,0,53570.645,10.888757,Upper secondary,45,-10,100,Centre,3,0,0.48452145
941661,0,0,0,67177.83,11.115099,Upper secondary,64,9,81,Centre,3,0,0.22657093
941662,0,0,0,71782.25,11.181393,University,47,-8,64,Centre,4,0,0.5976876
941821,1,0,1,122611.18,11.716774,Upper secondary,44,-11,121,Centre,4,0,0.8881925
941848,0,0,0,375643.62,12.836396,University,68,13,-87,Centre,2,0,0.028926771
941874,0,0,0,26017.43,10.166522,Upper secondary,61,6,36,Centre,5,0,2.0275419
941926,0,0,0,12806.271,9.45769,University,44,-11,121,Centre,1,0,3.5139792
941928,0,0,0,85460.6,11.355811,University,63,8,64,Centre,1,0,0.061927117
941939,1,1,1,107358.17,11.583926,University,78,23,17,Centre,1,0,0.13380136
942020,0,0,0,36211.02,10.497119,Upper secondary,53,-2,4,Centre,3,1,0.5848189
942056,0,0,0,24425.645,10.103389,University,35,-20,-112,Centre,2,0,2.7280161
942071,1,1,1,72413.76,11.190151,University,40,-15,-31,Centre,3,1,1.9610499
942073,1,1,0,201723.08,12.214651,University,60,5,25,Centre,3,0,0.33883056
942096,0,0,0,47531.36,10.769145,Lower secondary,71,16,0,South and Islands,3,0,0.13507326
942099,0,0,0,72256.8,11.187982,Lower secondary,66,11,121,South and Islands,4,0,0.032437995
942139,0,0,0,147624.97,11.902431,University,65,10,100,Centre,2,1,0.10431141
942144,0,0,0,84749.73,11.347458,University,72,17,33,Centre,1,0,0.040180624
942152,0,0,0,28817.248,10.268729,Upper secondary,38,-17,33,Centre,2,0,4.314396
942179,0,0,0,57997.844,10.968162,Upper secondary,77,22,-28,Centre,1,1,0.64026755
942182,0,0,0,17317.63,9.75948,Lower secondary,78,23,17,Centre,1,1,0.67865616
942185,0,0,0,34847.04,10.458723,Lower secondary,45,-10,100,Centre,2,0,1.6280816
942241,0,0,0,28382.508,10.253529,Upper secondary,67,12,-112,Centre,2,1,0.7864899
942245,0,0,0,65642.445,11.091978,University,68,13,-87,Centre,2,0,0.07093855
942248,0,0,0,37431.72,10.530273,Upper secondary,69,14,-60,Centre,2,0,0.31681135
942250,0,0,0,28106.162,10.243744,University,47,-8,64,Centre,3,1,0.09081169
942251,0,0,0,37085.086,10.52097,Upper secondary,47,-8,64,Centre,2,0,0.79436195
942258,0,0,0,17686.271,9.780544,Primary or less,69,14,-60,Centre,2,1,0.6058328
942301,0,0,0,77319.164,11.255697,University,77,22,-28,Centre,2,0,0.09940802
942302,0,0,0,11400.0,9.341369,Upper secondary,57,2,4,Centre,1,1,4.172753
942306,0,0,0,70078.4,11.15737,University,68,13,-87,Centre,2,0,0.45761964
942316,1,1,1,82357.164,11.318821,University,63,8,64,Centre,1,0,0.10677427
942334,0,0,0,18102.15,9.803786,Upper secondary,60,5,25,Centre,3,0,0.77127445
942336,0,0,0,42031.066,10.646164,Upper secondary,36,-19,105,Centre,2,1,3.1110675
942339,1,1,0,73718.42,11.208008,Upper secondary,75,20,-112,Centre,3,0,0.08381664
942340,0,0,0,90672.586,11.41501,University,42,-13,-87,Centre,3,0,0.21319474
942345,0,0,0,49053.605,10.800669,Upper secondary,68,13,-87,Centre,2,1,0.37866622
942376,1,0,0,174805.02,12.071426,University,62,7,49,South and Islands,1,0,0.03193197
942381,0,0,0,108594.89,11.59538,University,55,0,0,South and Islands,1,1,0.027936667
942387,0,0,0,128968.79,11.767325,University,77,22,-28,South and Islands,2,0,0.02117492
942392,0,0,0,80157.32,11.291746,University,69,14,-60,South and Islands,2,0,0.08874505
942403,0,0,0,148370.66,11.907469,University,71,16,0,South and Islands,2,0,0.029301621
942406,0,0,0,261953.78,12.475924,University,38,-17,33,South and Islands,3,0,0.13259307
942408,0,0,0,66094.05,11.098834,University,45,-10,100,South and Islands,4,1,0.057988487
942411,0,0,0,41531.5,10.634208,Upper secondary,90,35,-55,South and Islands,2,0,0.16649719
942417,0,0,0,153639.83,11.942367,University,84,29,73,South and Islands,3,0,0.04027367
942428,0,0,0,111870.96,11.625101,Upper secondary,58,3,9,South and Islands,2,1,0.045380592
942430,1,0,1,145902.88,11.890697,University,60,5,25,South and Islands,4,0,0.03499547
942513,0,0,0,31139.98,10.346248,Lower secondary,54,-1,1,South and Islands,3,0,0.17397016
942514,0,0,0,26605.332,10.188867,Upper secondary,53,-2,4,South and Islands,3,1,0.54605573
942522,0,0,0,25009.953,10.127029,Lower secondary,50,-5,25,South and Islands,5,0,0.6509329
942527,0,0,0,21003.445,9.952442,Lower secondary,42,-13,-87,South and Islands,6,1,0.5896115
942528,0,0,0,37561.566,10.533736,Lower secondary,50,-5,25,South and Islands,4,0,0.31030372
942529,0,0,0,13004.704,9.473066,University,65,10,100,South and Islands,1,0,0.3119925
942531,0,0,0,17003.137,9.741153,Upper secondary,40,-15,-31,South and Islands,4,0,0.361525
942553,0,0,0,16084.454,9.685609,Primary or less,76,21,-71,South and Islands,1,1,1.7351824
942565,0,0,0,27602.814,10.225673,Upper secondary,27,-28,16,South and Islands,4,1,0.05182959
942614,0,0,0,26901.568,10.19994,Lower secondary,64,9,81,South and Islands,6,0,0.2338846
942619,0,0,0,13120.627,9.481941,Primary or less,69,14,-60,South and Islands,1,1,0.59080553
942662,0,0,0,44250.875,10.697631,University,71,16,0,South and Islands,3,0,0.51467276
942663,1,1,0,39602.797,10.586655,University,64,9,81,South and Islands,4,0,1.106339
942669,0,0,0,47829.547,10.775399,Upper secondary,74,19,105,South and Islands,1,0,0.13100238
942707,0,0,0,12943.136,9.468321,Upper secondary,68,13,-87,South and Islands,2,0,0.34137842
942712,0,0,0,7000.1567,8.853688,Lower secondary,60,5,25,South and Islands,3,1,0.4104041
942716,1,1,0,63553.992,11.059645,University,70,15,-31,South and Islands,1,0,0.26372892
942747,0,0,0,85313.53,11.354089,University,76,21,-71,South and Islands,3,0,0.031258468
942772,0,0,0,12091.568,9.400264,Primary or less,85,30,-124,South and Islands,1,1,0.7347564
942808,0,0,0,17080.0,9.745664,Primary or less,77,22,-28,South and Islands,3,1,0.7784568
942839,0,0,0,24715.68,10.115193,Lower secondary,40,-15,-31,South and Islands,6,1,0.963997
942855,0,0,0,22140.0,10.005141,Primary or less,74,19,105,South and Islands,2,1,0.8475504
942866,0,0,0,174313.6,12.068611,University,82,27,-39,South and Islands,1,0,0.011466618
942871,0,0,0,13971.254,9.544757,Primary or less,82,27,-39,South and Islands,1,1,0.5013453
942873,0,0,0,37246.64,10.525317,Upper secondary,76,21,-71,South and Islands,1,1,0.16600454
942896,0,0,0,52279.984,10.864368,Upper secondary,87,32,0,South and Islands,2,0,0.09239709
942903,0,0,0,9750.0,9.185022,Primary or less,81,26,-92,South and Islands,1,0,0.70214003
942907,0,0,0,14952.509,9.612635,Primary or less,71,16,0,South and Islands,1,1,0.4039607
942918,0,0,0,56331.36,10.939007,Upper secondary,75,20,-112,South and Islands,2,0,0.092890695
942942,0,0,0,50076.473,10.821306,University,71,16,0,South and Islands,2,0,0.013744259
942943,0,0,0,31706.271,10.36427,Upper secondary,78,23,17,South and Islands,2,0,0.05269043
942951,0,0,0,55121.953,10.917303,Upper secondary,73,18,68,South and Islands,2,0,0.08927853
942961,0,0,0,56409.758,10.940397,Upper secondary,72,17,33,South and Islands,2,0,0.057307057
942969,0,0,0,93829.56,11.449235,University,73,18,68,South and Islands,2,0,0.017886473
943000,0,0,0,44400.0,10.7009945,Upper secondary,66,11,121,South and Islands,2,0,0.5558158
943006,0,0,0,114531.36,11.648604,University,69,14,-60,South and Islands,2,0,0.024710776
943007,0,0,0,37869.52,10.541902,University,67,12,-112,South and Islands,3,0,0.066072114
943013,0,0,0,5400.0,8.594154,Lower secondary,67,12,-112,South and Islands,1,1,0.78481907
943020,0,0,0,32001.596,10.373541,Upper secondary,64,9,81,South and Islands,2,0,0.17369984
943040,0,0,0,45224.246,10.719389,Upper secondary,66,11,121,South and Islands,2,0,0.05892154
943120,0,0,0,15601.568,9.655127,University,73,18,68,South and Islands,1,1,0.34613064
943121,1,1,0,109292.91,11.601787,University,67,12,-112,South and Islands,4,0,0.05644903
943157,0,0,0,164400.0,12.010057,University,62,7,49,South and Islands,1,0,0.019055253
943241,0,0,0,21994.676,9.998556,Lower secondary,26,-29,73,South and Islands,3,0,1.9877732
943280,0,0,0,17034.703,9.743008,Lower secondary,44,-11,121,South and Islands,3,1,0.91177094
943283,0,0,0,82028.23,11.314818,University,47,-8,64,South and Islands,5,1,0.15148804
943284,0,0,0,29100.0,10.278494,University,70,15,-31,South and Islands,1,1,0.11667826
943328,0,0,0,58078.4,10.969549,University,38,-17,33,South and Islands,4,1,0.3405945
943387,0,0,0,40025.086,10.597261,University,50,-5,25,South and Islands,4,0,0.8865573
943390,1,1,0,30132.367,10.313355,Upper secondary,69,14,-60,South and Islands,1,0,0.057537835
943513,0,0,0,20400.0,9.92329,Lower secondary,52,-3,9,South and Islands,5,1,0.15412353
943517,0,0,0,31719.688,10.364693,University,47,-8,64,South and Islands,4,0,0.9650501
943577,0,0,0,34001.535,10.434161,University,53,-2,4,South and Islands,4,0,0.41281378
943616,0,0,0,29805.207,10.302439,Upper secondary,35,-20,-112,South and Islands,2,0,0.71045566
943620,0,0,0,6000.0,8.699514,Upper secondary,54,-1,1,South and Islands,3,1,0.4849152
943623,0,0,0,43604.703,10.68292,Upper secondary,53,-2,4,South and Islands,3,1,2.0028343
943626,0,0,0,15001.568,9.615911,Lower secondary,31,-24,64,South and Islands,5,1,4.0397873
943629,0,0,0,52209.406,10.863018,University,73,18,68,South and Islands,2,0,0.00826438
943632,0,0,0,62175.68,11.037719,Upper secondary,69,14,-60,South and Islands,2,1,0.025882015
943634,0,0,0,44404.656,10.701099,University,73,18,68,South and Islands,2,0,0.012255907
943645,0,0,0,28603.137,10.261271,Lower secondary,70,15,-31,South and Islands,2,1,0.1596139
943653,0,0,0,15001.568,9.615911,Upper secondary,44,-11,121,South and Islands,5,1,0.59770477
943657,0,0,0,10961.0,9.302099,Lower secondary,39,-16,0,South and Islands,3,0,1.1111168
943739,0,0,0,24209.408,10.094497,Lower secondary,52,-3,9,South and Islands,3,1,0.1296956
943791,0,0,0,61089.406,11.020094,University,75,20,-112,South and Islands,2,0,0.07333716
943851,0,0,0,15859.408,9.671518,University,67,12,-112,South and Islands,1,1,0.06514102
943858,0,0,0,27315.408,10.215206,Primary or less,74,19,105,South and Islands,2,1,0.124667205
943860,0,0,0,45621.277,10.728129,Upper secondary,42,-13,-87,South and Islands,5,0,0.13285251
943863,0,0,0,15101.991,9.6225815,Upper secondary,64,9,81,South and Islands,2,0,0.11764038
943881,0,0,0,34007.84,10.434346,Primary or less,76,21,-71,South and Islands,3,0,0.066474915
943901,0,0,0,14400.0,9.574984,Lower secondary,54,-1,1,South and Islands,2,0,0.12859333
943909,0,0,0,22116.635,10.004086,Primary or less,84,29,73,South and Islands,1,1,0.07400779
943955,0,0,0,78529.47,11.271229,University,66,11,121,South and Islands,2,0,0.013366595
943974,1,1,1,66992.26,11.112332,Upper secondary,59,4,16,South and Islands,3,0,0.18463415
943996,0,0,0,31850.666,10.3688135,University,44,-11,121,South and Islands,3,0,0.0830426
944009,0,0,0,30808.05,10.335531,Upper secondary,80,25,113,South and Islands,1,1,0.22078148
944012,0,0,0,49335.14,10.806392,Upper secondary,70,15,-31,South and Islands,2,1,0.03049202
944016,0,0,0,20348.7,9.920773,Lower secondary,74,19,105,South and Islands,2,0,0.1324036
944020,0,0,0,99013.59,11.503013,Upper secondary,75,20,-112,South and Islands,3,0,0.043522853
944036,0,0,0,59946.55,11.001208,Upper secondary,61,6,36,South and Islands,4,0,0.09116494
944039,1,0,0,91801.414,11.427383,Upper secondary,71,16,0,South and Islands,2,0,0.026267989
944047,0,0,0,14000.0,9.546813,Lower secondary,46,-9,81,South and Islands,3,1,0.10890546
944066,0,0,0,13804.704,9.532764,Upper secondary,37,-18,68,South and Islands,4,1,0.46578777
944067,0,0,0,79920.0,11.288781,University,76,21,-71,South and Islands,2,0,0.043519937
944083,0,0,0,9916.796,9.201985,Upper secondary,55,0,0,South and Islands,1,1,0.54762787
944089,0,0,0,13960.0,9.543951,Primary or less,45,-10,100,Centre,2,1,2.4367971
944099,1,1,0,187969.89,12.144037,University,70,15,-31,South and Islands,2,0,0.010424843
944102,0,0,0,143067.64,11.871073,University,68,13,-87,South and Islands,2,0,0.02404603
944105,0,0,0,316569.06,12.665297,University,68,13,-87,South and Islands,4,0,0.03937197
944107,0,0,0,53843.836,10.893844,University,76,21,-71,South and Islands,1,0,0.022651782
944108,1,1,1,86805.484,11.371425,University,74,19,105,South and Islands,2,0,0.016442122
944121,0,0,0,102372.42,11.536373,University,70,15,-31,South and Islands,2,1,0.05039653
944129,0,0,0,23878.398,10.0807295,Upper secondary,67,12,-112,South and Islands,1,0,0.18831596
944131,1,1,1,481477.78,13.084616,University,60,5,25,South and Islands,2,1,0.029925784
944136,1,0,0,113863.75,11.642757,Upper secondary,57,2,4,South and Islands,5,0,0.040278282
944142,0,0,0,19151.752,9.860149,University,41,-14,-60,South and Islands,3,1,0.64422333
944148,0,0,0,9508.78,9.159971,Lower secondary,62,7,49,South and Islands,2,0,0.6463514
944155,0,0,0,23676.188,10.072226,Primary or less,86,31,-63,South and Islands,1,1,0.5975847
944156,0,0,0,22839.2,10.036234,Upper secondary,58,3,9,South and Islands,2,1,0.8283686
944158,0,0,0,20225.088,9.91468,Upper secondary,76,21,-71,South and Islands,1,0,0.41413596
944247,0,0,0,12200.0,9.409191,Lower secondary,56,1,1,South and Islands,1,0,0.27734476
944332,0,0,0,30500.0,10.325482,Upper secondary,78,23,17,South and Islands,2,0,0.17787625
944335,0,0,0,21826.656,9.990888,University,58,3,9,South and Islands,1,1,0.35518476
944337,0,0,0,51258.016,10.844627,Upper secondary,73,18,68,South and Islands,3,0,0.065725885
944346,0,0,0,46846.855,10.754639,University,60,5,25,South and Islands,1,1,0.14666054
944348,0,0,0,25001.254,10.126681,Lower secondary,48,-7,49,South and Islands,4,1,0.18552141
944349,0,0,0,26802.027,10.196233,Upper secondary,49,-6,36,South and Islands,3,1,0.049310107
944359,0,0,0,6600.0,8.794825,Upper secondary,53,-2,4,South and Islands,1,1,1.069197
944383,1,1,0,139305.23,11.844422,University,65,10,100,South and Islands,1,1,0.020096522
944392,0,0,0,30704.285,10.332157,Upper secondary,77,22,-28,South and Islands,2,0,0.044968143
944395,0,0,0,77895.79,11.263127,Upper secondary,74,19,105,South and Islands,4,0,0.060558554
944404,0,0,0,52501.387,10.868595,Lower secondary,56,1,1,South and Islands,3,1,5.348593
944415,0,0,0,28604.963,10.261335,Upper secondary,44,-11,121,South and Islands,4,0,1.1192474
944418,0,0,0,23725.088,10.074288,Lower secondary,60,5,25,South and Islands,1,1,0.72485274
944420,0,0,0,80176.69,11.291988,University,64,9,81,South and Islands,2,0,0.28282058
944440,0,0,0,6001.2744,8.699727,Upper secondary,36,-19,105,South and Islands,1,0,0.9751606
944479,0,0,0,44683.1,10.707351,Upper secondary,69,14,-60,South and Islands,2,0,0.020550558
944491,0,0,0,20265.809,9.916691,Upper secondary,72,17,33,South and Islands,1,1,0.17200065
944498,0,0,0,26021.951,10.166696,Lower secondary,46,-9,81,South and Islands,4,0,0.4613474
944514,0,0,0,84591.72,11.345592,University,53,-2,4,South and Islands,4,0,0.10783165
944535,0,0,0,78021.516,11.26474,University,66,11,121,South and Islands,2,0,0.04264043
944579,0,0,0,14557.52,9.585863,Primary or less,90,35,-55,South and Islands,1,1,0.26777244
944585,0,0,0,36324.46,10.500247,Upper secondary,45,-10,100,South and Islands,4,1,0.32594222
944589,0,0,0,36397.04,10.502243,Upper secondary,41,-14,-60,South and Islands,3,0,0.08014353
944603,0,0,0,9600.0,9.169518,Lower secondary,67,12,-112,South and Islands,1,1,1.2688985
944671,0,0,0,27809.582,10.233136,Upper secondary,74,19,105,South and Islands,2,0,1.9778038
944673,0,0,0,58466.316,10.976206,University,51,-4,16,South and Islands,3,0,2.9697654
944674,0,0,0,31781.36,10.366635,Lower secondary,52,-3,9,South and Islands,5,0,5.273752
944675,0,0,0,16578.398,9.715856,Lower secondary,53,-2,4,South and Islands,1,0,6.817601
944681,0,0,0,66529.83,11.105406,Upper secondary,21,-34,-124,South and Islands,4,1,0.0680501
944692,0,0,0,22583.848,10.02499,Lower secondary,58,3,9,South and Islands,3,1,0.7243224
944694,0,0,0,45424.69,10.723811,Upper secondary,78,23,17,South and Islands,2,1,0.30648327
944695,0,0,0,24905.092,10.122828,Upper secondary,49,-6,36,South and Islands,6,0,0.3286757
944699,0,0,0,19816.104,9.89425,Lower secondary,55,0,0,South and Islands,2,1,0.49921352
944702,0,0,0,15649.269,9.658179,Primary or less,64,9,81,South and Islands,2,1,0.117769584
944710,0,0,0,63583.758,11.060113,University,51,-4,16,South and Islands,3,1,0.117565386
944712,0,0,0,39250.35,10.577716,University,70,15,-31,South and Islands,1,1,0.12226893
944727,0,0,0,70980.31,11.170157,University,71,16,0,South and Islands,2,0,0.0852853
944734,0,0,0,44376.445,10.700464,University,33,-22,-28,South and Islands,3,1,0.80446315
944746,1,1,0,132401.47,11.793594,University,72,17,33,South and Islands,3,0,0.037297525
944821,1,1,0,113886.72,11.64296,University,52,-3,9,South and Islands,4,0,0.06062072
944827,0,0,0,71729.99,11.180664,University,56,1,1,South and Islands,4,0,0.04144754
944839,0,0,0,58103.484,10.969981,Upper secondary,59,4,16,South and Islands,4,0,0.035669897
944881,0,0,0,70862.72,11.1685,University,86,31,-63,South and Islands,2,0,0.02302963
944887,0,0,0,85884.8,11.360762,University,67,12,-112,South and Islands,2,0,0.039980367
944888,0,0,0,37721.953,10.537997,Upper secondary,94,39,-15,South and Islands,1,1,0.13710533
944900,0,0,0,19221.52,9.863786,Lower secondary,73,18,68,South and Islands,2,0,0.23443507
944912,0,0,0,52008.82,10.859169,University,75,20,-112,South and Islands,2,0,0.08570343
944915,0,0,0,38321.953,10.553779,Upper secondary,82,27,-39,South and Islands,2,0,0.06529102
944925,0,0,0,55262.72,10.919854,Upper secondary,56,1,1,South and Islands,4,0,0.18751635
944926,0,0,0,51456.797,10.848498,Upper secondary,74,19,105,South and Islands,2,0,0.049145784
944951,1,1,0,61496.715,11.026739,University,60,5,25,South and Islands,1,1,0.031977918
944952,0,0,0,25606.81,10.150614,Upper secondary,83,28,16,South and Islands,1,1,0.38666046
944953,0,0,0,17861.82,9.790421,Lower secondary,55,0,0,South and Islands,4,0,0.47388744
944973,0,0,0,57238.0,10.954973,University,46,-9,81,South and Islands,2,1,0.10216029
944980,0,0,0,21507.84,9.976172,Lower secondary,38,-17,33,South and Islands,4,0,1.495571
944989,0,0,0,58237.01,10.972277,University,37,-18,68,South and Islands,3,0,0.08115772
944991,0,0,0,23656.797,10.071405,Upper secondary,59,4,16,South and Islands,1,0,0.116863735
945003,0,0,0,17978.184,9.796914,Lower secondary,53,-2,4,South and Islands,3,0,0.33860362
945004,0,0,0,49778.29,10.815334,University,44,-11,121,South and Islands,4,0,0.8788403
945007,0,0,0,164194.08,12.008804,University,75,20,-112,South and Islands,1,0,0.020520741
945009,1,0,1,116710.086,11.667448,Upper secondary,61,6,36,South and Islands,3,0,0.026020404
945013,0,0,0,31631.36,10.361904,Upper secondary,84,29,73,South and Islands,1,1,0.10624985
945018,0,0,0,31072.547,10.34408,Primary or less,93,38,-92,South and Islands,1,1,0.3965393
945022,1,1,1,62120.215,11.036827,Upper secondary,66,11,121,South and Islands,2,0,0.08978207
945027,0,0,0,205062.72,12.231071,University,48,-7,49,South and Islands,4,0,0.090283304
945032,0,0,0,15727.823,9.663187,Lower secondary,61,6,36,South and Islands,2,0,0.4336409
945033,0,0,0,17541.951,9.77235,Primary or less,83,28,16,South and Islands,2,1,0.273275
945035,0,0,0,44156.305,10.695491,University,41,-14,-60,South and Islands,3,1,0.067543246
945037,0,0,0,7215.107,8.883932,Lower secondary,71,16,0,South and Islands,1,1,0.47985053
945038,0,0,0,24724.893,10.115566,Lower secondary,51,-4,16,South and Islands,5,1,0.20995653
945046,0,0,0,31274.139,10.350547,Lower secondary,71,16,0,South and Islands,2,0,0.5126244
945078,1,1,0,107123.69,11.581739,Upper secondary,65,10,100,South and Islands,2,0,0.02713382
945119,0,0,0,31200.314,10.348184,Primary or less,77,22,-28,South and Islands,2,0,0.906772
945123,1,1,0,63161.492,11.053451,University,36,-19,105,South and Islands,1,0,0.673551
945174,0,0,0,17909.121,9.793065,Lower secondary,66,11,121,South and Islands,1,0,0.5298459
945197,0,0,0,37909.24,10.54295,University,71,16,0,South and Islands,2,0,0.034930326
945221,0,0,0,48623.152,10.791855,University,52,-3,9,South and Islands,4,0,0.14911175
945223,0,0,0,31558.727,10.359606,University,72,17,33,South and Islands,1,0,0.01862683
945245,0,0,0,23409.29,10.060888,Upper secondary,83,28,16,South and Islands,2,0,0.20476465
945357,0,0,0,13576.307,9.516082,Primary or less,82,27,-39,South and Islands,1,1,1.8976135
945443,0,0,0,37262.72,10.525748,Upper secondary,67,12,-112,South and Islands,1,0,0.03350605
945451,1,0,1,48951.066,10.798576,University,48,-7,49,South and Islands,4,0,0.2681573
945456,1,0,1,81108.195,11.303539,University,51,-4,16,South and Islands,2,0,0.08935507
945461,0,0,0,17599.457,9.775623,University,40,-15,-31,South and Islands,1,0,1.0728378
945470,0,0,0,16032.927,9.6824,Lower secondary,69,14,-60,South and Islands,1,1,0.29037791
945473,0,0,0,170764.69,12.048042,University,68,13,-87,South and Islands,4,0,0.066683464
945475,1,1,0,367099.25,12.813388,University,66,11,121,South and Islands,2,0,0.0221993
945490,0,0,0,66352.5,11.102736,University,51,-4,16,South and Islands,1,0,0.008602317
945497,0,0,0,7817.2476,8.9640875,Primary or less,86,31,-63,South and Islands,1,1,0.2988069
945500,0,0,0,38410.977,10.556099,Upper secondary,61,6,36,South and Islands,2,0,0.16899687
945503,0,0,0,41305.645,10.628755,Upper secondary,58,3,9,South and Islands,2,0,0.32958278
945506,0,0,0,23217.248,10.05265,University,44,-11,121,South and Islands,3,0,0.63728046
945648,0,0,0,28162.719,10.245754,Upper secondary,76,21,-71,South and Islands,1,0,0.22641069
945650,0,0,0,13370.384,9.500797,Primary or less,90,35,-55,South and Islands,1,1,0.38594395
945670,0,0,0,40962.72,10.620418,University,74,19,105,South and Islands,2,0,0.085487925
945674,0,0,0,49847.04,10.816714,Upper secondary,63,8,64,South and Islands,3,0,0.32647666
945680,0,0,0,50397.74,10.827702,Lower secondary,47,-8,64,South and Islands,6,0,0.6599216
945684,0,0,0,35062.72,10.464893,Upper secondary,57,2,4,South and Islands,5,0,0.112956606
945690,0,0,0,47070.07,10.759393,Upper secondary,41,-14,-60,South and Islands,4,0,0.513585
945735,0,0,0,33322.477,10.413987,Upper secondary,55,0,0,South and Islands,4,1,0.19936864
945738,1,1,0,135528.14,11.816935,University,53,-2,4,South and Islands,4,0,0.036672335
945739,0,0,0,93680.77,11.447648,University,55,0,0,South and Islands,4,0,0.07635893
945760,0,0,0,45538.68,10.726317,University,35,-20,-112,South and Islands,4,1,0.10737978
945767,0,0,0,32578.398,10.391405,Upper secondary,57,2,4,South and Islands,2,1,0.3274278
945771,1,1,0,30996.16,10.341619,University,65,10,100,South and Islands,2,0,0.1797329
945779,0,0,0,76256.1,11.241853,University,53,-2,4,South and Islands,7,0,0.6124259
945781,0,0,0,42668.023,10.661205,Upper secondary,57,2,4,South and Islands,4,0,0.5706699
945784,0,0,0,35306.996,10.471836,Upper secondary,58,3,9,South and Islands,4,0,0.21618187
945791,0,0,0,45758.08,10.731124,Upper secondary,66,11,121,South and Islands,3,0,0.21819972
945796,1,1,0,16043.558,9.683063,Upper secondary,47,-8,64,South and Islands,4,0,0.521322
945797,1,1,0,112120.64,11.627331,University,48,-7,49,South and Islands,4,0,0.151862
945812,1,1,0,63736.742,11.062516,Upper secondary,57,2,4,South and Islands,4,0,0.099135876
945871,0,0,0,31202.508,10.348254,Lower secondary,48,-7,49,South and Islands,4,0,0.1260973
945872,0,0,0,18600.941,9.830968,Lower secondary,57,2,4,South and Islands,3,0,0.3701098
945886,1,0,1,54861.35,10.912564,Upper secondary,62,7,49,South and Islands,2,0,0.042230353
945922,0,0,0,11280.157,9.3308,Primary or less,87,32,0,South and Islands,1,1,0.64777327
945949,0,0,0,16306.271,9.699306,Lower secondary,28,-27,-39,South and Islands,1,0,2.82666
945984,0,0,0,32427.008,10.386747,Upper secondary,51,-4,16,South and Islands,4,0,1.0696181
945993,0,0,0,14000.0,9.546813,Lower secondary,55,0,0,South and Islands,2,0,1.3566009
946046,0,0,0,17.075962,2.8376718,Upper secondary,80,25,113,South and Islands,1,0,0.09049535
946048,0,0,0,192494.66,12.167824,University,57,2,4,South and Islands,3,0,0.031521365
946070,0,0,0,34431.36,10.446723,Upper secondary,88,33,65,South and Islands,1,1,0.2695988
946077,1,1,1,85090.086,11.351466,University,82,27,-39,South and Islands,3,0,0.22127813
946078,0,0,0,12612.544,9.442447,Primary or less,74,19,105,South and Islands,1,1,0.32242253
946080,1,0,1,227692.36,12.335751,University,82,27,-39,South and Islands,3,0,0.020421492
946081,0,0,0,7800.0,8.961879,Primary or less,78,23,17,South and Islands,1,0,0.46748513
946087,0,0,0,51465.92,10.848675,University,82,27,-39,South and Islands,2,0,0.04873001
946091,0,0,0,6000.0,8.699514,Primary or less,64,9,81,South and Islands,2,0,0.21963502
946096,0,0,0,117811.305,11.67684,University,94,39,-15,South and Islands,2,0,0.14105426
946123,0,0,0,9530.0,9.1622,Upper secondary,36,-19,105,South and Islands,4,0,0.56215864
946127,0,0,0,7674.1914,8.945619,Primary or less,78,23,17,South and Islands,1,1,0.48796764
946144,0,0,0,57032.1,10.951369,University,86,31,-63,South and Islands,2,0,0.043494817
946145,0,0,0,30762.719,10.334059,University,75,20,-112,South and Islands,1,0,0.048154052
946147,0,0,0,10800.0,9.287301,Primary or less,49,-6,36,South and Islands,2,1,0.31060046
946179,0,0,0,8400.0,9.035987,Primary or less,52,-3,9,South and Islands,2,1,0.28369793
946222,0,0,0,61006.797,11.018741,Upper secondary,88,33,65,South and Islands,3,0,0.13198756
946225,0,0,0,29507.84,10.292411,Lower secondary,60,5,25,South and Islands,3,0,0.8127896
946242,0,0,0,18607.354,9.831312,Lower secondary,79,24,64,South and Islands,2,0,0.2896815
946252,0,0,0,98216.49,11.494929,University,86,31,-63,South and Islands,2,0,0.03440536
946274,0,0,0,50375.742,10.827265,University,80,25,113,South and Islands,1,0,0.1519751
946284,0,0,0,14043.136,9.549889,Primary or less,74,19,105,South and Islands,2,0,0.28849006
946295,0,0,0,62047.04,11.035648,University,87,32,0,South and Islands,2,0,0.31650037
946299,0,0,0,10882.627,9.294923,Primary or less,71,16,0,South and Islands,1,1,0.2592169
946301,0,0,0,700.0,6.55108,Lower secondary,51,-4,16,South and Islands,3,1,0.5027584
946345,0,0,0,12100.416,9.400995,Primary or less,71,16,0,South and Islands,3,1,0.31955838
946367,0,0,0,52830.47,10.874844,Upper secondary,73,18,68,South and Islands,2,1,0.21334448
946377,0,0,0,48683.457,10.793095,Upper secondary,66,11,121,South and Islands,2,1,0.045428157
946379,0,0,0,62862.72,11.048709,University,73,18,68,South and Islands,2,0,0.077294774
946391,0,0,0,80525.44,11.296329,University,68,13,-87,South and Islands,3,0,0.3709707
946415,1,1,0,81870.47,11.312894,University,74,19,105,South and Islands,2,0,0.023593025
946416,0,0,0,77625.44,11.25965,University,72,17,33,South and Islands,2,0,0.022228954
946421,0,0,0,91188.16,11.42068,University,76,21,-71,South and Islands,3,0,0.2194329
946426,0,0,0,18215.68,9.810038,Primary or less,87,32,0,South and Islands,2,0,0.39521614
946432,0,0,0,39290.867,10.578748,Upper secondary,69,14,-60,South and Islands,2,1,0.23789805
946433,0,0,0,122156.8,11.71306,University,44,-11,121,South and Islands,4,0,0.13460468
946437,0,0,0,48703.73,10.793511,University,85,30,-124,South and Islands,1,0,0.13099445
946448,0,0,0,153643.88,11.942392,University,72,17,33,South and Islands,4,0,0.022960352
946453,0,0,0,12350.0,9.4214115,Lower secondary,66,11,121,South and Islands,1,1,0.48796764
946455,0,0,0,135175.44,11.814329,University,71,16,0,South and Islands,3,0,0.045328237
946462,0,0,0,72956.8,11.197622,University,68,13,-87,South and Islands,2,1,0.17461489
946474,0,0,0,9871.568,9.197414,Primary or less,66,11,121,South and Islands,1,1,0.2592169
946477,0,0,0,89751.86,11.404804,University,52,-3,9,South and Islands,4,1,0.73613656
946483,0,0,0,17747.04,9.783974,Lower secondary,65,10,100,South and Islands,1,1,0.17224652
946486,0,0,0,67094.08,11.113852,University,76,21,-71,South and Islands,2,0,0.14156608
946487,0,0,0,32990.875,10.403986,University,70,15,-31,South and Islands,2,0,0.07534947
946490,0,0,0,133288.16,11.800269,University,74,19,105,South and Islands,2,0,0.052316625
946495,0,0,0,80000.0,11.289782,University,62,7,49,South and Islands,1,0,0.021682302
946538,0,0,0,39000.0,10.571317,Primary or less,63,8,64,South and Islands,8,1,0.14744979
946546,0,0,0,15800.0,9.667766,Primary or less,46,-9,81,South and Islands,4,1,0.6697412
946557,0,0,0,116285.55,11.663804,University,71,16,0,South and Islands,2,0,0.0070902393
946581,0,0,0,164005.25,12.007654,University,65,10,100,South and Islands,2,0,0.035848692
946604,0,0,0,53888.02,10.894664,University,75,20,-112,South and Islands,2,0,0.12891448
946621,0,0,0,75008.24,11.225353,University,69,14,-60,South and Islands,2,0,0.032281514
946625,0,0,0,659356.8,13.39902,Upper secondary,56,1,1,South and Islands,2,0,0.023654442
946629,0,0,0,19401.568,9.873109,University,57,2,4,South and Islands,2,1,0.76680875
946633,0,0,0,7740.0,8.954157,Primary or less,56,1,1,South and Islands,2,1,0.59300727
946657,0,0,0,16006.271,9.680736,Primary or less,61,6,36,South and Islands,5,0,0.44954544
946662,0,0,0,62156.797,11.0374155,University,67,12,-112,South and Islands,2,0,0.022593552
946665,0,0,0,48431.36,10.787903,University,62,7,49,South and Islands,2,0,0.1860456
946672,0,0,0,41449.266,10.632225,University,74,19,105,South and Islands,2,0,0.025203241
946683,0,0,0,20915.68,9.948255,Upper secondary,58,3,9,South and Islands,2,1,0.49870828
946684,0,0,0,25241.902,10.136261,Lower secondary,59,4,16,South and Islands,3,0,0.08992294
946695,0,0,0,74138.05,11.213684,University,68,13,-87,South and Islands,3,0,0.03129763
946699,0,0,0,42631.36,10.660345,Upper secondary,64,9,81,South and Islands,2,0,0.254238
946707,1,1,0,114876.63,11.651614,University,71,16,0,South and Islands,2,0,0.014459115
946723,0,0,0,91031.36,11.41896,University,65,10,100,South and Islands,1,0,0.010024908
946747,0,0,0,75719.516,11.234791,University,70,15,-31,South and Islands,2,0,0.030036084
946750,0,0,0,83656.8,11.334478,University,65,10,100,South and Islands,2,0,0.016760804
946783,0,0,0,20453.217,9.925896,Primary or less,65,10,100,South and Islands,1,0,0.6592216
946806,0,0,0,190277.75,12.15624,University,65,10,100,South and Islands,4,0,0.07343848
946830,0,0,0,168533.11,12.034887,University,57,2,4,South and Islands,4,0,0.07525095
946847,0,0,0,16400.0,9.705037,Primary or less,47,-8,64,South and Islands,6,0,0.58184725
946849,0,0,0,51847.04,10.856053,Upper secondary,65,10,100,South and Islands,3,0,0.05130001
946857,0,0,0,23805.018,10.077652,Upper secondary,60,5,25,South and Islands,3,0,0.31785616
946863,0,0,0,12946.271,9.468563,Primary or less,54,-1,1,South and Islands,2,1,0.5723397
946868,0,0,0,51047.04,10.840503,University,88,33,65,South and Islands,2,1,0.17023008
946884,0,0,0,17742.492,9.783718,Lower secondary,46,-9,81,South and Islands,4,0,1.3199049
946904,0,0,0,50062.72,10.821032,University,55,0,0,South and Islands,2,1,0.04845654
946905,0,0,0,568219.5,13.250263,University,57,2,4,South and Islands,4,0,0.052344836
946912,0,0,0,114156.8,11.6453285,University,55,0,0,South and Islands,4,1,0.0612063
946915,0,0,0,94094.08,11.45205,University,52,-3,9,South and Islands,4,1,0.12872702
946979,0,0,0,42662.72,10.66108,University,53,-2,4,South and Islands,4,0,0.070832305
946987,0,0,0,53394.08,10.885455,Upper secondary,49,-6,36,South and Islands,3,0,0.32581487
946989,0,0,0,218761.84,12.295739,University,52,-3,9,South and Islands,4,0,0.06318816
947003,0,0,0,101494.28,11.527758,Upper secondary,57,2,4,South and Islands,2,0,0.02596626
947018,0,0,0,82756.8,11.323662,Upper secondary,46,-9,81,South and Islands,4,1,0.10208016
947036,0,0,0,152358.66,11.933992,University,51,-4,16,South and Islands,1,0,0.035079293
947049,0,0,0,26321.148,10.178128,Upper secondary,45,-10,100,South and Islands,2,1,1.0464482
947055,0,0,0,23215.68,10.052583,Lower secondary,47,-8,64,South and Islands,5,0,0.9114191
947059,0,0,0,149470.39,11.914854,University,82,27,-39,South and Islands,3,0,0.017720371
947076,0,0,0,50258.15,10.824928,Upper secondary,40,-15,-31,South and Islands,3,1,1.1015517
947086,0,0,0,15594.131,9.65465,Lower secondary,46,-9,81,South and Islands,3,0,0.57162505
947096,0,0,0,32862.72,10.400094,University,92,37,89,South and Islands,1,1,0.21459757
947251,0,0,0,38006.273,10.5455065,Upper secondary,27,-28,16,South and Islands,4,0,0.18747081
947263,0,0,0,61003.836,11.018692,University,53,-2,4,South and Islands,3,1,0.3677456
947268,0,0,0,16549.238,9.714095,Upper secondary,51,-4,16,South and Islands,1,0,0.5472186
947286,0,0,0,39515.68,10.584453,Upper secondary,59,4,16,South and Islands,2,1,0.032249212
947297,0,0,0,13000.0,9.472705,Lower secondary,35,-20,-112,South and Islands,3,1,0.6954957
947319,0,0,0,114411.164,11.647554,University,73,18,68,South and Islands,4,0,0.8514627
947331,0,0,0,34403.39,10.44591,Upper secondary,51,-4,16,South and Islands,4,0,4.282858
947340,0,0,0,19215.68,9.8634815,Primary or less,93,38,-92,South and Islands,1,1,4.6786427
947721,0,0,0,76995.445,11.251502,University,50,-5,25,South and Islands,4,0,2.4850905
947768,0,0,0,37941.36,10.5437975,Lower secondary,74,19,105,South and Islands,2,0,0.8093142
947786,0,0,0,54748.957,10.910514,Upper secondary,55,0,0,South and Islands,4,1,0.2779204
947790,0,0,0,18769.568,9.839993,Lower secondary,58,3,9,South and Islands,1,0,0.49555776
947794,0,0,0,7800.3135,8.961919,Upper secondary,78,23,17,South and Islands,1,1,0.19346514
947799,0,0,0,79484.19,11.283314,Lower secondary,63,8,64,South and Islands,5,1,0.68421215
947801,0,0,0,63706.617,11.062044,University,69,14,-60,South and Islands,2,0,0.031066976
947803,0,0,0,202515.1,12.21857,University,75,20,-112,South and Islands,3,0,0.012787594
947813,1,0,1,383099.66,12.8560505,Primary or less,78,23,17,South and Islands,2,0,0.052215826
947821,1,1,0,71690.664,11.180116,University,50,-5,25,South and Islands,4,0,0.28316796
947833,0,0,0,7200.0,8.881836,Lower secondary,62,7,49,South and Islands,1,0,2.6813157
947839,0,0,0,11600.0,9.358761,Primary or less,84,29,73,South and Islands,1,1,1.5862575
947852,1,0,0,196917.16,12.190538,University,76,21,-71,South and Islands,2,0,0.02508542
947886,0,0,0,21601.902,9.980536,Upper secondary,62,7,49,South and Islands,2,1,0.15857063
947897,0,0,0,23278.37,10.05528,Primary or less,66,11,121,South and Islands,1,1,0.26223135
947909,0,0,0,19500.0,9.87817,Lower secondary,67,12,-112,South and Islands,2,0,0.04640942
947923,0,0,0,12600.0,9.441452,Primary or less,80,25,113,South and Islands,1,0,0.38709855
947951,0,0,0,175020.89,12.07266,University,75,20,-112,South and Islands,2,0,0.013387459
947955,1,1,0,115312.49,11.655401,University,74,19,105,South and Islands,2,0,0.014376467
947958,1,1,0,137551.55,11.831754,University,74,19,105,South and Islands,2,0,0.014053825
947971,0,0,0,18900.0,9.846917,Lower secondary,69,14,-60,South and Islands,2,1,0.18186761
948010,0,0,0,42750.984,10.663148,University,65,10,100,South and Islands,3,0,0.30559042
948023,1,1,0,178568.14,12.092726,University,61,6,36,South and Islands,4,0,0.15803143
948028,0,0,0,141550.48,11.860412,University,75,20,-112,South and Islands,2,0,0.05149204
948029,1,1,1,49454.57,10.80881,University,69,14,-60,South and Islands,1,1,0.16011295
948031,0,0,0,198408.14,12.198082,University,57,2,4,South and Islands,2,0,0.08840555
948033,1,1,0,169035.98,12.037867,University,67,12,-112,South and Islands,3,0,0.2545651
948047,0,0,0,8140.0,9.004545,Lower secondary,61,6,36,South and Islands,1,1,0.22915092
948068,0,0,0,279106.47,12.539349,University,66,11,121,South and Islands,2,0,0.07606594
948079,0,0,0,107751.49,11.587583,University,56,1,1,South and Islands,4,0,0.23542
948092,0,0,0,83659.875,11.334515,University,88,33,65,South and Islands,4,0,0.15928926
948098,0,0,0,72279.125,11.188291,University,52,-3,9,South and Islands,4,0,0.0411023
948107,0,0,0,41987.586,10.645129,University,55,0,0,South and Islands,2,1,0.1537234
948113,0,0,0,21601.568,9.980521,Lower secondary,49,-6,36,South and Islands,4,1,0.9092341
948132,0,0,0,16050.0,9.683464,Lower secondary,43,-12,-112,South and Islands,4,0,0.5360495
948140,0,0,0,71460.87,11.176906,University,49,-6,36,South and Islands,3,1,0.35106528
948149,0,0,0,46226.184,10.741302,University,51,-4,16,South and Islands,1,0,0.3332889
948165,0,0,0,156564.39,11.961223,University,54,-1,1,South and Islands,2,1,0.03493737
948167,0,0,0,75400.0,11.230562,Upper secondary,66,11,121,South and Islands,1,0,0.019992622
948227,0,0,0,77815.68,11.262098,Upper secondary,76,21,-71,South and Islands,3,0,0.03089097
948243,0,0,0,98915.68,11.502023,University,59,4,16,South and Islands,3,1,0.03180409
948246,0,0,0,43075.63,10.670712,Lower secondary,54,-1,1,South and Islands,6,1,0.3541657
948255,0,0,0,6500.627,8.779654,Primary or less,64,9,81,South and Islands,1,1,0.28202975
948261,0,0,0,15190.0,9.628392,Lower secondary,67,12,-112,South and Islands,2,1,0.06451527
948266,0,0,0,134519.52,11.809464,University,70,15,-31,South and Islands,3,0,0.021917704
948267,0,0,0,16403.137,9.705228,Lower secondary,44,-11,121,South and Islands,4,0,0.774727
948269,0,0,0,26594.06,10.188443,Lower secondary,78,23,17,South and Islands,3,0,0.2128482
948341,0,0,0,43651.32,10.683989,University,78,23,17,South and Islands,2,0,0.23075783
948356,0,0,0,213898.89,12.273259,University,75,20,-112,South and Islands,1,0,0.04327296
948406,0,0,0,80771.65,11.299381,University,47,-8,64,South and Islands,3,1,0.101245575
948419,0,0,0,10882.544,9.294915,Primary or less,84,29,73,South and Islands,1,1,0.41933024
948420,0,0,0,15156.271,9.62617,Primary or less,80,25,113,South and Islands,1,1,0.4161775
948427,0,0,0,60493.324,11.010288,Lower secondary,46,-9,81,South and Islands,4,0,1.2258068
948442,0,0,0,28683.127,10.264065,Lower secondary,38,-17,33,South and Islands,4,0,1.2159808
948534,1,0,1,81723.33,11.311095,University,72,17,33,South and Islands,2,0,0.023959024
948548,0,0,0,222913.6,12.31454,University,56,1,1,South and Islands,4,0,0.0501843
948593,0,0,0,14967.554,9.61364,University,56,1,1,South and Islands,2,1,0.31986535
948594,0,0,0,156514.7,11.960905,University,56,1,1,South and Islands,3,0,0.15772022
948628,0,0,0,16129.84,9.688426,Upper secondary,51,-4,16,South and Islands,3,0,0.40348047
948639,0,0,0,19600.0,9.883285,Lower secondary,59,4,16,South and Islands,1,0,0.5352033
948648,0,0,0,24998.223,10.12656,Primary or less,83,28,16,South and Islands,2,1,2.1370075
948671,1,1,1,198107.98,12.196568,University,66,11,121,South and Islands,2,0,0.032824222
948704,0,0,0,27011.941,10.204035,Upper secondary,49,-6,36,South and Islands,1,0,0.053927705
948719,0,0,0,21112.719,9.957631,Primary or less,77,22,-28,South and Islands,1,1,2.5660274
948725,0,0,0,21007.84,9.952651,Lower secondary,62,7,49,South and Islands,3,0,0.82263756
948747,0,0,0,12106.621,9.401507,University,27,-28,16,North,1,1,1.2166586
948760,0,0,0,45812.72,10.732317,Upper secondary,75,20,-112,South and Islands,3,0,0.056476153
948802,0,0,0,46607.84,10.749524,Upper secondary,74,19,105,South and Islands,2,0,0.23128611
948803,1,0,1,148987.55,11.911618,University,79,24,64,South and Islands,3,0,0.035698988
948809,0,0,0,89855.2,11.405954,University,71,16,0,South and Islands,2,0,0.16182853
948894,0,0,0,21845.537,9.991752,Primary or less,61,6,36,South and Islands,2,1,0.14301167
948895,0,0,0,48536.36,10.790069,Upper secondary,80,25,113,South and Islands,2,0,0.19046067
948898,0,0,0,14004.348,9.547123,Lower secondary,49,-6,36,South and Islands,2,0,0.22414267
948912,0,0,0,27692.68,10.228924,Primary or less,71,16,0,South and Islands,2,0,1.7476263
948913,0,0,0,105725.44,11.568601,Lower secondary,65,10,100,South and Islands,3,0,1.463189
948920,0,0,0,93952.58,11.450545,University,66,11,121,South and Islands,3,1,0.024114076
948932,0,0,0,148189.16,11.906245,Upper secondary,63,8,64,South and Islands,2,1,0.06709242
948954,0,0,0,59701.39,10.99711,University,90,35,-55,South and Islands,1,1,0.11760133
948956,0,0,0,264989.88,12.487447,Upper secondary,86,31,-63,South and Islands,2,0,0.027565397
948957,1,1,0,382437.6,12.854321,University,70,15,-31,South and Islands,2,1,0.0336952
948974,0,0,0,191220.88,12.161184,University,72,17,33,South and Islands,2,0,0.01688772
948987,0,0,0,79923.75,11.288828,University,78,23,17,South and Islands,2,0,0.013536801
948990,1,1,0,123010.46,11.720025,University,79,24,64,South and Islands,2,0,0.023500897
949007,0,0,0,33014.875,10.404714,University,84,29,73,South and Islands,1,0,0.12552936
949016,1,1,0,129743.4,11.7733135,University,76,21,-71,South and Islands,2,0,0.01827938
949020,1,1,0,118717.96,11.684505,University,72,17,33,South and Islands,3,1,0.013016588
949034,1,1,0,183328.44,12.119035,University,84,29,73,South and Islands,2,0,0.013310605
949037,1,1,0,113436.99,11.639003,University,81,26,-92,South and Islands,2,0,0.012544658
949045,1,1,0,126154.234,11.74526,University,67,12,-112,South and Islands,2,0,0.038657855
949051,0,0,0,43934.004,10.690444,Upper secondary,67,12,-112,South and Islands,1,0,0.3054532
949056,1,1,0,67027.16,11.112853,Lower secondary,72,17,33,South and Islands,2,0,0.12363569
949062,1,1,0,220735.89,12.304722,University,70,15,-31,South and Islands,4,0,0.010424502
949070,1,1,0,119165.945,11.688272,University,60,5,25,South and Islands,5,1,0.19829996
949086,0,0,0,89212.41,11.398775,University,58,3,9,South and Islands,1,1,0.1510963
949089,1,1,0,231652.58,12.352994,University,63,8,64,South and Islands,4,0,0.050274346
949095,0,0,0,78124.68,11.266062,University,66,11,121,South and Islands,2,1,0.13043001
949099,0,0,0,117274.47,11.672273,University,62,7,49,South and Islands,3,1,0.28601667
949103,0,0,0,270351.84,12.50748,University,53,-2,4,South and Islands,3,0,0.033935938
949105,0,0,0,523524.75,13.16834,University,64,9,81,South and Islands,2,1,0.08768585
949107,0,0,0,76362.11,11.243242,University,55,0,0,South and Islands,3,0,0.14732952
949110,0,0,0,89906.2,11.406522,University,57,2,4,South and Islands,4,0,0.034210917
949117,1,1,0,158855.61,11.975751,University,56,1,1,South and Islands,2,1,0.062653765
949131,1,1,0,170751.27,12.047963,University,77,22,-28,South and Islands,3,0,0.041768912
949132,1,1,1,77937.14,11.263658,University,49,-6,36,South and Islands,4,0,0.13579802
949136,1,1,0,81462.1,11.307893,Upper secondary,72,17,33,South and Islands,2,0,0.01778018
949151,0,0,0,122433.61,11.715324,University,57,2,4,South and Islands,3,1,0.03524238
949157,1,1,0,120529.81,11.699653,Upper secondary,55,0,0,South and Islands,3,1,0.24363984
949166,1,1,0,1.0777881e+06,13.890422,University,59,4,16,South and Islands,1,0,0.023765912
949184,0,0,0,10400.853,9.249643,Lower secondary,68,13,-87,South and Islands,1,1,0.3052716
949185,0,0,0,98464.95,11.497456,University,47,-8,64,South and Islands,5,1,0.045219284
949203,0,0,0,29462.525,10.2908745,Upper secondary,41,-14,-60,South and Islands,1,0,0.64771277
949204,0,0,0,38823.18,10.566772,University,48,-7,49,South and Islands,1,1,0.52007836
949221,0,0,0,38411.49,10.556112,Lower secondary,71,16,0,South and Islands,2,1,0.657781
949223,0,0,0,135284.23,11.815133,University,69,14,-60,South and Islands,3,1,0.030795503
949227,1,1,0,187166.8,12.139755,University,68,13,-87,South and Islands,3,0,0.032719962
949245,0,0,0,140753.64,11.854767,Upper secondary,62,7,49,South and Islands,2,0,0.05011752
949246,0,0,0,61742.25,11.030724,Upper secondary,64,9,81,South and Islands,4,0,0.043054666
949256,1,1,0,83020.19,11.326839,University,60,5,25,South and Islands,2,1,0.027151968
949264,0,0,0,104572.58,11.557636,Upper secondary,52,-3,9,South and Islands,4,0,0.04710158
949269,0,0,0,61146.305,11.021025,University,55,0,0,South and Islands,3,1,0.064729
949272,0,0,0,33516.57,10.419795,Upper secondary,57,2,4,South and Islands,1,0,0.18294515
949277,0,0,0,54009.49,10.896915,University,61,6,36,South and Islands,1,1,0.14604697
949280,1,1,1,91620.766,11.425413,Upper secondary,55,0,0,South and Islands,4,1,0.046685968
949287,0,0,0,37035.727,10.519638,Upper secondary,47,-8,64,South and Islands,4,0,0.31943527
949291,0,0,0,17501.062,9.770017,Lower secondary,57,2,4,South and Islands,3,1,0.18416055
949292,0,0,0,23879.182,10.080762,Upper secondary,53,-2,4,South and Islands,1,0,0.46671942
949304,0,0,0,38412.543,10.556139,Upper secondary,68,13,-87,South and Islands,2,0,0.08440535
949307,1,1,0,32694.533,10.394963,University,73,18,68,South and Islands,1,1,0.09718119
949311,1,1,1,122159.46,11.713082,University,64,9,81,South and Islands,5,0,0.047450535
949318,0,0,0,119107.04,11.6877775,University,63,8,64,South and Islands,4,0,0.14777565
949323,1,1,0,85870.0,11.36059,Upper secondary,61,6,36,South and Islands,3,0,0.20063315
949331,0,0,0,67967.43,11.126784,University,41,-14,-60,South and Islands,4,1,0.1599333
949358,0,0,0,33539.965,10.420493,Primary or less,77,22,-28,South and Islands,2,1,0.52351844
949371,1,1,0,44994.785,10.714302,University,44,-11,121,South and Islands,1,0,0.29257345
949372,0,0,0,108847.414,11.597702,University,46,-9,81,South and Islands,4,0,0.3165635
949410,0,0,0,37197.797,10.524005,Lower secondary,70,15,-31,North,2,0,0.25095987
949414,0,0,0,121148.41,11.704772,University,61,6,36,North,1,0,0.42432654
949425,0,0,0,70495.79,11.163308,Upper secondary,58,3,9,North,2,1,0.11210467
949448,0,0,0,18962.773,9.850233,Upper secondary,81,26,-92,South and Islands,2,0,0.19814233
949463,0,0,0,28800.0,10.26813,Lower secondary,85,30,-124,South and Islands,2,1,0.11794562
949465,0,0,0,74721.98,11.22153,University,64,9,81,South and Islands,2,0,0.2522897
949474,1,1,1,215016.66,12.278471,Lower secondary,93,38,-92,North,4,0,0.0313187
949475,1,0,0,138845.27,11.841115,Upper secondary,90,35,-55,North,2,0,0.028243773
949480,1,1,1,71744.79,11.180871,Upper secondary,50,-5,25,North,1,0,0.113209136
949483,1,1,1,1.3371364e+06,14.106041,University,72,17,33,North,5,0,0.086640894
949491,0,0,0,43029.45,10.66964,Upper secondary,82,27,-39,North,2,0,0.32652375
949493,0,0,0,55572.477,10.925444,Lower secondary,76,21,-71,North,2,0,0.28810844
949495,1,1,1,471336.12,13.063327,University,63,8,64,North,2,0,0.056877848
949508,1,1,0,85000.734,11.350415,University,72,17,33,North,2,0,0.022274218
949510,1,0,1,51912.832,10.857322,Upper secondary,61,6,36,North,2,1,0.06381057
949517,1,0,1,105764.14,11.568967,University,70,15,-31,North,2,1,0.15976621
949518,0,0,0,33264.285,10.41224,Upper secondary,80,25,113,North,2,0,0.5551664
949521,0,0,0,38654.934,10.562429,Lower secondary,61,6,36,North,2,0,0.564049
949529,0,0,0,33327.85,10.414148,Upper secondary,48,-7,49,North,3,1,2.1537364
949534,0,0,0,111467.05,11.621485,University,84,29,73,North,1,0,0.029727874
949543,1,1,0,68330.05,11.132105,Upper secondary,55,0,0,North,4,0,1.2010833
949547,1,1,0,59012.555,10.985505,Upper secondary,75,20,-112,North,3,0,0.65902424
949549,0,0,0,35749.945,10.484304,Lower secondary,71,16,0,North,2,1,0.37456572
949550,1,1,0,45127.824,10.717255,Upper secondary,39,-16,0,North,4,0,3.5750346
949568,1,1,0,67631.14,11.121824,University,41,-14,-60,North,1,0,1.0529102
949584,1,1,0,1.6041896e+06,14.28813,University,66,11,121,North,1,0,0.05513013
949587,0,0,0,196027.36,12.186009,University,60,5,25,North,2,1,0.061352823
949590,0,0,0,1.266569e+06,14.051823,University,68,13,-87,North,2,1,0.028145136
949595,0,0,0,142135.69,11.864537,Upper secondary,65,10,100,North,2,1,0.06292143
949599,0,0,0,938243.5,13.751765,Lower secondary,53,-2,4,North,4,0,0.2191498
949649,0,0,0,28790.043,10.267785,University,58,3,9,North,2,1,0.8197452
949653,1,1,0,30686.43,10.331575,University,55,0,0,North,1,1,0.89362687
949674,0,0,0,38000.0,10.5453415,Upper secondary,29,-26,-92,Centre,3,1,4.380843
949711,1,1,0,155426.25,11.953927,Upper secondary,64,9,81,Centre,3,0,0.10790417
949717,1,1,0,119349.03,11.689808,University,70,15,-31,Centre,2,0,0.040287588
949720,1,1,1,128591.48,11.764396,Upper secondary,67,12,-112,Centre,2,0,0.057272475
949756,0,0,0,48189.94,10.782906,Lower secondary,64,9,81,Centre,3,1,1.4483104
949781,1,1,0,33265.164,10.412266,Upper secondary,52,-3,9,Centre,1,1,3.3070033
949857,0,0,0,21449.408,9.973453,Upper secondary,74,19,105,North,1,1,0.57511836
949858,0,0,0,33956.273,10.432829,Lower secondary,66,11,121,North,2,1,0.4742601
949859,0,0,0,22043.135,10.000756,Primary or less,72,17,33,North,1,0,0.5888014
949860,0,0,0,16763.764,9.7269745,Upper secondary,66,11,121,North,1,0,0.60059476
949862,0,0,0,29414.111,10.289229,Upper secondary,67,12,-112,North,1,0,0.03828192
949887,0,0,0,61713.45,11.030257,Upper secondary,57,2,4,North,3,0,1.3808664
949908,1,0,1,130742.41,11.780984,Upper secondary,82,27,-39,North,2,0,0.55513996
949919,1,0,1,252775.78,12.440258,University,57,2,4,North,5,0,0.061860554
949920,1,1,1,709672.75,13.472559,University,60,5,25,North,4,0,0.38822684
949924,0,0,0,289170.84,12.574773,University,61,6,36,North,2,1,0.042430438
949928,1,1,1,315922.06,12.663251,University,53,-2,4,North,4,0,0.28313926
949947,0,0,0,101228.05,11.525131,University,48,-7,49,North,4,1,0.078612596
949952,0,0,0,20181.479,9.91252,Lower secondary,78,23,17,North,1,1,0.6952912
949960,0,0,0,60199.66,11.005422,Upper secondary,74,19,105,North,2,0,0.32362852
949962,0,0,0,40724.133,10.614576,Upper secondary,84,29,73,North,1,1,0.66222054
949973,1,1,1,130155.34,11.776484,University,59,4,16,North,3,0,0.49276334
949978,1,1,0,153473.5,11.941283,University,61,6,36,North,3,1,0.032558233
949982,0,0,0,28503.137,10.25777,Upper secondary,60,5,25,North,5,0,2.924829
949996,1,0,1,53979.633,10.896362,Upper secondary,52,-3,9,North,4,0,2.095273
950002,0,0,0,76657.25,11.2471,Upper secondary,69,14,-60,North,2,0,0.024937933
950064,0,0,0,4200.627,8.342989,Primary or less,81,26,-92,South and Islands,1,1,0.40281197
950067,0,0,0,21009.408,9.952725,Primary or less,63,8,64,South and Islands,3,1,0.06726648
950075,0,0,0,15004.704,9.616119,Primary or less,73,18,68,South and Islands,2,1,0.21844341
950077,1,1,1,76003.01,11.238528,Upper secondary,60,5,25,South and Islands,2,0,0.10397162
950079,0,0,0,24800.0,10.118599,Primary or less,49,-6,36,South and Islands,3,1,0.424275
950081,0,0,0,39700.0,10.589107,Lower secondary,48,-7,49,South and Islands,6,1,0.3384157
950082,0,0,0,82278.4,11.317863,University,60,5,25,South and Islands,3,1,0.10878794
950083,0,0,0,15600.0,9.655026,Lower secondary,44,-11,121,South and Islands,1,0,1.3037271
950084,0,0,0,30837.963,10.336502,Lower secondary,48,-7,49,South and Islands,3,1,0.29066828
950090,0,0,0,16682.822,9.722135,Primary or less,56,1,1,South and Islands,2,1,0.21767372
950123,0,0,0,15200.0,9.629051,Lower secondary,54,-1,1,South and Islands,3,1,0.7518437
950156,0,0,0,6000.0,8.699514,Lower secondary,56,1,1,South and Islands,1,0,0.2681266
950163,0,0,0,11903.136,9.384557,Lower secondary,50,-5,25,South and Islands,4,1,0.5863922
950171,0,0,0,13900.0,9.539644,Lower secondary,46,-9,81,South and Islands,2,1,0.42266536
950176,0,0,0,76031.36,11.238901,University,52,-3,9,South and Islands,5,1,0.052326553
950190,0,0,0,10215.68,9.231679,Primary or less,82,27,-39,South and Islands,1,1,0.19940546
950191,0,0,0,117247.04,11.672038,University,63,8,64,South and Islands,4,1,0.04034086
950192,0,0,0,56031.36,10.933667,Upper secondary,56,1,1,South and Islands,2,1,0.08547284
950222,0,0,0,72297.37,11.188543,Upper secondary,66,11,121,South and Islands,2,0,0.22118588
950224,1,1,0,26202.42,10.173607,University,32,-23,17,South and Islands,1,1,0.4970913
950230,0,0,0,16974.703,9.739479,Upper secondary,63,8,64,South and Islands,2,1,0.56965816
951005,1,1,0,125308.63,11.738535,Lower secondary,66,11,121,North,3,0,0.71677923
951009,1,1,0,85340.06,11.3544,Lower secondary,50,-5,25,North,4,0,0.46178895
951019,0,0,0,44634.293,10.706258,Lower secondary,50,-5,25,North,2,0,0.94183594
951063,0,0,0,13998.335,9.546694,Lower secondary,68,13,-87,North,1,1,0.6660845
951071,0,0,0,12000.0,9.392662,Lower secondary,57,2,4,North,3,1,3.583455
951073,0,0,0,51511.844,10.849567,University,49,-6,36,North,4,0,1.1509194
951078,0,0,0,62400.35,11.0413265,Upper secondary,26,-29,73,North,2,0,0.3074909
951111,0,0,0,23750.314,10.075351,Lower secondary,52,-3,9,North,2,0,0.27872437
951125,1,0,1,261334.05,12.473555,University,64,9,81,North,2,0,0.09144346
951139,0,0,0,158833.78,11.975614,University,57,2,4,North,4,0,0.06782821
951163,0,0,0,56611.195,10.943962,University,58,3,9,North,5,0,0.62943816
951173,0,0,0,48145.176,10.781977,Upper secondary,53,-2,4,North,4,1,0.9775626
951184,0,0,0,44609.723,10.705708,Lower secondary,47,-8,64,North,4,1,0.6098503
951190,0,0,0,35900.664,10.488511,Lower secondary,49,-6,36,North,3,1,0.93527144
951202,0,0,0,105606.5,11.567475,University,50,-5,25,North,4,0,0.6375165
951235,1,1,0,39872.31,10.593437,Upper secondary,51,-4,16,North,4,0,1.7320651
951236,0,0,0,231742.22,12.353381,University,45,-10,100,North,4,0,0.20629668
951250,1,1,0,167092.78,12.026304,University,58,3,9,North,2,0,0.27249393
951280,0,0,0,73612.32,11.206568,University,37,-18,68,North,3,0,2.3055687
951288,0,0,0,51594.848,10.851177,Upper secondary,42,-13,-87,North,4,1,1.3536769
951300,1,1,0,28205.8,10.247283,Upper secondary,29,-26,-92,North,1,0,2.4164321
951330,0,0,0,28506.775,10.257897,Upper secondary,40,-15,-31,North,5,1,0.4699871
951337,1,1,1,259171.34,12.465244,Upper secondary,60,5,25,North,4,0,0.13954888
951345,1,1,0,42292.227,10.652359,Upper secondary,58,3,9,North,1,0,0.4033862
951350,0,0,0,34988.19,10.462766,Upper secondary,61,6,36,North,2,1,0.29076236
951367,1,1,0,81859.75,11.312763,University,60,5,25,North,2,0,0.33179876
951368,0,0,0,53533.918,10.888071,University,55,0,0,North,4,0,0.76336944
951391,0,0,0,51551.418,10.850335,University,46,-9,81,North,3,0,0.69105095
951397,0,0,0,76532.76,11.245474,Upper secondary,62,7,49,North,2,0,0.120234065
951400,0,0,0,85954.516,11.361573,University,40,-15,-31,North,4,0,0.31393486
951401,0,0,0,61121.953,11.020626,Lower secondary,42,-13,-87,North,4,0,1.5936614
951404,0,0,0,23818.818,10.078231,Primary or less,92,37,89,North,2,0,0.70133054
951408,0,0,0,19194.078,9.862357,Primary or less,83,28,16,North,2,0,0.703601
951409,0,0,0,35550.0,10.478696,Primary or less,80,25,113,North,4,0,0.055778984
951411,0,0,0,81150.17,11.304057,University,71,16,0,North,2,0,0.3894293
951413,0,0,0,32000.627,10.37351,Upper secondary,62,7,49,North,1,0,0.7025027
951435,0,0,0,62190.215,11.037953,Upper secondary,50,-5,25,North,1,0,0.20066884
951439,0,0,0,40364.1,10.605696,Upper secondary,66,11,121,North,2,1,0.52556735
951450,0,0,0,58488.54,10.976586,Upper secondary,45,-10,100,North,5,0,0.8688721
951458,1,0,1,703540.5,13.463881,Upper secondary,82,27,-39,North,2,0,0.07417789
951463,1,1,1,36741.844,10.511672,Upper secondary,39,-16,0,North,3,0,0.5537211
951466,0,0,0,65715.68,11.093093,University,57,2,4,North,4,1,1.0206003
951469,1,1,1,267866.88,12.498245,University,59,4,16,North,2,0,0.123867474
951473,0,0,0,97435.15,11.486942,Lower secondary,61,6,36,North,3,0,3.0109737
951486,0,0,0,58825.086,10.982324,Lower secondary,49,-6,36,North,1,0,1.6704841
951489,0,0,0,86421.61,11.366993,Lower secondary,56,1,1,North,2,0,0.046571292
951493,0,0,0,79364.305,11.281804,University,48,-7,49,North,4,0,0.8084328
951499,0,0,0,29414.111,10.289229,Lower secondary,63,8,64,North,1,0,7.3872247
951511,0,0,0,69953.58,11.155587,University,32,-23,17,North,3,0,1.0287678
951533,0,0,0,32281.326,10.382244,Lower secondary,79,24,64,North,2,0,0.32127404
951534,0,0,0,93991.36,11.450958,Upper secondary,70,15,-31,North,2,0,0.813605
951557,0,0,0,12090.0,9.400134,Lower secondary,79,24,64,North,1,1,0.67372036
951565,1,0,1,132191.28,11.792006,University,54,-1,1,North,3,1,0.34698
951566,0,0,0,31090.535,10.344659,Upper secondary,54,-1,1,North,3,0,1.3857375
951597,0,0,0,96493.12,11.477227,University,50,-5,25,North,6,1,0.54405385
951613,1,1,0,91279.625,11.421683,Upper secondary,74,19,105,North,2,1,0.17165631
951620,0,0,0,17104.902,9.747121,Lower secondary,71,16,0,North,1,0,0.8489963
951621,0,0,0,112165.9,11.627734,University,71,16,0,North,2,1,0.06063781
951622,0,0,0,71478.4,11.177151,Upper secondary,73,18,68,North,1,1,0.037735444
951624,1,0,0,73089.9,11.199446,Upper secondary,74,19,105,North,2,0,0.72126293
951627,1,0,1,86104.21,11.363314,Upper secondary,82,27,-39,North,2,0,0.025130205
951630,0,0,0,26815.68,10.196742,Upper secondary,46,-9,81,North,4,1,1.3208715
951631,0,0,0,46308.348,10.743077,Lower secondary,60,5,25,North,4,1,1.4735302
951633,0,0,0,32045.096,10.3749,University,61,6,36,North,1,1,0.020825442
951645,0,0,0,54215.848,10.900728,University,54,-1,1,North,2,1,0.21407108
951649,0,0,0,34085.215,10.436619,University,54,-1,1,North,2,1,0.5559798
951665,0,0,0,56700.0,10.94553,Upper secondary,53,-2,4,North,3,0,4.7137437
951685,0,0,0,87120.13,11.375043,Upper secondary,60,5,25,North,4,0,0.2262568
951700,0,0,0,41415.68,10.631414,Upper secondary,43,-12,-112,North,3,1,2.7771711
951711,0,0,0,67629.98,11.121807,University,46,-9,81,North,4,0,0.90255666
951712,0,0,0,37695.043,10.537284,Upper secondary,44,-11,121,North,4,0,0.3468762
951714,0,0,0,31826.488,10.368054,Upper secondary,47,-8,64,North,3,1,2.3343272
951739,0,0,0,52323.15,10.865194,Upper secondary,41,-14,-60,North,4,0,1.292929
951748,0,0,0,35808.4,10.485938,University,48,-7,49,North,4,1,2.2961776
951759,0,0,0,75351.56,11.22992,Upper secondary,37,-18,68,North,1,0,0.11595082
951793,0,0,0,43723.953,10.685652,University,41,-14,-60,North,3,0,3.0019133
951811,0,0,0,40023.996,10.597235,Lower secondary,63,8,64,North,2,0,0.555049
951812,0,0,0,144620.97,11.881871,Upper secondary,63,8,64,North,4,0,0.6193528
951814,0,0,0,28985.525,10.274552,University,70,15,-31,North,3,0,0.60306776
951818,0,0,0,82451.86,11.31997,University,45,-10,100,North,4,0,0.8723027
951820,0,0,0,69072.02,11.142905,University,39,-16,0,North,2,0,0.72141105
951822,1,0,1,55300.598,10.920539,University,50,-5,25,North,3,1,0.51305914
951847,0,0,0,55600.63,10.92595,Upper secondary,59,4,16,North,3,0,4.6719007
951859,1,1,0,123028.12,11.720168,Upper secondary,85,30,-124,North,2,0,0.023115791
951860,0,0,0,131701.83,11.788296,University,55,0,0,North,4,0,0.26397598
951883,0,0,0,37921.176,10.543265,Upper secondary,51,-4,16,North,3,0,4.980484
951885,1,0,0,73465.25,11.204568,Upper secondary,53,-2,4,North,4,1,3.2111773
951892,0,0,0,65451.62,11.0890665,Upper secondary,63,8,64,North,2,1,0.8724138
951898,0,0,0,72218.336,11.187449,Upper secondary,54,-1,1,North,4,0,2.5818586
951922,0,0,0,14925.312,9.610814,Lower secondary,84,29,73,North,2,0,2.4256198
951940,0,0,0,77128.13,11.253223,University,60,5,25,North,4,0,1.4076596
951942,0,0,0,64078.4,11.0678625,Upper secondary,51,-4,16,North,2,1,2.14034
951944,0,0,0,46812.855,10.753913,University,67,12,-112,North,1,0,0.058814604
951955,1,1,0,128094.98,11.760528,Upper secondary,75,20,-112,North,5,0,0.051213384
951962,1,1,0,77207.43,11.2542515,University,36,-19,105,North,2,0,0.5034944
951963,0,0,0,56374.91,10.939779,Upper secondary,36,-19,105,North,4,0,1.5104012
951997,0,0,0,154043.12,11.944988,Lower secondary,74,19,105,North,3,0,0.071922384
951998,0,0,0,42629.336,10.660298,Upper secondary,56,1,1,North,4,0,0.7125709
952007,1,1,1,92429.98,11.434207,University,41,-14,-60,North,3,0,0.64677954
952008,1,1,1,102352.17,11.536175,University,59,4,16,North,2,0,0.37359676
952009,0,0,0,64442.285,11.073525,Upper secondary,37,-18,68,North,3,0,0.99982285
952025,0,0,0,136391.3,11.823283,Upper secondary,65,10,100,North,3,0,0.56013304
952045,0,0,0,37015.68,10.519097,University,50,-5,25,North,3,0,0.30296287
952056,1,1,0,123489.33,11.72391,University,68,13,-87,North,1,0,2.728569
952063,0,0,0,163900.12,12.007012,University,72,17,33,North,2,0,0.027201027
952098,1,1,1,59608.934,10.995561,Upper secondary,57,2,4,North,1,0,0.47994336
952114,0,0,0,30053.871,10.310747,Upper secondary,60,5,25,North,2,1,0.7924239
952122,1,1,1,392638.28,12.880644,University,58,3,9,North,4,0,0.6283984
952143,0,0,0,64177.42,11.0694065,University,55,0,0,North,5,1,0.73418725
952160,1,1,0,139646.14,11.846867,Upper secondary,68,13,-87,North,2,0,0.10032586
952165,0,0,0,52860.18,10.875405,Upper secondary,49,-6,36,North,2,1,1.5765172
952222,1,1,0,74693.51,11.2211485,University,58,3,9,North,4,0,0.17428829
952228,1,1,0,172500.8,12.058157,University,54,-1,1,North,3,0,0.73273146
952255,1,0,1,30862.68,10.337303,Upper secondary,51,-4,16,North,4,0,1.7159956
952305,0,0,0,10051.0,9.215427,Upper secondary,68,13,-87,North,1,1,0.60340273
952337,0,0,0,54208.01,10.900584,University,53,-2,4,North,3,1,0.21656665
952394,1,1,0,121481.26,11.707516,Upper secondary,42,-13,-87,North,4,1,0.8476542
952407,1,0,1,30960.691,10.340474,University,48,-7,49,North,1,0,0.6619398
952414,0,0,0,46177.734,10.740253,Lower secondary,71,16,0,North,3,0,0.3001206
952419,1,1,0,91898.836,11.428444,University,43,-12,-112,North,3,0,1.2925345
952424,0,0,0,55361.676,10.921643,University,37,-18,68,North,2,1,1.0701691
952425,1,0,1,458751.53,13.036264,University,33,-22,-28,North,2,1,0.44379428
952519,1,1,0,54852.688,10.912407,Lower secondary,42,-13,-87,North,2,0,2.2808073
952537,0,0,0,28007.84,10.24024,Upper secondary,55,0,0,North,3,1,0.5772343
952550,1,1,0,104207.98,11.554144,University,42,-13,-87,North,2,0,0.79831415
952553,0,0,0,62106.17,11.036601,University,44,-11,121,North,4,0,0.17994912
952566,1,0,1,69433.055,11.148118,Upper secondary,56,1,1,North,1,0,0.18912283
952574,1,1,1,41240.207,10.627169,University,43,-12,-112,North,1,1,0.4329511
952595,0,0,0,80973.99,11.301884,University,43,-12,-112,North,5,1,1.1296375
952599,0,0,0,35695.086,10.482768,Upper secondary,36,-19,105,North,1,0,1.6935498
952637,0,0,0,43821.953,10.68789,University,32,-23,17,North,2,0,2.2699199
952645,1,1,0,90169.1,11.409442,University,38,-17,33,North,3,0,0.96618426
952682,1,1,0,58814.227,10.982139,University,30,-25,113,North,2,0,1.4428898
952721,1,1,1,57647.637,10.962105,Upper secondary,53,-2,4,North,4,1,0.81131274
952723,1,1,1,718920.25,13.485506,University,58,3,9,North,4,0,0.06617604
952732,0,0,0,65683.05,11.092596,Upper secondary,68,13,-87,North,2,0,0.22528324
952739,0,0,0,46234.87,10.741489,Upper secondary,53,-2,4,North,3,0,0.62409073
952778,1,1,0,51713.594,10.853476,University,60,5,25,North,1,0,0.42127398
952806,1,1,0,198545.03,12.198771,University,71,16,0,North,2,0,0.040131237
952815,1,1,0,119896.39,11.694384,University,43,-12,-112,North,4,0,0.19336587
952832,0,0,0,106019.07,11.571374,University,59,4,16,North,1,0,0.041552316
952865,1,1,0,66058.51,11.098296,University,48,-7,49,North,3,0,1.5049732
952871,1,1,1,94375.97,11.455042,University,42,-13,-87,North,4,0,1.0890367
952933,1,1,0,67007.29,11.112556,Upper secondary,45,-10,100,North,5,0,0.2726673
952968,0,0,0,87439.03,11.378697,Upper secondary,55,0,0,North,5,0,0.44726866
952969,0,0,0,74822.234,11.222871,Primary or less,75,20,-112,North,1,0,0.44907477
952974,0,0,0,90294.77,11.410835,Upper secondary,51,-4,16,North,4,0,2.4354498
952978,0,0,0,53383.6,10.885259,Upper secondary,35,-20,-112,North,4,0,2.4912367
952983,0,0,0,72284.49,11.188365,Upper secondary,69,14,-60,North,1,0,0.024641912
952988,0,0,0,82332.01,11.318515,Upper secondary,48,-7,49,North,5,0,1.1087949
952991,0,0,0,33725.438,10.426007,Lower secondary,86,31,-63,North,1,1,0.24278645
952993,0,0,0,59659.23,10.996405,Lower secondary,80,25,113,North,2,0,0.10275539
952996,0,0,0,60896.64,11.016933,Upper secondary,58,3,9,North,3,0,0.27886805
952997,0,0,0,22336.043,10.013957,Lower secondary,62,7,49,North,1,1,1.2982161
953010,0,0,0,24013.17,10.086358,Upper secondary,38,-17,33,North,1,0,0.7424195
953015,0,0,0,60738.99,11.014341,Lower secondary,60,5,25,North,3,0,0.40915796
953016,0,0,0,36898.66,10.51593,Lower secondary,78,23,17,North,2,0,0.73351735
953021,0,0,0,53524.97,10.887903,Upper secondary,53,-2,4,North,2,0,2.1561818
953030,0,0,0,90914.46,11.417674,Upper secondary,55,0,0,North,2,1,2.4150903
953044,0,0,0,70411.375,11.16211,University,52,-3,9,North,6,0,0.41116476
953050,0,0,0,63509.03,11.058937,University,82,27,-39,North,2,0,0.017251553
953051,0,0,0,56714.805,10.94579,University,91,36,16,North,2,0,0.090156004
953052,0,0,0,61158.85,11.02123,Upper secondary,65,10,100,North,2,1,0.042114913
953057,0,0,0,58381.535,10.974755,Upper secondary,77,22,-28,North,2,0,0.09791875
953071,0,0,0,84686.086,11.346706,University,56,1,1,North,5,1,0.19565414
953075,1,0,1,39021.0,10.571856,Upper secondary,72,17,33,North,2,0,0.1077947
953078,0,0,0,40197.19,10.601552,Lower secondary,73,18,68,North,2,1,0.1306787
953090,0,0,0,62550.32,11.043727,Upper secondary,46,-9,81,North,4,1,0.12943572
953093,0,0,0,73258.49,11.20175,Upper secondary,43,-12,-112,North,5,1,0.23969229
953096,0,0,0,66689.06,11.107797,Upper secondary,42,-13,-87,North,5,0,0.21188481
953099,1,1,1,75063.586,11.22609,Upper secondary,46,-9,81,North,4,0,0.16030167
953105,0,0,0,124562.99,11.732567,Upper secondary,41,-14,-60,North,4,1,0.21984997
953112,0,0,0,29531.494,10.293213,University,46,-9,81,North,1,1,0.1899976
953116,1,0,1,69523.9,11.1494255,Upper secondary,68,13,-87,North,2,0,0.06943684
953133,1,0,1,91438.68,11.423424,Upper secondary,56,1,1,North,2,1,2.6831636
953137,0,0,0,30347.04,10.320455,Upper secondary,64,9,81,North,3,0,0.88890696
953150,1,0,1,67887.164,11.125603,University,69,14,-60,North,1,0,0.035957947
953173,0,0,0,73056.47,11.198988,University,62,7,49,North,4,0,0.22226511
953203,0,0,0,14447.133,9.578251,University,55,0,0,North,1,0,0.3163485
953211,0,0,0,124451.98,11.731675,University,35,-20,-112,North,2,0,0.17187664
953216,1,0,1,43346.402,10.676979,University,38,-17,33,North,4,0,0.35459504
953220,0,0,0,34680.45,10.453932,Upper secondary,34,-21,-71,North,3,0,1.2252399
953222,0,0,0,40415.68,10.606973,Upper secondary,69,14,-60,North,2,0,0.7430051
953225,0,0,0,346763.78,12.756399,Lower secondary,61,6,36,North,6,0,0.13548157
953230,0,0,0,49965.836,10.819095,Upper secondary,41,-14,-60,North,2,0,0.4868925
953232,0,0,0,90092.266,11.408589,Upper secondary,42,-13,-87,North,2,0,0.95078677
953268,1,1,0,21686.148,9.984429,Upper secondary,74,19,105,North,1,0,1.7144315
953279,0,0,0,45828.523,10.732662,Lower secondary,50,-5,25,North,4,0,2.1988008
953286,0,0,0,24309.408,10.0986185,Primary or less,62,7,49,North,3,0,0.37047747
953287,0,0,0,24031.36,10.087115,Upper secondary,75,20,-112,North,1,1,0.21527812
953292,0,0,0,43515.703,10.680877,Lower secondary,60,5,25,North,3,0,0.1184853
953296,0,0,0,78509.54,11.270975,University,64,9,81,North,2,0,0.10637581
953306,0,0,0,69255.336,11.1455555,Upper secondary,49,-6,36,North,3,0,0.2932722
953315,0,0,0,64105.723,11.068289,University,47,-8,64,North,4,0,0.22233689
953320,0,0,0,39165.78,10.575559,Upper secondary,32,-23,17,North,3,0,2.6901412
953327,0,0,0,44604.76,10.705596,Upper secondary,56,1,1,North,5,0,0.61072904
953336,0,0,0,47495.086,10.768381,Upper secondary,41,-14,-60,North,3,0,1.1492194
953340,0,0,0,111907.445,11.625427,University,52,-3,9,North,4,0,0.9179431
953373,0,0,0,55007.504,10.915225,University,68,13,-87,North,2,0,0.7041452
953383,0,0,0,51667.332,10.852581,Upper secondary,69,14,-60,North,3,0,2.7377145
953400,0,0,0,66133.375,11.099429,University,43,-12,-112,North,3,1,0.55517924
953437,0,0,0,31450.426,10.356168,Upper secondary,36,-19,105,North,3,1,0.9384074
953441,0,0,0,52221.97,10.863258,Primary or less,80,25,113,North,2,0,0.38965112
953442,1,1,0,92264.48,11.432414,Upper secondary,59,4,16,North,2,0,0.25053117
953445,0,0,0,29760.01,10.3009205,Upper secondary,55,0,0,North,5,0,0.17012584
953480,1,1,0,126680.49,11.749423,Upper secondary,55,0,0,North,4,0,0.40855783
953500,0,0,0,38421.953,10.556384,Lower secondary,66,11,121,North,2,1,0.26569778
953520,0,0,0,192121.16,12.165881,University,53,-2,4,North,5,1,0.8669923
953545,0,0,0,124642.02,11.733201,University,56,1,1,North,4,1,0.30259013
953572,0,0,0,16007.84,9.680834,Lower secondary,66,11,121,North,2,0,1.0635134
953585,0,0,0,15650.0,9.658226,Upper secondary,82,27,-39,North,2,0,0.3659108
953599,1,1,0,96393.414,11.476193,University,54,-1,1,North,2,0,0.023533974
953610,0,0,0,37403.137,10.52951,Upper secondary,57,2,4,North,4,0,0.50080955
953621,1,1,0,105518.195,11.566639,University,73,18,68,North,2,0,0.019376857
953623,0,0,0,114645.21,11.649597,University,41,-14,-60,North,4,0,0.3543747
953624,1,0,1,107676.336,11.586885,Upper secondary,38,-17,33,North,2,0,0.30104855
953628,0,0,0,95810.59,11.470129,University,52,-3,9,North,4,0,0.050892077
953663,0,0,0,78915.68,11.276135,Lower secondary,56,1,1,North,3,0,0.11572235
953686,0,0,0,46047.508,10.737429,Lower secondary,71,16,0,North,3,0,0.08152648
953692,1,0,1,89830.86,11.4056835,University,61,6,36,North,2,0,0.1028579
953699,1,1,1,68442.26,11.133746,Upper secondary,53,-2,4,North,4,1,0.08952646
953729,1,1,1,81905.484,11.313321,University,73,18,68,North,2,1,0.019706024
953735,0,0,0,41059.406,10.622775,Lower secondary,79,24,64,North,2,0,0.26828387
953771,1,1,0,51915.57,10.857374,Lower secondary,58,3,9,North,2,1,4.1643414
953807,1,1,0,94522.55,11.4565935,University,72,17,33,North,2,0,0.03747731
953809,0,0,0,38952.016,10.570086,Lower secondary,71,16,0,North,1,1,0.3881091
953863,1,1,1,55964.547,10.932474,University,76,21,-71,North,2,0,0.543226
953864,0,0,0,63156.797,11.053376,Upper secondary,55,0,0,North,3,0,2.034679
953897,1,0,0,583449.06,13.276712,Upper secondary,52,-3,9,North,4,0,0.9275577
953898,0,0,0,55857.46,10.930558,Upper secondary,44,-11,121,North,4,0,1.330462
953904,0,0,0,40160.934,10.60065,Upper secondary,43,-12,-112,North,4,0,3.3574684
953920,1,1,0,38538.297,10.559408,Upper secondary,50,-5,25,North,1,0,0.5340718
953951,0,0,0,67491.63,11.119759,Upper secondary,59,4,16,North,4,0,0.22930327
953969,0,0,0,44860.977,10.711324,Primary or less,85,30,-124,North,2,0,0.24583107
953975,0,0,0,51177.195,10.843049,Upper secondary,40,-15,-31,North,4,0,0.54364026
953977,0,0,0,8452.509,9.042218,Lower secondary,81,26,-92,North,1,1,1.074767
953981,0,0,0,69676.98,11.151626,Upper secondary,57,2,4,North,3,1,0.33549678
954005,0,0,0,89405.65,11.400939,Lower secondary,50,-5,25,North,4,0,0.52304316
954007,0,0,0,75055.414,11.225982,Upper secondary,48,-7,49,North,4,0,0.2701625
954032,1,1,0,58622.973,10.978882,Upper secondary,61,6,36,North,3,0,0.10015454
954036,0,0,0,86966.234,11.373275,Lower secondary,61,6,36,North,3,0,0.22423866
954041,1,1,0,67213.305,11.115626,Upper secondary,42,-13,-87,North,3,0,0.2852671
954063,0,0,0,123337.63,11.722681,University,72,17,33,North,2,0,0.41527584
954085,1,1,0,57908.66,10.966622,Upper secondary,53,-2,4,North,2,0,0.13405043
954091,0,0,0,84859.93,11.348758,Upper secondary,49,-6,36,North,2,0,0.054863278
954121,1,0,1,58865.816,10.983016,University,46,-9,81,North,4,0,0.04656083
954139,1,0,1,83885.64,11.33721,Upper secondary,62,7,49,North,1,0,0.26587316
954141,0,0,0,99972.875,11.512654,Upper secondary,53,-2,4,North,2,1,0.054036655
954167,0,0,0,47164.47,10.761396,University,51,-4,16,North,4,1,0.4225416
954168,1,1,0,67106.38,11.114035,Primary or less,78,23,17,North,3,0,2.35387
954169,0,0,0,115361.44,11.655826,Upper secondary,67,12,-112,North,4,0,2.027428
954173,0,0,0,206626.66,12.238668,University,55,0,0,North,5,0,1.9624873
954179,1,1,1,79941.77,11.289054,Upper secondary,49,-6,36,North,3,0,2.1679807
954186,0,0,0,100244.89,11.515371,Upper secondary,72,17,33,North,2,0,0.08273739
954200,0,0,0,28878.643,10.270858,Upper secondary,87,32,0,North,2,0,0.14873877
954206,0,0,0,112988.586,11.635042,University,45,-10,100,North,4,0,0.16029881
954241,0,0,0,50958.29,10.838762,Upper secondary,57,2,4,North,2,0,0.44893593
954243,1,1,1,100220.22,11.515125,Upper secondary,69,14,-60,North,2,0,0.13609451
954247,0,0,0,70070.49,11.157257,Upper secondary,61,6,36,North,3,0,0.44384652
954257,0,0,0,98099.91,11.493742,University,60,5,25,North,1,0,0.031709556
954258,0,0,0,41962.72,10.644537,Primary or less,61,6,36,North,2,0,0.11105542
954267,0,0,0,61304.645,11.023611,Upper secondary,56,1,1,North,2,0,0.16885823
954274,0,0,0,67433.07,11.118891,University,68,13,-87,North,1,0,0.110396564
954275,0,0,0,73505.13,11.205111,University,46,-9,81,North,4,1,0.4530056
954367,0,0,0,26020.383,10.1666355,Lower secondary,45,-10,100,North,4,0,3.4738767
954372,1,1,0,177123.1,12.0846,University,56,1,1,North,5,0,0.2606217
954433,0,0,0,71598.72,11.178832,Upper secondary,56,1,1,North,3,0,0.569127
954514,0,0,0,61800.0,11.031659,Lower secondary,61,6,36,North,2,0,0.17434603
954521,0,0,0,76412.07,11.243896,Upper secondary,75,20,-112,Centre,2,0,0.22414964
954528,0,0,0,10560.0,9.264829,Lower secondary,60,5,25,Centre,1,0,0.0344533
954552,0,0,0,9807.84,9.190937,Lower secondary,65,10,100,Centre,1,0,0.4990976
954554,0,0,0,84141.84,11.34026,Upper secondary,59,4,16,Centre,5,0,0.821557
954574,0,0,0,31611.916,10.361289,Upper secondary,65,10,100,Centre,2,0,0.28757563
954610,0,0,0,58156.797,10.970898,Lower secondary,62,7,49,Centre,2,1,0.38340554
954613,0,0,0,23015.68,10.043931,Upper secondary,75,20,-112,Centre,1,1,0.27701905
954614,0,0,0,107382.2,11.584149,Upper secondary,58,3,9,Centre,5,0,0.37105477
954627,0,0,0,44021.98,10.692445,University,59,4,16,Centre,3,1,0.33480182
954629,0,0,0,36309.13,10.499825,Upper secondary,59,4,16,Centre,3,0,0.77315974
954632,0,0,0,85154.08,11.352218,University,37,-18,68,Centre,3,1,0.1837842
954635,0,0,0,26031.36,10.167057,Upper secondary,48,-7,49,Centre,1,0,1.4963951
954645,0,0,0,94981.86,11.461441,University,48,-7,49,Centre,3,0,0.25379282
954714,1,1,0,53125.645,10.880415,University,57,2,4,Centre,3,1,1.8906823
954756,1,1,1,78046.97,11.265066,Lower secondary,64,9,81,Centre,2,0,0.24811853
954757,1,1,0,100809.016,11.520983,Upper secondary,64,9,81,Centre,4,0,0.4384442
954775,1,0,1,56238.56,10.937358,Upper secondary,50,-5,25,Centre,1,0,0.7771447
954777,0,0,0,33536.14,10.420379,Upper secondary,77,22,-28,Centre,2,0,0.018946962
954793,1,0,1,18012.154,9.798802,University,53,-2,4,Centre,2,1,1.0754831
954827,1,1,1,151080.14,11.925566,University,70,15,-31,Centre,1,0,0.6275815
954860,1,0,1,74114.7,11.213369,Upper secondary,57,2,4,Centre,3,1,0.72499985
954863,1,1,1,39334.62,10.579861,Upper secondary,58,3,9,Centre,2,0,0.247023
954868,0,0,0,30596.75,10.3286495,Primary or less,84,29,73,Centre,2,1,0.99308556
954872,0,0,0,21566.104,9.978878,Primary or less,81,26,-92,Centre,2,1,0.45672864
954898,1,0,0,86586.8,11.368902,University,56,1,1,Centre,5,0,0.76166093
954907,0,0,0,108850.78,11.5977335,Upper secondary,55,0,0,Centre,3,0,0.6195265
954929,0,0,0,88318.625,11.388706,Upper secondary,45,-10,100,Centre,4,0,0.73214686
954944,0,0,0,69021.43,11.142173,Upper secondary,51,-4,16,Centre,2,0,2.6001928
954955,0,0,0,88018.414,11.385302,University,51,-4,16,Centre,3,0,0.7520345
954964,1,1,0,92860.98,11.438859,University,36,-19,105,Centre,3,0,0.71100545
954965,0,0,0,34209.457,10.440257,Upper secondary,44,-11,121,Centre,4,1,1.224787
955008,0,0,0,10503.136,9.259429,Upper secondary,72,17,33,Centre,1,0,0.6610086
955010,0,0,0,43009.496,10.669176,Upper secondary,45,-10,100,Centre,4,0,1.454364
955017,0,0,0,10100.55,9.2203455,Primary or less,82,27,-39,Centre,2,1,3.2787926
955020,0,0,0,21705.002,9.985298,Upper secondary,39,-16,0,Centre,2,1,8.110156
955021,0,0,0,46200.55,10.740747,Upper secondary,30,-25,113,Centre,1,0,5.596584
955066,1,0,1,31247.945,10.349709,Upper secondary,68,13,-87,Centre,2,1,0.27076656
955071,0,0,0,94688.88,11.458352,Lower secondary,60,5,25,Centre,4,0,0.32991946
955073,0,0,0,52737.605,10.873084,University,46,-9,81,Centre,4,1,1.3356339
955081,0,0,0,48560.57,10.790567,Upper secondary,60,5,25,Centre,2,0,0.31531897
955102,0,0,0,1.1000125e+06,13.910832,University,54,-1,1,Centre,4,0,0.25928774
955104,0,0,0,42937.44,10.6675,University,36,-19,105,Centre,4,0,0.972666
955110,0,0,0,9012.544,9.106373,Upper secondary,63,8,64,Centre,1,1,0.83247167
955111,0,0,0,71510.836,11.177605,Upper secondary,54,-1,1,Centre,4,0,2.2791255
955121,0,0,0,183161.3,12.118122,University,49,-6,36,Centre,2,1,0.33302167
955150,0,0,0,93665.96,11.44749,Upper secondary,56,1,1,Centre,4,0,2.522258
955151,0,0,0,53047.04,10.878934,University,60,5,25,Centre,3,0,2.3815558
955152,0,0,0,22831.033,10.035876,Lower secondary,56,1,1,Centre,4,1,1.4988174
955156,0,0,0,27716.922,10.229798,Lower secondary,46,-9,81,Centre,4,0,4.517803
955163,1,0,1,108416.914,11.5937395,University,60,5,25,Centre,4,0,0.08738424
955166,0,0,0,32021.607,10.3741665,Lower secondary,85,30,-124,Centre,1,0,0.3460513
955167,0,0,0,278230.94,12.536207,Upper secondary,66,11,121,Centre,2,0,0.041721135
955176,0,0,0,51520.438,10.849734,Upper secondary,47,-8,64,Centre,3,1,0.8555709
955179,1,1,0,80289.73,11.293397,Upper secondary,39,-16,0,Centre,2,0,0.40585828
955194,0,0,0,37756.418,10.538911,Upper secondary,62,7,49,Centre,6,0,1.8373255
955204,1,1,0,161056.81,11.989512,Upper secondary,64,9,81,Centre,3,0,0.27686268
955216,0,0,0,59161.953,10.988034,Lower secondary,77,22,-28,Centre,2,0,0.24792454
955219,0,0,0,48224.41,10.783621,Lower secondary,48,-7,49,Centre,3,0,1.1212128
955224,0,0,0,25391.053,10.142152,University,52,-3,9,Centre,1,0,0.8622245
955234,0,0,0,21502.508,9.9759245,Lower secondary,49,-6,36,Centre,1,0,0.28431195
955237,0,0,0,17150.0,9.749754,Lower secondary,71,16,0,Centre,2,0,0.06835177
955240,0,0,0,110342.22,11.611341,University,53,-2,4,Centre,3,0,0.13121265
955244,0,0,0,31703.137,10.364171,Upper secondary,55,0,0,Centre,1,0,0.034010362
955246,0,0,0,19680.0,9.887359,Primary or less,82,27,-39,Centre,3,0,1.0378431
955248,0,0,0,52825.344,10.874746,Upper secondary,35,-20,-112,Centre,4,1,0.44394106
955249,0,0,0,7520.9155,8.925444,Upper secondary,47,-8,64,Centre,1,0,0.321428
955254,0,0,0,36941.996,10.517104,Upper secondary,58,3,9,Centre,3,0,0.23449162
955264,0,0,0,15304.201,9.635882,Upper secondary,65,10,100,Centre,2,0,0.16517316
955271,0,0,0,45118.363,10.717045,Upper secondary,59,4,16,Centre,4,0,0.18219519
955273,0,0,0,18450.0,9.82282,Lower secondary,69,14,-60,Centre,1,0,0.31965953
955296,1,1,0,66956.28,11.111795,University,75,20,-112,Centre,2,0,0.014891448
955301,0,0,0,43674.97,10.68453,Lower secondary,62,7,49,Centre,2,1,0.35516104
955307,1,1,0,58638.33,10.979144,University,54,-1,1,Centre,4,0,1.449415
955311,0,0,0,39600.0,10.586584,Upper secondary,45,-10,100,Centre,4,1,0.5098906
955312,0,0,0,41205.914,10.626337,Upper secondary,63,8,64,Centre,2,0,0.6439498
955315,1,1,0,67844.7,11.124976,University,51,-4,16,Centre,4,0,0.7338783
955317,1,1,0,293931.03,12.591101,University,53,-2,4,Centre,4,0,0.07557159
955324,0,0,0,32209.145,10.380006,Lower secondary,43,-12,-112,Centre,4,1,1.8792943
955332,0,0,0,46275.074,10.742359,Upper secondary,64,9,81,Centre,2,0,0.09497223
955335,1,1,1,363935.0,12.80473,University,74,19,105,Centre,2,0,0.021478629
955342,0,0,0,41167.457,10.625403,Upper secondary,52,-3,9,Centre,2,0,1.0388286
955344,0,0,0,52507.73,10.868715,Upper secondary,56,1,1,Centre,4,0,0.3495114
955348,0,0,0,42304.844,10.652657,Lower secondary,62,7,49,Centre,3,1,0.2767511
955354,0,0,0,14844.704,9.605398,University,68,13,-87,Centre,1,1,0.7373413
955425,0,0,0,47464.81,10.767744,Upper secondary,64,9,81,Centre,4,0,1.6562815
955426,1,0,1,90732.45,11.41567,University,57,2,4,Centre,4,1,1.1111708
955431,0,0,0,66684.766,11.107732,University,55,0,0,Centre,1,0,0.57744694
955435,0,0,0,20554.459,9.930833,Upper secondary,23,-32,0,Centre,1,1,1.0483778
955488,0,0,0,87925.086,11.38424,University,54,-1,1,Centre,5,0,1.0386696
955529,0,0,0,18250.0,9.81192,Upper secondary,65,10,100,Centre,2,0,0.86219865
955544,0,0,0,80300.875,11.293536,Upper secondary,81,26,-92,Centre,2,1,0.6059541
955555,0,0,0,20547.04,9.930472,Upper secondary,83,28,16,Centre,1,0,0.07315176
955579,0,0,0,58407.195,10.975194,Upper secondary,70,15,-31,Centre,2,1,0.23617683
955621,0,0,0,35000.0,10.463103,Upper secondary,68,13,-87,Centre,2,0,0.5992117
955635,1,1,0,128124.02,11.760754,Upper secondary,50,-5,25,Centre,4,0,0.49239028
955653,0,0,0,63948.027,11.065826,University,53,-2,4,Centre,4,1,0.93381596
955677,0,0,0,138459.56,11.838334,University,61,6,36,Centre,4,0,0.26483995
955679,0,0,0,49485.496,10.809435,Primary or less,57,2,4,Centre,4,0,0.9600471
955680,1,0,1,197112.28,12.191529,University,62,7,49,Centre,3,0,0.7816976
955685,0,0,0,55039.785,10.915812,University,61,6,36,Centre,2,1,0.41390237
955710,0,0,0,40271.426,10.603397,Upper secondary,62,7,49,Centre,1,1,0.21789831
955717,1,1,1,245835.73,12.412419,University,59,4,16,Centre,4,0,0.25003356
955720,0,0,0,73815.68,11.209327,Upper secondary,54,-1,1,Centre,4,0,1.2363929
955732,0,0,0,152452.72,11.934609,University,61,6,36,Centre,2,1,0.121280625
955743,1,1,0,665451.3,13.408221,Upper secondary,59,4,16,Centre,4,0,0.2258118
955750,0,0,0,214627.27,12.276658,University,58,3,9,Centre,1,0,0.14268439
955757,0,0,0,176758.98,12.082542,University,59,4,16,Centre,4,0,1.3652272
955763,0,0,0,39826.094,10.592278,Upper secondary,59,4,16,Centre,2,0,0.20123065
955778,0,0,0,74827.19,11.222937,University,54,-1,1,Centre,1,0,0.56812084
955797,1,0,1,193479.77,12.172928,University,62,7,49,Centre,4,0,0.56597686
955833,0,0,0,140135.19,11.850363,University,48,-7,49,Centre,3,0,0.89251345
955839,0,0,0,71824.76,11.181985,University,52,-3,9,Centre,5,1,1.0136921
955853,0,0,0,61103.316,11.020322,University,51,-4,16,Centre,4,1,1.0754168
955865,0,0,0,113324.29,11.638009,Upper secondary,48,-7,49,Centre,4,0,1.1259441
955874,0,0,0,65418.445,11.088559,University,56,1,1,Centre,2,1,0.6954913
955875,0,0,0,67057.516,11.113306,Upper secondary,50,-5,25,Centre,4,0,1.1674821
955935,0,0,0,8431.359,9.039713,Lower secondary,36,-19,105,Centre,1,1,3.51343
955960,0,0,0,34890.727,10.459976,Upper secondary,62,7,49,Centre,2,1,0.19156572
955977,0,0,0,64818.188,11.079342,University,70,15,-31,Centre,1,1,0.14510825
955979,1,0,1,132770.34,11.796376,University,62,7,49,Centre,3,0,0.7498388
955983,1,1,0,68653.07,11.136821,University,41,-14,-60,Centre,4,0,1.5658244
955986,0,0,0,100785.37,11.520748,Upper secondary,56,1,1,Centre,2,0,1.1396364
955997,0,0,0,51238.62,10.844249,Upper secondary,43,-12,-112,Centre,4,1,3.1119435
956006,0,0,0,94115.92,11.452283,University,45,-10,100,Centre,4,1,0.69144243
956017,1,0,0,95594.72,11.467873,University,41,-14,-60,Centre,5,0,1.2221143
956041,1,1,1,240353.08,12.389864,University,49,-6,36,Centre,4,0,0.7066091
956056,0,0,0,74481.945,11.218312,University,43,-12,-112,Centre,6,0,1.355089
956081,0,0,0,51555.816,10.85042,Upper secondary,45,-10,100,Centre,2,0,0.9333682
956098,0,0,0,79993.78,11.289704,University,55,0,0,Centre,5,0,0.86949885
956118,0,0,0,56943.273,10.949811,Upper secondary,38,-17,33,Centre,3,1,1.6038024
956130,0,0,0,93000.0,11.440354,University,62,7,49,Centre,3,1,0.5018537
956141,0,0,0,42000.0,10.645425,Upper secondary,41,-14,-60,Centre,5,0,2.2448397
956147,0,0,0,64756.2,11.078384,University,44,-11,121,Centre,3,0,1.1198319
956207,1,0,1,20864.621,9.94581,University,35,-20,-112,Centre,2,1,0.92890114
956223,0,0,0,409913.6,12.923701,Upper secondary,57,2,4,Centre,4,0,0.3688603
956225,0,0,0,96184.61,11.474025,University,47,-8,64,Centre,3,1,1.3030889
956237,0,0,0,52104.703,10.861011,University,40,-15,-31,Centre,1,1,0.5414275
956247,0,0,0,78769.016,11.274275,University,38,-17,33,Centre,2,1,1.1561615
956254,1,1,1,97511.42,11.487725,University,58,3,9,Centre,4,0,0.47904155
956258,0,0,0,77518.055,11.258266,University,40,-15,-31,Centre,2,0,0.18176389
956262,0,0,0,81158.7,11.304162,University,64,9,81,Centre,3,1,0.8735291
956318,0,0,0,10662.509,9.274489,Primary or less,77,22,-28,Centre,1,1,0.5631183
956322,0,0,0,29628.223,10.296483,Primary or less,65,10,100,Centre,2,0,0.3926059
956326,0,0,0,35037.99,10.464189,Upper secondary,87,32,0,Centre,1,0,0.6171707
956353,0,0,0,57274.785,10.955616,University,40,-15,-31,Centre,4,1,1.7577027
956376,0,0,0,49065.438,10.80091,Upper secondary,37,-18,68,Centre,3,1,0.9803467
956445,0,0,0,27060.0,10.2058115,Primary or less,84,29,73,Centre,2,0,0.15350385
956454,0,0,0,118282.41,11.68083,University,59,4,16,South and Islands,4,0,0.12193411
956455,0,0,0,67635.984,11.121896,University,49,-6,36,South and Islands,2,1,0.07609273
956459,0,0,0,113818.13,11.642357,Upper secondary,59,4,16,South and Islands,5,0,0.18215606
956460,0,0,0,23393.137,10.060198,Primary or less,39,-16,0,South and Islands,7,0,0.8815792
956467,1,0,1,51059.004,10.840737,University,77,22,-28,South and Islands,2,0,0.036164578
956468,0,0,0,33956.9,10.432847,Lower secondary,73,18,68,South and Islands,2,0,0.028299049
956474,0,0,0,28206.271,10.247299,Upper secondary,72,17,33,South and Islands,4,0,0.34628054
956475,0,0,0,82231.36,11.317292,Upper secondary,48,-7,49,South and Islands,4,0,0.09105056
956507,0,0,0,71177.42,11.172931,Upper secondary,52,-3,9,South and Islands,3,0,0.11538398
956523,0,0,0,44519.363,10.703679,Upper secondary,42,-13,-87,South and Islands,4,0,5.0233607
956548,0,0,0,8500.784,9.047914,Lower secondary,55,0,0,South and Islands,1,1,1.7041796
956558,0,0,0,82552.266,11.321187,University,77,22,-28,South and Islands,2,0,0.016685838
956579,0,0,0,84233.195,11.341345,Upper secondary,62,7,49,South and Islands,2,1,0.1280795
956606,0,0,0,16802.508,9.729283,Upper secondary,55,0,0,South and Islands,3,0,0.551093
956619,0,0,0,54552.184,10.906913,University,49,-6,36,South and Islands,3,1,0.028119951
956645,0,0,0,17300.0,9.758462,Lower secondary,45,-10,100,South and Islands,3,1,1.8372179
956660,0,0,0,47761.953,10.773985,Upper secondary,38,-17,33,South and Islands,3,0,0.48380932
956665,0,0,0,51325.43,10.845942,University,42,-13,-87,South and Islands,2,0,0.07469688
956693,0,0,0,31609.23,10.361204,Upper secondary,44,-11,121,South and Islands,4,0,0.5725632
956781,0,0,0,42029.773,10.646133,University,59,4,16,South and Islands,1,0,0.038715
956783,0,0,0,34352.797,10.444439,University,51,-4,16,South and Islands,3,1,0.15992498
956797,1,1,1,84604.945,11.345748,Upper secondary,54,-1,1,South and Islands,3,0,0.058891144
956800,1,1,0,66390.38,11.103308,Upper secondary,59,4,16,South and Islands,4,0,0.08240124
956807,0,0,0,34614.227,10.45202,Upper secondary,40,-15,-31,South and Islands,3,0,0.50098294
956886,0,0,0,15311.8,9.636379,Primary or less,71,16,0,South and Islands,1,1,3.523351
956892,0,0,0,29214.953,10.282436,Upper secondary,43,-12,-112,South and Islands,3,0,1.0992302
956895,1,1,0,37733.4,10.5383005,Upper secondary,52,-3,9,South and Islands,3,1,0.14582849
956896,0,0,0,176002.66,12.078255,Upper secondary,64,9,81,South and Islands,4,0,0.03242262
956898,0,0,0,48502.824,10.789377,Upper secondary,65,10,100,South and Islands,2,0,0.037625067
956904,0,0,0,88105.016,11.386285,Upper secondary,49,-6,36,South and Islands,5,0,1.2062696
956905,0,0,0,32053.137,10.375151,Upper secondary,36,-19,105,South and Islands,3,1,1.3607193
956906,0,0,0,41004.703,10.621442,Upper secondary,62,7,49,South and Islands,2,0,0.048955698
956916,0,0,0,49025.086,10.800087,Lower secondary,53,-2,4,South and Islands,5,0,0.25371417
956918,0,0,0,54447.04,10.9049835,University,52,-3,9,South and Islands,3,1,0.11625028
956921,1,1,0,73336.914,11.20282,Upper secondary,41,-14,-60,South and Islands,3,0,0.11661504
956938,0,0,0,23422.578,10.061456,Upper secondary,40,-15,-31,South and Islands,4,1,0.669642
956974,0,0,0,176780.17,12.082663,Upper secondary,61,6,36,South and Islands,5,0,0.24337415
956975,0,0,0,49296.336,10.805605,Lower secondary,57,2,4,South and Islands,4,1,0.40236127
956990,0,0,0,21478.223,9.974794,University,87,32,0,South and Islands,1,1,0.019358937
957002,0,0,0,104799.79,11.559807,Upper secondary,58,3,9,South and Islands,4,0,0.13796294
957007,0,0,0,10803.139,9.287592,Lower secondary,64,9,81,South and Islands,1,1,0.1862347
957013,0,0,0,45244.82,10.719844,Upper secondary,52,-3,9,South and Islands,3,0,0.20795599
957020,0,0,0,39414.363,10.581885,University,47,-8,64,South and Islands,1,0,0.08423157
957033,0,0,0,72126.66,11.186179,University,39,-16,0,South and Islands,3,1,0.23210621
957046,0,0,0,49631.36,10.812378,Lower secondary,58,3,9,South and Islands,4,0,0.1352569
957048,1,0,0,52105.375,10.861023,University,47,-8,64,South and Islands,5,0,0.3361396
957051,0,0,0,34662.72,10.45342,University,42,-13,-87,South and Islands,2,1,0.77282506
957052,1,1,0,40068.36,10.598342,Upper secondary,56,1,1,South and Islands,3,0,0.07965008
957061,0,0,0,18603.137,9.831085,Lower secondary,46,-9,81,South and Islands,5,0,0.34785083
957093,0,0,0,40354.703,10.605463,Primary or less,68,13,-87,South and Islands,4,1,0.48534805
957097,0,0,0,8993.784,9.104289,Primary or less,73,18,68,South and Islands,1,1,3.9963448
957154,0,0,0,11242.9795,9.327499,Upper secondary,76,21,-71,South and Islands,1,0,0.033342782
957206,0,0,0,50473.785,10.829209,Upper secondary,32,-23,17,South and Islands,2,0,0.7529592
957217,0,0,0,27487.63,10.221492,Lower secondary,83,28,16,South and Islands,2,0,0.019266238
957225,0,0,0,7547.012,8.928907,University,61,6,36,South and Islands,1,0,0.021336604
957234,1,1,1,96306.62,11.475292,Upper secondary,62,7,49,South and Islands,3,0,0.052600387
957258,0,0,0,8400.627,9.036061,Primary or less,84,29,73,South and Islands,2,0,0.059301466
957262,0,0,0,14400.313,9.575006,Primary or less,85,30,-124,South and Islands,2,0,0.0581557
957284,0,0,0,7920.4585,8.977204,University,55,0,0,South and Islands,1,0,0.13496025
957303,0,0,0,35847.156,10.48702,Upper secondary,52,-3,9,South and Islands,4,0,0.65553063
957307,0,0,0,100735.76,11.520256,University,76,21,-71,South and Islands,2,0,0.10465167
957313,0,0,0,30618.256,10.329351,Upper secondary,68,13,-87,South and Islands,2,0,0.12730318
957315,0,0,0,60166.227,11.004867,Upper secondary,66,11,121,South and Islands,2,0,0.094151475
957333,0,0,0,43834.105,10.688168,Upper secondary,61,6,36,South and Islands,3,0,0.30513662
957344,0,0,0,433130.25,12.978794,Upper secondary,53,-2,4,South and Islands,5,0,0.10939605
957386,0,0,0,37710.44,10.537692,Upper secondary,36,-19,105,South and Islands,4,0,0.8045204
957492,0,0,0,31517.35,10.358294,Upper secondary,49,-6,36,South and Islands,4,0,0.5750442
957498,0,0,0,23827.213,10.078584,University,39,-16,0,South and Islands,1,1,0.9608132
957508,0,0,0,25609.408,10.150715,Upper secondary,78,23,17,South and Islands,2,0,0.09462433
957516,0,0,0,11356.446,9.337541,Upper secondary,68,13,-87,South and Islands,1,0,0.2887951
957556,0,0,0,47518.973,10.768885,Upper secondary,60,5,25,South and Islands,2,1,0.63796663
957559,0,0,0,80829.945,11.300103,Upper secondary,53,-2,4,South and Islands,5,0,0.44171086
957564,0,0,0,51711.105,10.853428,Upper secondary,43,-12,-112,South and Islands,2,0,0.07244571
957579,0,0,0,64972.707,11.081722,University,60,5,25,South and Islands,4,0,0.2266814
957589,0,0,0,22032.719,10.000284,University,82,27,-39,South and Islands,1,1,0.20367144
957610,0,0,0,36323.13,10.50021,Upper secondary,65,10,100,South and Islands,2,1,0.31547073
957616,0,0,0,16800.0,9.729135,Upper secondary,59,4,16,South and Islands,1,1,0.53921145
957652,0,0,0,13800.0,9.532424,Upper secondary,68,13,-87,South and Islands,1,0,0.12698008
957657,0,0,0,59836.062,10.999364,University,40,-15,-31,South and Islands,5,1,0.28125933
957661,0,0,0,65961.266,11.096823,University,50,-5,25,South and Islands,4,0,0.56656575
957664,1,1,0,128444.86,11.763255,University,74,19,105,South and Islands,2,1,0.016000971
957671,1,1,0,86959.26,11.373195,Upper secondary,65,10,100,South and Islands,3,0,0.032635942
957674,0,0,0,44515.273,10.703588,University,56,1,1,South and Islands,1,0,0.1619192
957677,1,1,0,56008.92,10.933267,University,55,0,0,South and Islands,2,0,0.13193268
957684,0,0,0,79454.055,11.282934,Upper secondary,64,9,81,South and Islands,3,0,0.028253831
957687,0,0,0,67940.12,11.126382,University,51,-4,16,South and Islands,2,1,0.097503014
957692,0,0,0,61878.855,11.032934,University,46,-9,81,South and Islands,4,0,0.35009742
957705,0,0,0,138962.31,11.841958,Upper secondary,41,-14,-60,South and Islands,4,0,0.35560587
957709,0,0,0,62100.3,11.036506,Lower secondary,56,1,1,South and Islands,5,0,0.08463792
957711,0,0,0,67426.27,11.11879,University,48,-7,49,South and Islands,5,1,0.20383821
957714,0,0,0,77612.26,11.25948,Upper secondary,53,-2,4,South and Islands,4,0,0.47231412
957729,0,0,0,44162.48,10.695631,Lower secondary,81,26,-92,South and Islands,4,0,0.1598716
957736,0,0,0,30000.0,10.308952,Lower secondary,59,4,16,South and Islands,5,0,0.25839972
957749,1,0,1,39171.36,10.575701,Upper secondary,66,11,121,North,2,0,0.10938124
957754,0,0,0,43044.285,10.669985,Lower secondary,74,19,105,North,2,0,0.63253194
957760,0,0,0,63690.617,11.061792,Upper secondary,47,-8,64,North,4,1,0.85871005
957764,0,0,0,19354.703,9.87069,Primary or less,85,30,-124,North,1,0,0.22012493
957771,1,1,0,67226.39,11.115821,University,58,3,9,North,4,0,0.5616185
957775,0,0,0,54873.51,10.9127865,Lower secondary,42,-13,-87,North,4,0,2.6117432
957778,1,1,0,215507.7,12.280752,University,46,-9,81,North,3,1,0.4632206
957780,0,0,0,32016.04,10.373992,Upper secondary,42,-13,-87,North,2,1,2.8636134
957788,0,0,0,109425.27,11.602997,Upper secondary,70,15,-31,North,2,0,0.35443032
957852,1,1,0,87019.41,11.373886,Upper secondary,63,8,64,North,4,0,0.41867033
957892,1,1,0,16268.53,9.696988,Upper secondary,34,-21,-71,North,1,0,3.2895274
957903,1,1,0,41173.15,10.625542,Upper secondary,28,-27,-39,North,1,0,1.9853508
957909,0,0,0,36113.883,10.494432,Lower secondary,85,30,-124,Centre,2,0,0.7334276
957983,1,1,0,86918.38,11.372725,University,45,-10,100,North,4,1,0.63574874
957987,1,1,1,45535.74,10.726253,Lower secondary,57,2,4,North,3,0,0.5108214
957988,1,1,0,67952.78,11.126569,Lower secondary,44,-11,121,North,4,0,0.74678105
957989,0,0,0,106550.414,11.576373,University,60,5,25,North,4,0,0.1559925
957999,0,0,0,35728.535,10.483705,Primary or less,71,16,0,North,2,1,0.9580003
958000,0,0,0,59595.34,10.995333,University,67,12,-112,North,4,0,2.8515017
958022,0,0,0,51725.816,10.853712,University,61,6,36,North,1,0,0.021725642
958051,0,0,0,37786.832,10.539716,Lower secondary,70,15,-31,North,2,0,0.2716153
958053,0,0,0,98002.82,11.492751,Upper secondary,54,-1,1,North,5,0,0.12242645
958055,0,0,0,29590.043,10.295194,Upper secondary,61,6,36,North,1,0,0.20527466
958056,0,0,0,43641.566,10.683765,Lower secondary,67,12,-112,North,3,0,0.36350167
958064,1,1,0,49721.85,10.814199,Upper secondary,34,-21,-71,North,1,0,0.75259334
958079,0,0,0,43672.28,10.684469,Lower secondary,51,-4,16,South and Islands,4,0,0.34376502
958081,0,0,0,28000.0,10.23996,Primary or less,51,-4,16,South and Islands,4,1,0.8314111
958083,0,0,0,32280.0,10.382203,Lower secondary,68,13,-87,South and Islands,3,1,0.108375646
958098,0,0,0,4200.0,8.34284,Upper secondary,62,7,49,South and Islands,3,0,0.6022887
958102,0,0,0,36674.31,10.509831,University,42,-13,-87,South and Islands,3,0,0.40215263
958112,0,0,0,6000.0,8.699514,Primary or less,70,15,-31,South and Islands,1,0,0.041467868
958114,0,0,0,10809.408,9.288172,Primary or less,71,16,0,South and Islands,2,0,0.16235393
958115,0,0,0,13202.509,9.488162,Upper secondary,50,-5,25,South and Islands,3,1,0.3007837
958116,0,0,0,48731.36,10.794078,Upper secondary,32,-23,17,South and Islands,3,0,0.2758789
958117,0,0,0,27821.951,10.233581,Upper secondary,29,-26,-92,South and Islands,1,0,0.90999275
959012,1,1,1,500708.06,13.123778,University,64,9,81,North,3,0,0.22355537
959022,0,0,0,40878.71,10.618364,Upper secondary,32,-23,17,North,3,0,8.216955
959058,0,0,0,50068.04,10.821138,Upper secondary,67,12,-112,North,2,0,0.2982269
959124,0,0,0,87068.72,11.374453,Upper secondary,49,-6,36,North,4,0,1.3478426
959131,1,1,0,34461.062,10.447585,Upper secondary,45,-10,100,North,2,1,0.22690766
959134,1,1,0,44676.97,10.707213,Upper secondary,66,11,121,North,2,0,0.103907615
959167,0,0,0,68796.77,11.138912,Upper secondary,40,-15,-31,North,3,1,1.4739388
959207,0,0,0,57319.703,10.9564,University,56,1,1,Centre,4,0,0.6061409
959254,0,0,0,29406.271,10.288963,Upper secondary,63,8,64,Centre,1,0,0.1640858
959264,0,0,0,74097.38,11.213136,University,65,10,100,Centre,2,0,0.018675903
959343,0,0,0,43215.043,10.673944,University,73,18,68,South and Islands,3,0,0.110089585
959373,0,0,0,26353.139,10.179342,Primary or less,81,26,-92,Centre,2,0,0.6734015
959381,0,0,0,102361.32,11.536264,University,45,-10,100,South and Islands,4,0,0.23279852
959392,0,0,0,38203.45,10.550681,Lower secondary,61,6,36,South and Islands,4,1,0.4471908
959399,1,1,0,91237.5,11.421222,University,67,12,-112,North,2,0,0.025041452
959428,0,0,0,27354.703,10.216643,Lower secondary,77,22,-28,North,3,0,1.2069777
959433,0,0,0,3615.6797,8.193035,Primary or less,87,32,0,South and Islands,1,1,0.39048976
960036,0,0,0,15006.623,9.616247,Upper secondary,36,-19,105,North,2,0,4.437671
960045,0,0,0,78800.0,11.274669,Upper secondary,35,-20,-112,North,3,1,0.18380073
960050,0,0,0,52811.695,10.874488,Lower secondary,64,9,81,North,3,0,0.70881635
960053,0,0,0,147513.48,11.901675,Upper secondary,62,7,49,North,2,0,0.049279284
960065,0,0,0,30345.398,10.3204,Upper secondary,63,8,64,North,2,1,0.60369617
960070,0,0,0,49651.668,10.812787,University,70,15,-31,North,2,1,0.052959234
960074,1,1,1,246483.98,12.415052,Upper secondary,68,13,-87,North,2,0,0.01203447
960085,1,1,1,110931.76,11.616671,University,77,22,-28,North,2,0,0.07818725
960092,0,0,0,208818.2,12.249219,University,64,9,81,North,2,0,0.026451183
960100,0,0,0,37120.383,10.521921,Upper secondary,58,3,9,North,1,1,1.8572433
960119,1,1,1,103200.75,11.544432,Upper secondary,65,10,100,North,2,1,0.17021714
960130,1,0,1,258822.9,12.4639,Upper secondary,62,7,49,North,2,0,0.062084988
960160,0,0,0,75597.625,11.23318,University,65,10,100,North,3,0,0.26224315
960182,0,0,0,51348.54,10.846392,University,59,4,16,North,1,1,0.40878183
960221,0,0,0,35594.08,10.479935,University,38,-17,33,North,1,1,2.481757
960223,1,1,0,55596.305,10.925872,University,30,-25,113,North,2,1,1.532138
960254,0,0,0,6974.478,8.850013,Upper secondary,32,-23,17,North,1,1,0.7663227
960258,0,0,0,45621.953,10.728145,Upper secondary,47,-8,64,North,3,1,1.5494009
960299,0,0,0,28701.867,10.264717,Lower secondary,77,22,-28,North,1,1,0.58058965
960303,0,0,0,64835.26,11.079605,University,33,-22,-28,North,3,0,1.133851
960304,0,0,0,60859.582,11.016325,University,34,-21,-71,North,4,0,0.4150214
960364,0,0,0,51962.543,10.858278,Upper secondary,82,27,-39,North,1,0,0.13668509
960382,1,1,0,20189.945,9.91294,Upper secondary,79,24,64,North,1,1,0.7130108
960385,1,1,0,80565.63,11.296827,University,74,19,105,North,2,0,0.036565393
960433,0,0,0,35560.57,10.478992,University,29,-26,-92,North,2,1,4.6212177
960434,0,0,0,53610.56,10.889502,Upper secondary,52,-3,9,North,3,1,0.525779
960453,0,0,0,32118.428,10.377185,University,50,-5,25,North,1,1,2.4508393
960481,0,0,0,81096.84,11.303399,University,51,-4,16,North,2,0,0.30312872
960496,0,0,0,50662.72,10.832946,University,33,-22,-28,North,2,1,1.2297736
960505,1,0,1,42033.234,10.646215,University,69,14,-60,North,1,1,0.1808481
960589,0,0,0,8580.0,9.057189,Upper secondary,63,8,64,Centre,1,0,0.2225869
960631,0,0,0,18009.408,9.79865,Primary or less,93,38,-92,Centre,1,1,0.8866749
960633,1,1,0,136266.12,11.822365,University,45,-10,100,Centre,4,0,0.6315722
960637,0,0,0,35150.023,10.467381,Upper secondary,62,7,49,Centre,3,1,0.74316126
960657,1,1,0,63870.492,11.064612,Upper secondary,45,-10,100,Centre,4,1,0.66012675
960682,0,0,0,88363.21,11.389211,University,52,-3,9,Centre,2,0,0.10229139
960726,0,0,0,33004.703,10.404406,Upper secondary,39,-16,0,Centre,1,1,3.1651883
960742,0,0,0,45107.67,10.716807,University,35,-20,-112,Centre,1,1,0.5514779
960747,0,0,0,99213.59,11.505031,University,36,-19,105,Centre,3,0,0.6948572
960774,0,0,0,147031.36,11.898401,University,72,17,33,Centre,4,0,0.27197167
960968,0,0,0,17000.0,9.740969,Lower secondary,55,0,0,South and Islands,3,0,0.11723942
961010,0,0,0,49971.477,10.819208,Upper secondary,75,20,-112,South and Islands,1,1,0.16819485
961021,0,0,0,33021.953,10.404928,Upper secondary,75,20,-112,South and Islands,1,0,0.4198023
961023,0,0,0,4200.0,8.34284,Upper secondary,64,9,81,South and Islands,1,0,0.8813852
961112,0,0,0,27315.344,10.215204,Upper secondary,74,19,105,South and Islands,2,0,0.053882886
961117,0,0,0,26194.703,10.173312,Lower secondary,81,26,-92,South and Islands,3,0,0.040826887
961150,0,0,0,52733.863,10.8730135,University,65,10,100,South and Islands,3,0,0.27655825
961181,0,0,0,42221.953,10.650696,Upper secondary,39,-16,0,South and Islands,3,1,7.653151
961186,0,0,0,122038.16,11.71209,Upper secondary,71,16,0,South and Islands,2,0,0.019236205
961210,1,1,1,44440.38,10.701904,Upper secondary,33,-22,-28,South and Islands,2,0,0.032282837
961213,1,1,1,57653.625,10.962209,University,34,-21,-71,South and Islands,3,0,0.38932696
961250,0,0,0,12858.015,9.461722,Primary or less,82,27,-39,South and Islands,1,1,0.29360917
961264,0,0,0,47024.3,10.75842,University,29,-26,-92,South and Islands,2,1,1.0235567
961272,0,0,0,33248.66,10.41177,Upper secondary,81,26,-92,South and Islands,2,0,0.15617092
961307,0,0,0,29115.701,10.279033,University,61,6,36,South and Islands,1,0,0.4277108
961325,1,1,1,342143.97,12.742987,University,38,-17,33,South and Islands,3,0,0.06268656
961337,1,1,0,49875.73,10.817289,University,39,-16,0,South and Islands,4,0,0.64314234
961356,0,0,0,41961.9,10.644517,Upper secondary,43,-12,-112,North,1,0,1.5962765
961463,0,0,0,20882.25,9.946655,Upper secondary,67,12,-112,South and Islands,2,0,0.67380667
961474,0,0,0,39968.223,10.59584,Upper secondary,28,-27,-39,South and Islands,3,0,1.0104717
961479,0,0,0,2400.0,7.783224,Primary or less,58,3,9,South and Islands,1,1,0.89920104
961489,0,0,0,16200.0,9.692766,Lower secondary,66,11,121,South and Islands,1,1,1.2363551
961490,0,0,0,37800.0,10.540065,Lower secondary,65,10,100,South and Islands,2,0,0.16030055
961525,0,0,0,8320.0,9.026418,Primary or less,69,14,-60,South and Islands,1,1,0.057344034
961538,0,0,0,80511.2,11.296152,University,68,13,-87,South and Islands,2,0,0.030218149
961540,0,0,0,27000.0,10.203592,Upper secondary,59,4,16,South and Islands,3,0,0.96358067
961589,0,0,0,66712.97,11.108154,Lower secondary,80,25,113,South and Islands,2,0,0.15731516
961597,1,1,0,66862.51,11.110394,University,79,24,64,South and Islands,2,0,0.0147299515
961600,0,0,0,169341.25,12.039671,University,76,21,-71,South and Islands,3,0,0.038201917
961601,0,0,0,57804.367,10.96482,Upper secondary,47,-8,64,South and Islands,3,0,0.4988999
961611,0,0,0,39705.457,10.589244,Lower secondary,50,-5,25,South and Islands,4,1,0.26141763
961613,0,0,0,78821.164,11.274937,University,44,-11,121,South and Islands,3,0,0.07121806
961640,1,1,0,96741.1,11.479794,University,46,-9,81,North,4,1,0.9457144
961673,1,1,1,186994.66,12.138835,Upper secondary,68,13,-87,North,2,0,0.1288421
961677,0,0,0,16569.408,9.715313,Lower secondary,76,21,-71,North,1,1,0.6052423
961682,0,0,0,12000.0,9.392662,Lower secondary,48,-7,49,South and Islands,3,1,0.51458484
961698,0,0,0,60289.05,11.006906,Upper secondary,73,18,68,South and Islands,3,0,0.23470208
963003,1,1,0,69309.55,11.1463375,Upper secondary,61,6,36,North,4,0,1.0798585
963653,1,1,1,75030.875,11.225655,University,57,2,4,North,1,1,2.0402737
964235,1,1,0,62267.195,11.03919,Upper secondary,80,25,113,North,2,0,0.14157338
964260,1,1,0,150765.3,11.92348,Upper secondary,85,30,-124,North,2,0,0.03068171
964285,0,0,0,49990.65,10.8195915,Lower secondary,58,3,9,North,2,0,0.2780679
964294,1,0,1,197208.47,12.192017,University,49,-6,36,North,4,0,0.22827533
964307,0,0,0,62068.344,11.035992,Lower secondary,72,17,33,North,2,0,0.75131
964308,0,0,0,17949.408,9.795313,Upper secondary,76,21,-71,North,2,0,1.1657392
964310,0,0,0,81212.89,11.30483,University,76,21,-71,North,2,0,0.046029676
964311,0,0,0,54025.438,10.89721,Upper secondary,69,14,-60,North,2,1,0.19392696
964314,0,0,0,32125.09,10.377393,Upper secondary,51,-4,16,North,5,1,1.1662241
964322,1,0,0,105617.91,11.567583,University,74,19,105,North,2,0,0.013418672
964345,0,0,0,118888.16,11.685939,University,81,26,-92,North,2,0,0.022088502
964539,0,0,0,33582.09,10.421748,Lower secondary,47,-8,64,North,4,0,1.110138
964548,1,1,0,32774.56,10.397408,Lower secondary,74,19,105,North,2,0,0.415798
964843,1,0,1,55304.31,10.920606,Upper secondary,63,8,64,North,2,0,0.72806025
964845,1,1,1,87156.58,11.375462,University,53,-2,4,North,2,0,1.4965874
965558,0,0,0,27021.195,10.204377,Upper secondary,71,16,0,Centre,1,1,0.5773164
965563,0,0,0,19504.885,9.87842,Upper secondary,77,22,-28,Centre,1,0,0.5944052
965599,1,1,0,83494.195,11.332533,University,71,16,0,Centre,2,0,0.06809558
967064,0,0,0,91053.51,11.419203,University,61,6,36,South and Islands,4,0,0.05658189
967093,0,0,0,79707.55,11.286119,University,81,26,-92,South and Islands,2,0,0.034044717
967096,0,0,0,53282.613,10.883366,Lower secondary,68,13,-87,South and Islands,4,0,0.047096886
967108,0,0,0,27484.703,10.221385,Primary or less,79,24,64,South and Islands,2,1,0.15257345
967117,0,0,0,24032.205,10.087151,Primary or less,44,-11,121,South and Islands,4,0,1.2376367
967196,0,0,0,46653.312,10.7505,Upper secondary,43,-12,-112,South and Islands,3,0,0.29221693
967218,0,0,0,32016.367,10.374002,Upper secondary,43,-12,-112,South and Islands,4,1,1.4850265
967224,0,0,0,35924.074,10.489163,Upper secondary,84,29,73,South and Islands,1,1,0.45328686
967286,0,0,0,49000.0,10.799576,Lower secondary,56,1,1,South and Islands,3,1,0.17288633
967295,0,0,0,54204.703,10.900523,Upper secondary,29,-26,-92,South and Islands,3,0,0.28984615
967316,0,0,0,38401.836,10.5558605,University,89,34,-124,South and Islands,1,1,0.12425732
967339,0,0,0,42052.848,10.646683,University,67,12,-112,South and Islands,2,1,0.015337982
967398,0,0,0,2240.0,7.714231,Lower secondary,53,-2,4,South and Islands,5,0,1.0322828
967413,0,0,0,38009.406,10.545589,University,42,-13,-87,South and Islands,3,0,0.85869706
967492,0,0,0,32204.611,10.379865,Upper secondary,33,-22,-28,South and Islands,4,1,0.58544517
967495,0,0,0,68604.8,11.136118,University,43,-12,-112,South and Islands,3,1,0.11173288
967560,0,0,0,39709.406,10.589343,Upper secondary,77,22,-28,South and Islands,2,0,0.32595655
967573,0,0,0,22400.0,10.016816,Upper secondary,47,-8,64,South and Islands,3,1,0.076956615
967629,0,0,0,86926.87,11.372823,University,49,-6,36,South and Islands,1,0,0.021473242
967647,0,0,0,36754.76,10.512023,University,52,-3,9,South and Islands,4,1,0.36188787
967648,0,0,0,59551.97,10.994605,University,64,9,81,South and Islands,2,0,0.098447524
967671,1,0,1,67960.33,11.126679,Upper secondary,64,9,81,South and Islands,4,0,0.1291617
967714,0,0,0,91970.39,11.429222,University,87,32,0,South and Islands,2,0,0.04565278
967719,0,0,0,52521.984,10.868987,Lower secondary,68,13,-87,South and Islands,2,0,0.049057066
967746,0,0,0,55107.035,10.917032,University,71,16,0,South and Islands,2,0,0.0492671
967757,0,0,0,43122.445,10.671799,University,76,21,-71,South and Islands,2,1,0.09894811
967761,0,0,0,41765.03,10.639814,Upper secondary,47,-8,64,South and Islands,3,0,0.62040955
967780,0,0,0,130186.78,11.776726,University,77,22,-28,South and Islands,2,0,0.054384824
967784,0,0,0,58888.4,10.983399,Upper secondary,66,11,121,South and Islands,2,0,0.17974538
968178,0,0,0,104075.79,11.552875,Upper secondary,58,3,9,South and Islands,4,1,0.049104724
968184,0,0,0,58105.055,10.970008,Lower secondary,36,-19,105,South and Islands,4,0,0.5157834
968213,0,0,0,11760.0,9.372459,Lower secondary,58,3,9,South and Islands,2,0,0.34564662
968245,0,0,0,21731.36,9.986511,Upper secondary,33,-22,-28,South and Islands,2,0,1.5674589
968251,0,0,0,75325.44,11.229573,University,74,19,105,South and Islands,2,0,0.23977458
968254,0,0,0,87940.0,11.38441,Upper secondary,61,6,36,South and Islands,2,0,0.03608445
968266,0,0,0,26625.088,10.18961,Upper secondary,63,8,64,South and Islands,4,0,0.43434054
968271,1,1,0,46404.33,10.745148,University,69,14,-60,South and Islands,2,0,0.06497267
968274,0,0,0,45990.195,10.736183,Primary or less,79,24,64,South and Islands,2,1,0.43068922
968287,0,0,0,53155.152,10.88097,Upper secondary,63,8,64,South and Islands,5,1,0.38842002
968288,0,0,0,79544.08,11.284066,Upper secondary,78,23,17,South and Islands,1,1,0.087188095
968291,0,0,0,30878.398,10.337812,Lower secondary,70,15,-31,South and Islands,2,0,0.15449356
968295,0,0,0,9606.028,9.170146,Upper secondary,40,-15,-31,South and Islands,1,1,0.5127016
968321,0,0,0,28600.627,10.261184,Upper secondary,60,5,25,South and Islands,2,0,0.07250037
968352,0,0,0,12200.0,9.409191,Lower secondary,74,19,105,South and Islands,1,0,0.095541246
968359,0,0,0,19925.502,9.8997555,Upper secondary,39,-16,0,South and Islands,4,1,1.9793441
968451,0,0,0,30210.84,10.315956,University,66,11,121,South and Islands,1,1,0.2157925
968560,0,0,0,31354.654,10.353118,University,38,-17,33,South and Islands,1,1,1.1565083
968678,0,0,0,15822.98,9.669219,Lower secondary,81,26,-92,South and Islands,1,1,0.14318626
968771,0,0,0,80201.65,11.292299,University,85,30,-124,South and Islands,2,0,0.10927941
968772,0,0,0,21650.0,9.98276,Upper secondary,55,0,0,South and Islands,7,0,0.38970995
968906,0,0,0,20455.08,9.925986,Primary or less,51,-4,16,South and Islands,3,0,0.99227047
968913,0,0,0,29224.496,10.282763,Upper secondary,50,-5,25,South and Islands,1,0,2.9540088
968914,0,0,0,42821.953,10.664806,Lower secondary,90,35,-55,South and Islands,2,0,0.44834778
968939,1,1,0,83859.33,11.336896,Upper secondary,55,0,0,South and Islands,3,0,0.04446851
968951,1,1,0,96546.4,11.477779,University,69,14,-60,South and Islands,1,0,0.025144862
969175,0,0,0,31910.066,10.370677,Upper secondary,67,12,-112,South and Islands,2,0,0.19872655
969410,0,0,0,22001.412,9.998862,Lower secondary,49,-6,36,South and Islands,5,1,0.37445003
970160,0,0,0,40731.27,10.614752,Upper secondary,51,-4,16,North,4,0,1.5914859
970185,0,0,0,50550.266,10.830724,Upper secondary,56,1,1,North,4,0,1.009728
970189,0,0,0,116912.77,11.669184,Lower secondary,66,11,121,North,2,0,0.79826444
970196,0,0,0,45340.598,10.721958,University,48,-7,49,North,4,0,1.1147311
970238,1,1,1,59344.656,10.9911175,Upper secondary,46,-9,81,North,5,0,0.91071486
970266,0,0,0,14250.0,9.564512,Lower secondary,40,-15,-31,North,2,1,0.8329208
970336,0,0,0,36428.06,10.503095,Upper secondary,36,-19,105,North,4,0,0.87331176
970357,0,0,0,40850.676,10.617679,Upper secondary,72,17,33,North,2,0,0.3511636
970630,1,0,1,157876.05,11.969565,University,50,-5,25,North,4,0,0.7104505
970716,0,0,0,58665.527,10.979608,Upper secondary,52,-3,9,North,4,0,1.6344737
970799,1,1,1,50155.168,10.822877,Upper secondary,57,2,4,North,2,0,1.7005368
970819,0,0,0,37619.684,10.535283,University,46,-9,81,North,2,1,1.8857752
970945,1,1,0,41751.367,10.639487,University,40,-15,-31,North,1,0,1.2577772
971010,0,0,0,82630.02,11.322128,University,57,2,4,North,3,1,2.3837805
971131,1,1,0,30221.965,10.316324,Upper secondary,45,-10,100,North,1,0,5.0040817
971152,0,0,0,40456.902,10.607992,Lower secondary,55,0,0,North,3,0,0.47824758
971161,0,0,0,52657.04,10.871555,Upper secondary,76,21,-71,North,3,0,0.048078015
971166,0,0,0,59904.703,11.00051,University,60,5,25,North,4,0,0.28774324
971253,0,0,0,19352.508,9.870577,Upper secondary,50,-5,25,Centre,2,0,0.9156422
971315,0,0,0,74609.41,11.220022,Upper secondary,65,10,100,Centre,3,0,1.2253063
971349,0,0,0,38701.926,10.563644,Upper secondary,78,23,17,Centre,2,1,0.67146385
971476,1,1,1,44829.363,10.710619,University,50,-5,25,Centre,2,0,0.39213282
971505,0,0,0,36287.184,10.49922,Lower secondary,35,-20,-112,Centre,4,0,3.2129297
971527,0,0,0,14940.453,9.611828,Primary or less,71,16,0,Centre,1,1,2.47336
971638,0,0,0,27632.37,10.226743,Upper secondary,41,-14,-60,Centre,4,0,0.8684948
971639,0,0,0,53119.13,10.880292,Lower secondary,48,-7,49,Centre,4,1,0.69706696
971646,0,0,0,30715.68,10.332528,Primary or less,80,25,113,Centre,2,1,0.37606445
971659,0,0,0,28811.238,10.268521,Upper secondary,41,-14,-60,Centre,4,0,1.6830461
971690,0,0,0,27306.271,10.214871,Lower secondary,84,29,73,Centre,2,0,0.2517163
971691,0,0,0,32827.406,10.399019,Primary or less,78,23,17,Centre,2,0,0.519395
972073,0,0,0,24010.977,10.0862665,Upper secondary,47,-8,64,Centre,1,0,0.74186814
972697,0,0,0,43409.406,10.6784315,Upper secondary,49,-6,36,South and Islands,4,0,0.22146791
972702,0,0,0,21162.17,9.95997,Upper secondary,78,23,17,South and Islands,1,1,0.7115996
972734,0,0,0,52005.215,10.859099,Upper secondary,38,-17,33,South and Islands,5,0,4.223954
972798,0,0,0,37836.848,10.5410385,Upper secondary,39,-16,0,South and Islands,3,1,1.1632686
972881,0,0,0,23388.4,10.059996,Lower secondary,62,7,49,South and Islands,3,0,0.0996486
972921,0,0,0,40353.66,10.605437,University,56,1,1,South and Islands,3,1,0.65900415
972923,0,0,0,286970.4,12.567135,Upper secondary,47,-8,64,South and Islands,5,0,0.046529554
973177,0,0,0,89468.88,11.401647,University,38,-17,33,South and Islands,4,1,0.28363818
973216,0,0,0,30200.0,10.315598,University,58,3,9,South and Islands,1,1,0.07269941
973304,0,0,0,50779.2,10.835242,Upper secondary,48,-7,49,North,5,1,0.6833366
973334,1,1,1,57444.766,10.958579,Upper secondary,64,9,81,North,3,0,0.527859
973338,0,0,0,16396.566,9.704827,Upper secondary,80,25,113,North,1,1,0.3783744
973354,1,0,0,69122.31,11.143633,University,39,-16,0,North,4,1,0.52043086
973389,1,1,0,19575.822,9.8820505,University,42,-13,-87,North,1,0,4.695442
974022,0,0,0,32890.684,10.400945,Primary or less,74,19,105,North,3,1,0.5881685
974024,0,0,0,35481.78,10.476774,Lower secondary,68,13,-87,North,2,0,0.5650059
974032,1,1,0,38955.574,10.570177,Upper secondary,51,-4,16,North,2,0,2.1598227
974035,0,0,0,46807.64,10.753801,Lower secondary,54,-1,1,North,3,0,1.7558
974045,0,0,0,29813.676,10.302723,Upper secondary,64,9,81,North,1,1,0.7275949
974058,0,0,0,36052.246,10.492724,Lower secondary,67,12,-112,North,2,0,0.56005144
974064,1,1,0,49677.105,10.813299,University,41,-14,-60,North,3,0,1.9252509
974073,0,0,0,18778.125,9.840448,Upper secondary,36,-19,105,North,1,1,2.6752849
974075,0,0,0,41025.18,10.621942,Upper secondary,44,-11,121,North,2,0,1.418013
974110,1,1,0,42580.957,10.6591625,Lower secondary,72,17,33,North,2,0,0.61229044
974114,0,0,0,41037.195,10.622234,Lower secondary,76,21,-71,North,2,0,0.6873961
974119,0,0,0,26825.088,10.197093,Lower secondary,70,15,-31,North,2,0,0.5663151
974126,1,1,0,65236.03,11.085767,Upper secondary,65,10,100,North,2,0,0.65316164
974134,0,0,0,51659.45,10.852428,Upper secondary,62,7,49,North,2,1,0.67569065
974139,0,0,0,38678.223,10.563032,Lower secondary,77,22,-28,North,2,0,0.75670344
974149,0,0,0,92847.22,11.43871,Upper secondary,74,19,105,North,2,0,0.52547246
974174,0,0,0,25373.07,10.141443,Upper secondary,48,-7,49,North,3,1,4.3639374
974181,0,0,0,42497.04,10.657189,Lower secondary,78,23,17,North,2,0,0.76676655
974221,0,0,0,26438.957,10.182594,Upper secondary,61,6,36,North,1,1,0.69354045
974234,0,0,0,26629.953,10.189792,University,47,-8,64,North,1,0,1.5418019
974235,0,0,0,19121.36,9.8585615,Upper secondary,56,1,1,North,1,1,1.3998839
974277,0,0,0,45156.797,10.717896,University,43,-12,-112,North,5,1,4.995374
974326,0,0,0,18031.36,9.799868,Lower secondary,49,-6,36,North,5,1,8.1928215
974446,1,1,0,41059.69,10.622782,Primary or less,71,16,0,North,2,0,0.960304
974465,1,0,1,56096.766,10.934834,University,48,-7,49,North,4,1,2.23282
974467,0,0,0,31167.06,10.347117,Lower secondary,72,17,33,North,1,1,1.2079251
974485,0,0,0,37645.0,10.535955,Upper secondary,34,-21,-71,North,1,0,6.6818175
974487,0,0,0,23716.656,10.073933,Upper secondary,32,-23,17,North,4,0,0.95353687
974497,0,0,0,28141.117,10.2449875,Upper secondary,73,18,68,North,1,0,0.25098485
974508,0,0,0,24075.262,10.08894,Lower secondary,74,19,105,North,2,0,0.34293243
974512,0,0,0,37522.125,10.532686,Lower secondary,82,27,-39,North,2,0,0.23279138
974514,0,0,0,6225.6797,8.736438,Primary or less,79,24,64,North,1,1,1.1428552
974517,0,0,0,70832.17,11.168069,University,73,18,68,North,2,0,0.046113033
974520,0,0,0,31733.24,10.36512,Primary or less,83,28,16,North,2,0,0.23914689
974521,0,0,0,52991.164,10.87788,Primary or less,79,24,64,North,2,0,0.22628506
974522,0,0,0,11700.0,9.367344,Primary or less,84,29,73,North,1,1,1.6981765
974523,0,0,0,42717.984,10.662375,Upper secondary,69,14,-60,North,1,0,0.264752
974525,0,0,0,45928.13,10.734833,Upper secondary,77,22,-28,North,2,0,0.2113952
974526,0,0,0,28591.117,10.260851,Lower secondary,76,21,-71,North,1,0,0.26891533
974527,0,0,0,12633.52,9.444109,Upper secondary,67,12,-112,North,1,0,2.433416
974588,1,0,1,28090.447,10.243185,Primary or less,81,26,-92,North,1,0,0.41038656
974590,0,0,0,51784.62,10.854849,Upper secondary,60,5,25,North,4,0,0.26378936
974607,0,0,0,31388.156,10.354186,Upper secondary,72,17,33,North,2,0,0.32573342
974616,1,1,0,26048.55,10.167717,Upper secondary,72,17,33,North,2,0,0.28241277
974622,0,0,0,43810.08,10.687619,Lower secondary,50,-5,25,North,5,0,1.3809313
974630,0,0,0,50291.17,10.825584,University,49,-6,36,North,3,0,0.5168529
974634,0,0,0,27412.719,10.218762,Upper secondary,69,14,-60,North,1,1,0.77622265
974647,0,0,0,54786.43,10.911198,Upper secondary,42,-13,-87,North,2,0,1.2470381
974674,0,0,0,40894.832,10.618759,Upper secondary,67,12,-112,North,2,0,0.39348093
974695,0,0,0,17651.568,9.77858,Primary or less,95,40,64,North,1,1,1.5984485
974861,0,0,0,42238.4,10.651085,Lower secondary,69,14,-60,Centre,2,1,0.383534
974883,0,0,0,102910.86,11.541618,Upper secondary,64,9,81,Centre,3,0,0.21091127
974913,0,0,0,61113.688,11.020492,Lower secondary,68,13,-87,Centre,2,0,0.25565743
975130,0,0,0,45004.703,10.714522,University,74,19,105,South and Islands,2,0,1.6948289
975139,0,0,0,22801.082,10.034563,Primary or less,83,28,16,South and Islands,1,1,2.30004
975146,0,0,0,40302.05,10.604157,Upper secondary,67,12,-112,South and Islands,2,0,1.2430013
975158,0,0,0,19800.627,9.893469,Upper secondary,44,-11,121,South and Islands,2,0,7.993344
975173,0,0,0,20000.941,9.903535,Upper secondary,38,-17,33,South and Islands,3,0,6.391243
975371,1,0,1,27836.941,10.234119,Upper secondary,68,13,-87,South and Islands,3,0,0.038893882
975408,1,1,0,28550.314,10.259423,Lower secondary,67,12,-112,North,2,0,1.4657274
975476,0,0,0,15890.273,9.673463,Upper secondary,45,-10,100,South and Islands,2,0,0.5410473
975482,0,0,0,44711.914,10.707995,Upper secondary,65,10,100,Centre,2,1,2.8687513
980015,0,0,0,32127.525,10.377468,Lower secondary,79,24,64,North,2,0,0.07024059
980045,1,1,0,71092.86,11.171742,University,40,-15,-31,North,4,1,1.1316342
980068,0,0,0,40787.844,10.616139,Upper secondary,62,7,49,North,2,0,0.9887794
980070,0,0,0,23988.871,10.085345,Upper secondary,69,14,-60,North,2,0,0.59818363
980080,0,0,0,40043.188,10.597713,University,51,-4,16,North,4,0,1.4192874
980089,1,1,0,61850.0,11.032468,University,38,-17,33,North,3,0,0.6725433
980139,0,0,0,31822.418,10.367927,Upper secondary,50,-5,25,North,2,1,1.0629872
980169,0,0,0,38001.74,10.545387,Lower secondary,50,-5,25,North,1,0,1.2047743
980171,0,0,0,57780.5,10.964407,Lower secondary,65,10,100,North,3,0,1.7639079
980184,0,0,0,96779.17,11.480187,Upper secondary,60,5,25,North,5,0,0.13641752
980195,0,0,0,24122.5,10.0909,Lower secondary,74,19,105,North,2,1,2.5278378
980225,0,0,0,28945.645,10.273175,Lower secondary,46,-9,81,North,5,0,2.2517111
980250,1,0,1,424322.38,12.958249,University,60,5,25,North,2,0,0.22374018
980278,0,0,0,19015.68,9.853019,Upper secondary,58,3,9,North,1,0,1.5781384
980289,0,0,0,86613.95,11.369216,Upper secondary,30,-25,113,North,2,1,3.9546912
980299,1,1,1,152357.86,11.933988,University,46,-9,81,North,1,0,1.0517986
980305,0,0,0,25016.332,10.127284,Upper secondary,56,1,1,North,1,1,1.6485981
980319,0,0,0,17687.84,9.780633,Primary or less,75,20,-112,North,2,1,0.62380075
980331,0,0,0,17401.135,9.764291,Upper secondary,95,40,64,North,2,0,0.88210946
980333,0,0,0,67093.125,11.113837,Upper secondary,29,-26,-92,North,4,0,0.12191232
980339,0,0,0,47010.977,10.758137,Lower secondary,51,-4,16,North,3,0,1.9832715
980342,1,1,0,42477.715,10.656734,Upper secondary,61,6,36,North,2,0,0.87652725
980346,0,0,0,14305.846,9.568423,Upper secondary,65,10,100,North,1,0,0.58682424
980417,0,0,0,27018.816,10.2042885,Upper secondary,58,3,9,North,2,0,0.9696278
980448,0,0,0,27112.69,10.207757,Lower secondary,48,-7,49,North,4,1,2.6406968
980455,0,0,0,21033.434,9.953869,University,41,-14,-60,North,4,1,2.6741753
980462,0,0,0,52358.72,10.865873,Lower secondary,62,7,49,North,3,1,5.245521
980473,0,0,0,59938.03,11.001066,Upper secondary,53,-2,4,North,2,1,8.066762
980477,0,0,0,54222.59,10.900853,University,53,-2,4,North,4,1,7.7895517
980491,1,1,0,28008.201,10.2402525,Upper secondary,62,7,49,North,1,0,7.741087
980493,1,0,1,50408.92,10.827924,Lower secondary,49,-6,36,North,2,1,3.351155
980497,0,0,0,22137.354,10.005022,Primary or less,81,26,-92,North,2,0,0.42540905
980506,0,0,0,50907.277,10.837761,University,73,18,68,North,2,0,0.4275145
980508,0,0,0,50608.836,10.8318815,Upper secondary,72,17,33,North,1,1,0.17546235
980534,0,0,0,37017.598,10.519149,Upper secondary,55,0,0,North,1,0,0.64096886
980544,0,0,0,46893.19,10.755628,Upper secondary,43,-12,-112,North,3,0,0.2638881
980575,0,0,0,9100.627,9.116098,Primary or less,85,30,-124,North,1,0,0.54959357
980609,1,0,1,81402.21,11.3071575,University,65,10,100,North,2,1,0.1685941
980636,1,0,0,51988.63,10.85878,Upper secondary,78,23,17,North,2,0,0.7521755
980664,1,1,1,76311.48,11.2425785,Upper secondary,58,3,9,North,2,0,0.09394773
980672,1,1,0,115233.98,11.65472,University,78,23,17,North,2,0,0.1277777
980682,0,0,0,24901.568,10.122686,Lower secondary,83,28,16,North,2,1,0.582111
980696,0,0,0,34515.656,10.449168,Upper secondary,87,32,0,North,1,0,0.934358
980806,1,1,1,139935.52,11.848937,University,72,17,33,North,2,0,0.45429078
980829,0,0,0,31100.0,10.344963,Upper secondary,73,18,68,North,2,0,0.8020136
980840,1,1,0,32271.166,10.381929,Lower secondary,76,21,-71,North,1,0,0.95577985
980879,0,0,0,24794.986,10.118397,Upper secondary,68,13,-87,North,2,0,0.60900533
980886,0,0,0,34930.887,10.461126,Lower secondary,72,17,33,North,2,0,0.8071704
980902,1,1,1,58193.54,10.97153,University,77,22,-28,North,2,0,0.5039114
980956,1,1,0,56985.676,10.950555,Upper secondary,65,10,100,North,3,0,0.0827395
980968,0,0,0,93338.72,11.443991,University,56,1,1,North,5,1,0.96315616
980972,1,1,0,114515.31,11.648464,University,52,-3,9,North,4,0,0.62660277
980976,0,0,0,140552.47,11.853336,University,52,-3,9,North,4,1,0.89038765
980977,1,1,0,72647.3,11.193372,University,67,12,-112,North,3,0,0.7639681
980985,0,0,0,26453.938,10.183161,Upper secondary,56,1,1,North,2,1,0.8684262
980996,0,0,0,60228.27,11.0058975,University,62,7,49,North,3,1,0.7544608
980998,1,1,0,68028.79,11.1276865,University,53,-2,4,North,2,1,1.324739
981033,0,0,0,25586.271,10.149811,Upper secondary,63,8,64,North,1,0,0.2875344
981035,0,0,0,46137.05,10.739371,Lower secondary,54,-1,1,North,4,0,1.4709089
981036,0,0,0,55795.05,10.9294405,University,62,7,49,North,2,0,0.7459914
981046,0,0,0,18811.545,9.842226,Upper secondary,39,-16,0,North,2,0,1.54177
981068,0,0,0,53200.863,10.88183,University,57,2,4,North,2,1,0.58722144
981070,1,1,1,155165.17,11.952246,University,55,0,0,North,2,0,0.4878904
981071,0,0,0,19620.627,9.884336,Primary or less,86,31,-63,North,1,1,0.5736736
981075,1,1,1,158803.95,11.975426,University,60,5,25,North,2,1,0.09870746
981087,1,1,1,144104.64,11.878295,University,52,-3,9,North,4,0,0.7945081
981093,0,0,0,51301.457,10.845474,University,65,10,100,North,2,0,0.67583495
981117,1,1,0,309427.75,12.64248,University,51,-4,16,North,4,0,0.060666237
981126,1,0,1,54412.594,10.904351,Upper secondary,50,-5,25,North,3,0,1.382853
981130,0,0,0,41155.703,10.625118,Lower secondary,65,10,100,North,1,0,0.19923516
981146,1,1,0,223685.77,12.317998,University,53,-2,4,North,4,0,0.06845463
981163,0,0,0,47642.805,10.771487,University,51,-4,16,North,1,1,0.47155434
981180,0,0,0,30192.545,10.315351,Upper secondary,55,0,0,North,3,1,1.1043193
981226,0,0,0,12108.195,9.401638,Lower secondary,55,0,0,North,1,1,1.1486503
981235,0,0,0,18282.736,9.813712,Upper secondary,63,8,64,North,1,1,0.5291579
981252,0,0,0,26289.277,10.176916,University,41,-14,-60,North,1,0,2.1888456
981279,0,0,0,56728.273,10.946028,Upper secondary,52,-3,9,North,3,1,1.395725
981294,0,0,0,29051.264,10.276817,Upper secondary,61,6,36,North,2,1,0.8497542
981308,0,0,0,18407.84,9.820532,Upper secondary,32,-23,17,North,1,0,3.30818
981361,1,1,0,227369.94,12.334333,University,40,-15,-31,North,4,0,0.7204953
981412,0,0,0,32437.744,10.387078,University,47,-8,64,North,1,0,0.6749416
981421,0,0,0,15716.029,9.6624365,University,57,2,4,North,1,0,0.71108323
981503,0,0,0,21471.682,9.97449,Upper secondary,35,-20,-112,North,1,1,2.5039341
981514,1,0,1,70594.47,11.164707,University,37,-18,68,North,4,0,1.3497112
981590,1,1,0,33056.316,10.405968,University,36,-19,105,North,1,0,2.2308593
981598,0,0,0,27260.543,10.213196,Upper secondary,35,-20,-112,North,3,0,2.2635813
981605,1,0,0,90765.89,11.4160385,University,37,-18,68,North,1,0,2.460161
981613,1,0,1,17865.998,9.790655,University,28,-27,-39,North,1,1,2.4584918
981625,0,0,0,83717.11,11.335198,University,58,3,9,North,4,0,0.688806
981640,1,1,0,69978.54,11.155944,Upper secondary,44,-11,121,North,4,0,0.5056435
981736,0,0,0,70323.51,11.160861,Upper secondary,70,15,-31,North,2,0,0.728739
981753,0,0,0,65044.324,11.082825,Lower secondary,71,16,0,North,2,1,0.63714296
981759,1,1,1,75527.67,11.232254,University,74,19,105,North,2,0,0.18888451
981784,0,0,0,51400.184,10.847397,Lower secondary,56,1,1,North,4,1,1.5190057
981801,1,0,1,49809.363,10.815958,Upper secondary,75,20,-112,North,2,0,0.20163843
981813,1,1,0,62183.113,11.037839,University,71,16,0,North,2,0,0.16313893
981825,0,0,0,24860.0,10.121016,Lower secondary,36,-19,105,North,6,1,1.1530838
981855,1,1,0,65376.33,11.087915,University,64,9,81,North,2,0,0.23119676
981919,0,0,0,17203.137,9.752847,Upper secondary,22,-33,65,North,1,1,2.4738986
981943,0,0,0,30240.781,10.316947,Upper secondary,45,-10,100,North,1,0,1.8530102
981954,0,0,0,12300.94,9.417431,Upper secondary,35,-20,-112,North,5,0,1.5840212
982004,1,1,1,114529.32,11.648586,University,44,-11,121,North,4,0,0.7380559
982018,0,0,0,72314.66,11.188782,University,31,-24,64,North,3,0,1.8587992
982043,0,0,0,60793.023,11.01523,Upper secondary,43,-12,-112,North,5,1,0.60718805
982050,0,0,0,37790.64,10.539817,University,70,15,-31,North,1,1,0.67707604
982063,0,0,0,49756.438,10.814896,Upper secondary,72,17,33,North,4,0,0.990771
982065,1,1,1,42568.83,10.658877,Upper secondary,63,8,64,North,2,0,0.704272
982068,1,1,1,28176.783,10.246254,Upper secondary,63,8,64,North,2,0,0.5682809
982095,0,0,0,43171.168,10.672928,Lower secondary,73,18,68,North,2,0,0.69668317
982098,0,0,0,22815.518,10.035196,Lower secondary,28,-27,-39,North,2,1,2.0309243
982101,1,1,0,74807.414,11.222672,Upper secondary,49,-6,36,North,5,1,0.43440926
982114,0,0,0,27761.871,10.231419,Lower secondary,68,13,-87,North,2,0,0.49206042
982130,1,1,1,39790.773,10.591391,Upper secondary,39,-16,0,North,1,0,1.4630973
982138,0,0,0,48983.574,10.79924,Lower secondary,64,9,81,North,3,0,0.6090189
982140,0,0,0,48907.84,10.797693,Upper secondary,58,3,9,North,3,0,0.626145
982142,0,0,0,35092.19,10.465734,Lower secondary,64,9,81,North,2,0,0.4113237
982144,1,1,0,63881.477,11.064785,Upper secondary,59,4,16,North,3,0,0.77862066
982155,0,0,0,17500.0,9.769957,Lower secondary,48,-7,49,North,3,1,0.8338211
982163,0,0,0,117882.9,11.677447,Upper secondary,52,-3,9,North,4,0,1.701094
982174,1,0,1,44745.43,10.708745,University,52,-3,9,North,1,0,0.9000813
982175,0,0,0,26000.0,10.165852,Upper secondary,31,-24,64,North,1,0,2.5717058
982188,0,0,0,30424.496,10.323004,Primary or less,91,36,16,North,1,1,0.79971886
982191,0,0,0,18041.775,9.800446,Lower secondary,74,19,105,North,1,1,0.85986644
982193,0,0,0,9803.241,9.190469,Primary or less,83,28,16,North,1,1,0.8694212
982218,1,1,0,101663.336,11.529422,Lower secondary,70,15,-31,North,4,0,0.23589171
982228,0,0,0,40623.777,10.612109,Primary or less,78,23,17,North,2,0,0.29762724
982230,0,0,0,16916.787,9.736062,Primary or less,76,21,-71,North,1,0,0.81148356
982300,1,1,0,50074.98,10.821277,University,35,-20,-112,North,3,0,1.0701221
982320,0,0,0,34417.105,10.446309,Upper secondary,48,-7,49,North,3,1,1.083302
982336,1,1,1,55530.156,10.924682,University,42,-13,-87,North,1,0,1.8209668
982343,0,0,0,21504.703,9.976027,Primary or less,81,26,-92,North,1,1,1.2483215
982354,1,1,1,22487.488,10.020715,Upper secondary,64,9,81,North,1,1,1.2072883
982357,1,1,1,48365.887,10.7865505,Lower secondary,61,6,36,North,2,0,1.0322123
982378,1,1,0,65759.3,11.093757,University,45,-10,100,North,2,0,1.2682784
982386,0,0,0,29907.84,10.305876,Upper secondary,69,14,-60,North,2,0,0.96318203
982417,0,0,0,112524.69,11.630928,Primary or less,70,15,-31,North,7,0,0.2924271
982421,1,1,0,52150.83,10.861896,Lower secondary,65,10,100,North,2,0,0.80971444
982455,1,1,0,88418.766,11.389839,University,51,-4,16,North,4,0,1.1503036
982494,0,0,0,45604.145,10.727754,Lower secondary,63,8,64,North,2,0,0.24079272
982505,1,1,0,57860.504,10.965791,Upper secondary,64,9,81,North,2,0,0.96677256
982517,0,0,0,59904.426,11.000505,Lower secondary,58,3,9,North,3,1,1.5133315
982548,0,0,0,40012.043,10.596936,Lower secondary,67,12,-112,North,1,1,0.5750676
982556,0,0,0,36020.227,10.491836,Lower secondary,62,7,49,North,1,0,0.26898137
982568,0,0,0,57841.117,10.965455,Lower secondary,75,20,-112,North,2,0,1.0499643
982569,0,0,0,36022.93,10.491911,Upper secondary,50,-5,25,North,3,0,2.1684856
982594,0,0,0,8450.0,9.041922,Primary or less,80,25,113,North,1,1,7.894728
982629,0,0,0,14437.44,9.57758,Upper secondary,80,25,113,North,1,0,1.1345323
982634,0,0,0,55881.09,10.930982,Upper secondary,76,21,-71,North,3,0,1.229847
982635,0,0,0,31455.162,10.356318,Lower secondary,72,17,33,North,2,0,1.1120226
982646,0,0,0,11614.612,9.36002,Primary or less,97,42,-28,North,1,1,1.3673245
982659,0,0,0,35432.73,10.475391,Lower secondary,63,8,64,North,2,0,2.0268204
982660,0,0,0,50337.105,10.826498,Lower secondary,74,19,105,North,2,0,0.96721584
982665,0,0,0,16084.078,9.685585,Lower secondary,70,15,-31,North,3,0,1.3367814
982673,0,0,0,25093.498,10.130364,Upper secondary,77,22,-28,North,1,0,1.2467626
982675,0,0,0,20800.475,9.942731,University,66,11,121,North,2,0,0.8742407
982699,0,0,0,21871.07,9.99292,Lower secondary,47,-8,64,North,4,0,1.8751879
982730,0,0,0,75201.88,11.227932,Lower secondary,49,-6,36,North,3,0,3.1348135
982749,0,0,0,13654.391,9.521816,Primary or less,78,23,17,North,1,1,0.6797945
982765,1,0,1,37462.09,10.531085,Primary or less,76,21,-71,North,2,0,0.51852226
982771,0,0,0,17903.764,9.792767,Primary or less,74,19,105,North,2,0,0.5529549
982793,0,0,0,44444.12,10.701988,Lower secondary,61,6,36,North,3,0,0.2645802
982799,0,0,0,38257.68,10.552099,Upper secondary,63,8,64,North,2,0,0.16962808
982804,0,0,0,81162.9,11.304214,Upper secondary,57,2,4,North,5,0,0.22644073
982830,0,0,0,111957.734,11.625876,Upper secondary,49,-6,36,North,4,0,0.19961035
982887,0,0,0,31715.68,10.364567,Lower secondary,73,18,68,North,3,1,7.5561895
982898,0,0,0,65422.72,11.088625,University,72,17,33,North,2,1,4.266061
982900,0,0,0,15785.054,9.666819,Lower secondary,51,-4,16,North,1,0,7.894728
982901,0,0,0,37381.887,10.528941,University,75,20,-112,North,1,1,5.578383
982918,1,1,0,94231.9,11.453514,Upper secondary,53,-2,4,North,2,1,0.15297271
982920,0,0,0,45610.977,10.727903,Upper secondary,60,5,25,North,2,1,1.0500749
982924,1,1,0,57873.06,10.966007,Lower secondary,60,5,25,North,2,1,0.65715533
982929,0,0,0,42744.844,10.663004,Lower secondary,49,-6,36,North,4,1,0.8586095
982931,0,0,0,22514.662,10.021922,Lower secondary,71,16,0,North,2,1,0.9727263
982944,0,0,0,42135.484,10.648645,Lower secondary,47,-8,64,North,4,1,1.8387369
982946,0,0,0,26615.518,10.18925,Lower secondary,60,5,25,North,2,1,1.7580378
982988,0,0,0,42632.668,10.660377,Upper secondary,44,-11,121,North,3,0,8.162504
982993,1,1,1,274646.75,12.523241,Upper secondary,78,23,17,North,1,1,2.7383435
982999,0,0,0,31646.105,10.3623705,Lower secondary,72,17,33,North,2,1,7.6924577
983014,0,0,0,45509.406,10.725675,University,58,3,9,North,2,1,0.6358824
983016,0,0,0,16005.68,9.680699,Primary or less,73,18,68,North,1,1,1.4358886
983021,0,0,0,42287.84,10.652255,Lower secondary,82,27,-39,North,2,1,1.549381
983022,0,0,0,50652.598,10.832746,Upper secondary,68,13,-87,North,2,0,0.25610945
983023,0,0,0,14560.0,9.586033,Lower secondary,70,15,-31,North,1,1,1.447285
983029,0,0,0,26353.31,10.179349,Lower secondary,65,10,100,North,2,0,1.1753485
983033,1,1,0,86654.09,11.369679,University,73,18,68,North,2,0,0.19600074
983034,0,0,0,14134.0,9.556338,Primary or less,83,28,16,North,1,1,1.4939584
983053,0,0,0,15300.0,9.635608,Lower secondary,68,13,-87,North,1,1,1.4729797
983057,0,0,0,267295.84,12.496111,University,56,1,1,North,4,0,0.3848385
983059,0,0,0,64332.105,11.071815,Upper secondary,37,-18,68,North,4,1,2.5471914
983085,0,0,0,34823.52,10.458048,Lower secondary,59,4,16,North,3,0,8.183449
983108,0,0,0,40323.45,10.604689,Primary or less,78,23,17,North,3,0,7.7852974
983117,0,0,0,19138.107,9.859437,Primary or less,92,37,89,North,1,1,7.8104424
983302,1,1,1,29368.754,10.287686,Upper secondary,86,31,-63,North,1,1,1.8229549
983325,1,1,0,173432.95,12.063546,Upper secondary,60,5,25,North,1,0,0.07533302
983400,0,0,0,19307.84,9.868266,Lower secondary,64,9,81,North,1,0,0.20845307
983408,0,0,0,41656.188,10.637205,University,75,20,-112,North,1,0,0.12520725
983414,0,0,0,13474.768,9.5085745,Primary or less,82,27,-39,North,1,1,0.6836332
983483,0,0,0,54012.125,10.896964,University,32,-23,17,North,3,0,1.2718014
983489,0,0,0,22525.672,10.022411,Upper secondary,35,-20,-112,North,5,0,0.9179692
983500,1,1,0,23467.85,10.063387,University,68,13,-87,North,1,1,5.3966527
983504,0,0,0,125864.29,11.74296,University,74,19,105,North,2,0,5.7016335
983511,1,1,0,62966.723,11.050362,Upper secondary,63,8,64,North,3,0,7.6301093
983539,0,0,0,75062.72,11.226079,University,47,-8,64,North,3,1,8.160639
983550,0,0,0,35829.902,10.486538,Upper secondary,79,24,64,North,2,0,0.8314229
983596,0,0,0,12000.627,9.3927145,Lower secondary,55,0,0,North,1,1,0.63712525
983597,1,0,1,64307.668,11.071434,University,42,-13,-87,North,5,0,1.1609547
983605,0,0,0,26003.137,10.165973,University,36,-19,105,North,3,0,2.1499188
983608,1,0,1,54637.258,10.908471,Upper secondary,50,-5,25,North,4,0,1.0088701
983611,0,0,0,96183.59,11.474014,Upper secondary,34,-21,-71,North,3,1,0.5109716
983616,0,0,0,22050.0,10.001068,Lower secondary,47,-8,64,North,3,1,1.3890202
983635,0,0,0,22006.543,9.999095,Lower secondary,76,21,-71,North,2,0,0.9120297
983643,0,0,0,104890.72,11.560675,University,74,19,105,North,1,0,0.11481981
983660,0,0,0,43809.406,10.687604,Lower secondary,58,3,9,North,2,0,1.2510601
983675,0,0,0,43833.88,10.688162,Upper secondary,70,15,-31,North,2,1,1.112552
983742,0,0,0,61678.816,11.0296955,Primary or less,83,28,16,North,4,1,0.41966486
983828,0,0,0,46203.137,10.740803,Lower secondary,68,13,-87,North,3,0,1.446063
983847,0,0,0,25356.102,10.140775,Lower secondary,68,13,-87,North,2,1,1.1642976
983860,0,0,0,59451.207,10.992911,University,65,10,100,North,2,1,0.19051784
983883,0,0,0,57881.547,10.966154,Upper secondary,75,20,-112,North,1,0,1.3231736
983885,0,0,0,117365.414,11.673048,Primary or less,78,23,17,North,3,0,0.4006504
983896,1,1,0,311937.56,12.650558,Upper secondary,71,16,0,North,2,0,0.07235546
983910,0,0,0,135037.08,11.813305,University,80,25,113,North,2,0,0.18573648
983916,1,1,0,155249.92,11.952791,University,67,12,-112,North,2,0,0.081551656
983926,0,0,0,25904.771,10.162183,Upper secondary,78,23,17,North,1,0,1.3673407
983930,0,0,0,69013.125,11.142052,Upper secondary,61,6,36,North,4,1,1.4656302
983933,0,0,0,17799.414,9.786921,Lower secondary,77,22,-28,North,1,0,1.419609
983940,0,0,0,7800.0,8.961879,Primary or less,77,22,-28,North,2,1,0.9509578
983976,1,0,0,103443.805,11.546783,University,77,22,-28,North,2,1,0.65903
984010,0,0,0,46480.92,10.746798,Lower secondary,71,16,0,North,2,0,1.1270016
984014,0,0,0,161167.97,11.990202,University,75,20,-112,North,2,0,0.04624048
984026,1,1,0,39632.95,10.587416,Upper secondary,68,13,-87,North,2,0,1.1300942
984030,0,0,0,87787.24,11.382671,Upper secondary,68,13,-87,North,2,0,0.20867984
984067,1,0,1,94524.11,11.456611,Upper secondary,53,-2,4,North,2,1,1.081684
984092,0,0,0,73915.57,11.210679,University,55,0,0,North,4,0,1.3692676
984122,1,1,1,161913.12,11.994815,University,56,1,1,North,3,0,0.81972164
984127,0,0,0,73589.83,11.206263,Upper secondary,58,3,9,North,4,0,1.2578008
984141,1,1,1,102732.195,11.539881,Upper secondary,55,0,0,North,3,0,0.10828187
984153,0,0,0,48946.66,10.798487,Upper secondary,43,-12,-112,North,5,1,2.1465802
984154,0,0,0,71335.55,11.17515,University,52,-3,9,North,5,0,0.06171759
984171,0,0,0,85119.98,11.351817,University,66,11,121,North,3,0,1.2235584
984179,0,0,0,59491.97,10.993597,University,56,1,1,North,3,1,0.42913416
984197,0,0,0,52654.176,10.871501,Lower secondary,65,10,100,North,2,0,0.59430546
984208,0,0,0,34004.367,10.434244,Upper secondary,38,-17,33,North,4,0,0.68112445
984224,0,0,0,53821.953,10.893436,Upper secondary,58,3,9,North,6,1,0.6658983
984243,0,0,0,45029.406,10.715071,Lower secondary,51,-4,16,North,5,1,3.0737517
984250,0,0,0,57908.68,10.966622,Lower secondary,59,4,16,North,4,1,0.11920586
984276,1,0,1,107774.49,11.587796,University,73,18,68,North,2,0,0.14469077
984344,0,0,0,56693.668,10.945417,University,42,-13,-87,North,5,0,2.217195
984365,0,0,0,26589.486,10.1882715,Upper secondary,46,-9,81,North,2,0,1.167167
984375,0,0,0,75853.07,11.236553,Upper secondary,59,4,16,North,2,1,1.1570867
984391,0,0,0,15250.175,9.632346,Upper secondary,36,-19,105,North,1,0,4.332655
984401,0,0,0,19002.508,9.852326,Lower secondary,38,-17,33,North,1,1,2.3877194
984432,0,0,0,25915.68,10.162603,Lower secondary,37,-18,68,North,3,0,3.2113142
984442,0,0,0,56511.94,10.942207,University,47,-8,64,North,4,0,1.263986
984452,0,0,0,30377.63,10.321462,University,71,16,0,North,1,1,1.016248
984524,0,0,0,23403.469,10.060639,Lower secondary,77,22,-28,North,1,0,1.388031
984528,0,0,0,9000.006,9.10498,Upper secondary,40,-15,-31,North,1,1,2.6602457
984582,0,0,0,28005.32,10.2401495,Upper secondary,30,-25,113,North,2,1,2.6869695
984653,1,1,1,167820.03,12.030647,Upper secondary,55,0,0,North,3,0,0.4262327
984658,0,0,0,55031.414,10.91566,Lower secondary,68,13,-87,North,2,1,1.1970317
984664,0,0,0,34050.523,10.4356,Upper secondary,64,9,81,North,2,1,0.58138436
984672,1,0,1,59147.55,10.98779,Upper secondary,65,10,100,North,3,1,0.063032605
984699,0,0,0,60058.215,11.00307,Upper secondary,43,-12,-112,North,3,0,3.1445699
984716,0,0,0,3921.9514,8.274344,University,59,4,16,North,1,0,0.63661057
984722,0,0,0,18551.719,9.828318,Lower secondary,59,4,16,North,3,0,1.9679809
984740,0,0,0,60779.86,11.015014,Upper secondary,58,3,9,North,4,0,0.5348175
984770,0,0,0,10921.958,9.298531,Upper secondary,64,9,81,North,1,1,0.9998434
984779,0,0,0,45181.516,10.718443,University,47,-8,64,North,4,1,0.6436842
984792,1,0,1,188132.44,12.144901,University,49,-6,36,North,4,0,0.81561744
984803,0,0,0,38713.594,10.563946,Lower secondary,64,9,81,North,2,0,0.23787516
984832,0,0,0,44664.12,10.706925,Lower secondary,61,6,36,North,2,0,0.8416692
984861,1,1,0,28638.023,10.26249,Lower secondary,60,5,25,North,1,0,1.509552
984885,0,0,0,35321.883,10.472258,Upper secondary,60,5,25,North,5,0,6.4065943
984910,0,0,0,27214.111,10.211491,Upper secondary,38,-17,33,North,2,0,8.106003
984912,0,0,0,34701.473,10.454537,University,38,-17,33,North,1,0,5.497025
984913,0,0,0,30792.674,10.335032,Upper secondary,60,5,25,North,1,1,5.109228
984924,1,1,0,35119.72,10.466518,University,75,20,-112,North,2,0,0.9007286
984927,0,0,0,77032.68,11.251985,University,87,32,0,North,1,0,0.15894942
984943,0,0,0,69398.7,11.147623,Upper secondary,66,11,121,North,2,0,1.0239772
984964,0,0,0,52130.63,10.861508,Upper secondary,67,12,-112,North,2,1,0.9534714
985011,0,0,0,71481.12,11.177189,Upper secondary,73,18,68,North,2,0,0.86066717
985032,1,1,1,116413.945,11.664907,University,65,10,100,North,2,1,0.24788734
985043,0,0,0,44680.11,10.707284,University,68,13,-87,North,2,0,0.7510789
985044,0,0,0,69937.14,11.155353,University,64,9,81,North,2,0,1.301056
985051,1,1,1,265818.72,12.49057,University,55,0,0,North,5,0,0.43110102
985055,1,1,0,73962.04,11.211308,Upper secondary,62,7,49,North,3,0,1.2783513
985061,0,0,0,67280.445,11.116625,Upper secondary,50,-5,25,North,3,1,1.4886914
985079,0,0,0,69808.555,11.153512,University,58,3,9,North,3,0,1.327802
985080,0,0,0,31426.55,10.355409,University,60,5,25,North,1,1,0.82330555
985092,0,0,0,35702.133,10.482965,Upper secondary,45,-10,100,North,4,0,2.0054762
985093,0,0,0,63085.77,11.052251,University,56,1,1,North,3,1,1.4688014
985156,0,0,0,16849.223,9.7320595,Lower secondary,62,7,49,North,1,0,7.5111785
985157,0,0,0,53507.15,10.88757,Lower secondary,39,-16,0,North,4,0,8.285976
985159,0,0,0,19377.799,9.871883,Upper secondary,46,-9,81,North,3,1,8.509195
985170,0,0,0,41906.938,10.643207,Upper secondary,37,-18,68,North,3,0,6.11524
985188,0,0,0,33013.668,10.404677,Lower secondary,74,19,105,North,1,1,3.4865632
985203,1,1,0,123600.36,11.724809,Upper secondary,58,3,9,North,3,1,4.0435224
985216,0,0,0,88502.516,11.390786,Upper secondary,59,4,16,North,3,0,3.9769619
985247,0,0,0,17000.0,9.740969,Upper secondary,32,-23,17,North,3,0,2.8042824
985251,0,0,0,25601.568,10.150409,Lower secondary,51,-4,16,North,4,0,2.1067936
985263,0,0,0,26819.791,10.196896,Primary or less,82,27,-39,North,2,1,1.2235712
985266,0,0,0,32617.84,10.392614,Primary or less,74,19,105,North,2,1,1.1854417
985282,0,0,0,24300.0,10.098231,Lower secondary,50,-5,25,North,3,0,1.2738421
985286,0,0,0,18201.316,9.809249,Upper secondary,80,25,113,North,1,1,1.4797012
985289,0,0,0,40717.734,10.614419,Primary or less,75,20,-112,North,2,0,1.1134039
985293,0,0,0,24389.627,10.101913,Lower secondary,88,33,65,North,1,1,1.5254576
985301,0,0,0,45306.098,10.721197,University,29,-26,-92,North,2,1,3.6509933
985435,1,1,0,83404.02,11.331451,University,58,3,9,North,1,0,1.1565372
985455,0,0,0,24273.693,10.097149,Lower secondary,73,18,68,North,2,0,6.261251
985501,0,0,0,29116.934,10.279076,Lower secondary,63,8,64,North,2,1,0.9496695
985504,0,0,0,50618.895,10.83208,Upper secondary,76,21,-71,North,2,0,3.5592427
985506,1,1,1,76250.43,11.241778,Upper secondary,76,21,-71,North,2,0,3.26925
985508,1,1,1,81907.77,11.313349,University,75,20,-112,North,2,0,1.1709695
985517,0,0,0,99557.15,11.508487,Upper secondary,58,3,9,North,4,0,2.1185093
985540,0,0,0,38615.68,10.561414,Upper secondary,66,11,121,North,2,0,0.18239382
985574,0,0,0,33847.04,10.429606,Upper secondary,59,4,16,North,1,1,4.8280554
985584,0,0,0,74525.44,11.218896,Upper secondary,54,-1,1,North,2,0,2.0251043
985585,0,0,0,39662.72,10.588167,Upper secondary,66,11,121,North,1,0,1.4060042
985588,0,0,0,40078.4,10.598593,Upper secondary,56,1,1,North,2,1,1.1319705
985591,0,0,0,60494.08,11.010301,Upper secondary,53,-2,4,North,3,0,3.0967383
985623,0,0,0,80128.98,11.291393,Upper secondary,55,0,0,North,2,0,0.118077464
985690,0,0,0,31828.223,10.368109,University,79,24,64,North,1,0,0.4837031
985752,0,0,0,78860.57,11.275436,Upper secondary,71,16,0,North,2,0,1.7184837
985767,0,0,0,28984.67,10.274523,Upper secondary,70,15,-31,North,1,0,1.9812428
985773,1,1,0,26726.738,10.193419,Upper secondary,47,-8,64,North,1,0,3.9682572
985780,0,0,0,29995.447,10.308801,Upper secondary,34,-21,-71,North,3,0,4.372268
985807,0,0,0,57639.297,10.96196,University,58,3,9,North,4,0,5.200718
985814,0,0,0,58579.582,10.978142,Upper secondary,76,21,-71,North,2,0,2.9541576
985820,0,0,0,29153.627,10.280334,Lower secondary,62,7,49,North,2,0,3.208392
985826,0,0,0,46861.855,10.754959,Upper secondary,53,-2,4,North,3,0,7.1710467
985831,0,0,0,92905.11,11.439334,Upper secondary,64,9,81,North,3,0,3.3496897
985853,1,1,0,30321.666,10.319618,University,77,22,-28,North,1,0,3.2618537
985889,1,1,1,136667.6,11.825307,Upper secondary,66,11,121,North,2,0,0.37257347
985895,1,1,0,181079.3,12.10669,University,70,15,-31,North,3,0,0.14369513
985927,1,1,1,49681.594,10.81339,University,55,0,0,North,3,0,0.72419804
985936,0,0,0,30835.082,10.336409,University,48,-7,49,North,1,1,0.9249474
985952,1,1,1,25204.398,10.134774,University,50,-5,25,North,1,0,0.9924275
985959,0,0,0,29189.42,10.281562,University,35,-20,-112,North,1,1,1.37633
985963,0,0,0,41131.36,10.624526,University,36,-19,105,North,1,1,2.5848062
985967,1,1,0,81389.266,11.306998,University,57,2,4,North,3,1,0.99234813
985972,1,1,0,42015.438,10.645792,University,72,17,33,North,1,1,0.6931601
985979,1,1,0,71433.62,11.176524,Upper secondary,61,6,36,North,2,1,1.5057381
986004,1,1,0,12671.882,9.447141,Lower secondary,93,38,-92,North,1,1,1.2356359
986009,0,0,0,43007.84,10.669138,Lower secondary,58,3,9,North,4,1,0.33016416
986024,0,0,0,36141.11,10.495186,Primary or less,86,31,-63,North,1,1,1.1811935
986046,0,0,0,131384.05,11.78588,University,68,13,-87,North,3,0,1.04761
986055,0,0,0,56557.71,10.943017,University,95,40,64,North,1,0,0.27083763
986096,1,1,0,707381.9,13.469326,University,79,24,64,North,2,0,0.035012346
986116,0,0,0,28400.398,10.254158,Lower secondary,49,-6,36,North,4,0,1.69676
986127,0,0,0,14599.779,9.588761,Upper secondary,66,11,121,North,3,0,1.0527313
986128,0,0,0,86279.97,11.365353,Upper secondary,78,23,17,North,2,1,0.2602416
986140,1,0,0,106262.445,11.573668,Upper secondary,60,5,25,North,5,1,0.4171352
986173,1,1,0,450846.06,13.018881,University,65,10,100,North,4,0,0.10496217
986222,0,0,0,14697.84,9.595456,Upper secondary,68,13,-87,North,1,1,1.093743
986224,1,0,1,143668.98,11.875267,University,89,34,-124,North,2,0,0.16652931
986249,0,0,0,50356.582,10.826884,Upper secondary,66,11,121,North,2,1,0.9036598
986265,0,0,0,63012.79,11.051093,Upper secondary,70,15,-31,North,1,0,0.75237876
986276,0,0,0,30340.768,10.320248,Lower secondary,87,32,0,North,1,1,1.1914389
986305,0,0,0,56505.957,10.9421015,Upper secondary,67,12,-112,North,2,0,0.9132388
986347,1,0,1,8591.914,9.058577,Upper secondary,55,0,0,North,1,0,1.3072759
986387,1,1,0,56331.242,10.939005,University,79,24,64,North,2,0,0.7761862
986397,0,0,0,12683.404,9.44805,Lower secondary,86,31,-63,North,1,1,1.2274739
986437,0,0,0,35547.04,10.478612,Upper secondary,77,22,-28,North,1,0,1.2006227
986438,0,0,0,293860.06,12.590859,University,70,15,-31,North,3,0,0.017301276
986440,0,0,0,58597.62,10.97845,Upper secondary,76,21,-71,North,2,1,0.8491142
986443,0,0,0,75611.97,11.23337,Upper secondary,64,9,81,North,3,0,1.3062153
986454,0,0,0,61784.508,11.031408,Upper secondary,59,4,16,North,1,0,0.82750463
986457,0,0,0,160962.14,11.988924,University,52,-3,9,North,2,0,0.031990435
986462,1,1,0,56967.81,10.950242,Upper secondary,71,16,0,North,1,1,1.1277919
986470,0,0,0,62025.438,11.0353,Upper secondary,67,12,-112,North,1,1,1.0155977
986471,0,0,0,69378.4,11.147331,Upper secondary,69,14,-60,North,1,0,0.2531397
986484,0,0,0,27501.559,10.221998,Primary or less,78,23,17,North,1,0,1.1400651
986486,0,0,0,13730.181,9.527351,Lower secondary,66,11,121,North,2,1,0.7184515
986487,0,0,0,75478.4,11.231602,Upper secondary,83,28,16,North,2,1,0.22742721
986496,1,1,1,627128.8,13.348907,Upper secondary,65,10,100,North,2,0,0.14872724
986559,0,0,0,36283.973,10.499131,Upper secondary,83,28,16,North,1,1,1.0807459
986563,0,0,0,20609.309,9.933498,Upper secondary,52,-3,9,North,1,0,2.3840005
986572,0,0,0,192474.53,12.167719,University,67,12,-112,North,2,0,0.18434514
986580,1,1,0,110194.125,11.609999,University,73,18,68,North,2,0,0.15548764
986601,0,0,0,52859.152,10.875386,Upper secondary,69,14,-60,North,2,0,0.87786293
986608,0,0,0,16058.499,9.683993,Upper secondary,58,3,9,North,1,0,0.72467035
986617,1,1,1,338585.22,12.732532,University,56,1,1,North,5,0,0.33391562
986633,0,0,0,152001.03,11.931643,University,61,6,36,North,3,0,0.29246852
986660,1,0,1,69354.35,11.146984,Upper secondary,82,27,-39,North,2,0,0.8586619
986663,1,1,0,216806.61,12.286761,University,61,6,36,North,3,0,0.09671148
986688,0,0,0,40718.617,10.614441,University,62,7,49,North,3,0,0.9691592
986695,0,0,0,112125.44,11.627374,University,57,2,4,North,2,0,0.1195522
986699,0,0,0,58009.758,10.968367,Upper secondary,88,33,65,North,2,0,0.72772396
986716,0,0,0,37912.777,10.543043,Upper secondary,75,20,-112,North,1,1,1.1200541
986718,1,1,0,274632.9,12.5231905,University,61,6,36,North,4,0,1.0979149
986737,0,0,0,34615.68,10.452062,Upper secondary,71,16,0,North,1,1,0.198285
986743,0,0,0,57221.523,10.954685,Upper secondary,78,23,17,North,2,0,0.98565495
986761,0,0,0,27437.84,10.219678,Primary or less,74,19,105,North,2,1,0.92905235
986773,0,0,0,75604.7,11.2332735,Upper secondary,56,1,1,North,2,0,1.0364867
986783,0,0,0,45005.96,10.71455,Lower secondary,57,2,4,North,2,1,1.8232124
986816,0,0,0,70647.04,11.165451,Upper secondary,60,5,25,North,2,0,0.43122372
986844,0,0,0,34194.08,10.439808,Lower secondary,80,25,113,North,1,1,1.2269415
986854,0,0,0,78344.95,11.268877,Upper secondary,72,17,33,North,2,0,0.67247146
986864,1,1,1,53554.465,10.888454,Lower secondary,85,30,-124,North,1,0,1.0987288
986876,0,0,0,7192.947,8.8808565,Upper secondary,59,4,16,North,1,0,0.6834279
986911,0,0,0,21076.271,9.955903,Lower secondary,66,11,121,North,2,1,1.8868386
986931,0,0,0,19244.703,9.864991,Lower secondary,83,28,16,North,2,1,1.0160651
986945,0,0,0,44864.875,10.7114105,Upper secondary,28,-27,-39,North,2,0,1.547888
986948,0,0,0,95494.08,11.46682,Upper secondary,72,17,33,North,2,0,0.17456725
986955,0,0,0,68251.914,11.13096,University,73,18,68,North,2,0,0.7048228
987008,0,0,0,15602.979,9.655217,Lower secondary,52,-3,9,North,1,0,1.6807572
987009,0,0,0,344515.0,12.749893,University,72,17,33,North,2,1,0.003177414
987012,0,0,0,90836.53,11.416817,Upper secondary,68,13,-87,North,2,0,0.96789193
987016,0,0,0,53072.664,10.879417,Upper secondary,69,14,-60,North,2,0,0.64366114
987023,0,0,0,82236.34,11.317352,Upper secondary,56,1,1,North,4,1,1.4708153
987051,0,0,0,11180.0,9.321882,Primary or less,87,32,0,North,1,1,1.2447678
987063,0,0,0,24680.703,10.113777,Upper secondary,55,0,0,North,1,0,0.6886751
987068,0,0,0,57866.22,10.965889,Lower secondary,51,-4,16,North,7,1,0.5293483
987079,0,0,0,70662.72,11.165673,Lower secondary,54,-1,1,North,4,0,2.0152166
987094,0,0,0,140889.25,11.855729,University,54,-1,1,North,1,0,0.008865673
987116,1,1,0,98051.71,11.49325,Upper secondary,65,10,100,North,2,0,0.8617708
987118,1,1,0,190153.98,12.155589,University,60,5,25,North,2,1,0.20488542
987148,1,0,1,71360.09,11.175494,University,53,-2,4,North,4,1,1.308442
987149,1,1,1,369945.38,12.821111,University,56,1,1,North,2,0,0.41852608
987175,0,0,0,143065.02,11.871055,University,54,-1,1,North,2,0,0.029151877
987205,0,0,0,60833.418,11.015895,University,75,20,-112,North,2,0,0.75988555
987207,0,0,0,27366.629,10.21708,Lower secondary,47,-8,64,North,5,1,1.3393838
987211,0,0,0,47059.582,10.75917,University,53,-2,4,North,1,0,1.3833977
987292,1,1,0,33000.906,10.40429,Upper secondary,67,12,-112,North,1,1,1.2048875
987344,0,0,0,24069.443,10.088698,Upper secondary,64,9,81,North,1,0,0.32519785
987360,0,0,0,43927.84,10.690304,Lower secondary,68,13,-87,North,2,0,0.99061906
987440,0,0,0,58610.543,10.97867,Upper secondary,39,-16,0,North,2,0,2.0485241
987447,0,0,0,53270.05,10.883129,University,44,-11,121,North,1,0,2.5954337
987528,0,0,0,15300.857,9.635664,Lower secondary,37,-18,68,North,4,1,2.2440472
987566,0,0,0,60024.145,11.002502,University,33,-22,-28,North,3,0,1.4449663
987612,1,1,0,153811.3,11.943481,University,39,-16,0,North,1,1,2.7098582
987650,0,0,0,43482.016,10.680102,University,45,-10,100,North,1,1,0.88348323
987718,1,1,0,30505.197,10.325652,Upper secondary,55,0,0,North,3,0,1.8279634
987856,1,1,1,230226.58,12.346819,University,51,-4,16,North,3,1,0.13298917
987859,0,0,0,46408.746,10.745243,Upper secondary,49,-6,36,North,2,0,1.4066656
987862,0,0,0,93858.945,11.449549,University,37,-18,68,North,4,0,1.3598692
987944,1,1,0,52506.46,10.868691,University,47,-8,64,North,2,0,1.0702131
987951,1,1,0,64107.74,11.06832,Upper secondary,43,-12,-112,North,3,1,2.6440382
987987,0,0,0,51804.35,10.855229,Upper secondary,43,-12,-112,North,5,1,1.3977584
988006,0,0,0,8800.0,9.082507,Primary or less,70,15,-31,North,1,1,1.2532271
988099,1,1,1,51090.664,10.841357,University,35,-20,-112,North,1,0,2.474976
988149,1,0,1,31948.602,10.371883,Lower secondary,69,14,-60,North,2,0,0.7390032
988159,1,0,1,58048.426,10.969033,University,40,-15,-31,North,1,0,0.1529638
988183,1,1,0,122045.08,11.712146,University,40,-15,-31,North,4,0,0.8833249
988237,0,0,0,20801.46,9.942779,Lower secondary,49,-6,36,North,2,0,1.0773317
988291,0,0,0,2.4354172e+06,14.705628,University,65,10,100,North,2,0,0.1844526
988297,1,1,1,378283.44,12.843399,University,82,27,-39,North,2,0,3.3830347
988300,0,0,0,39122.56,10.574454,Upper secondary,42,-13,-87,North,8,0,1.5091335
988355,0,0,0,81235.555,11.305108,Upper secondary,54,-1,1,North,3,1,1.6699716
988370,0,0,0,38531.19,10.559223,Upper secondary,41,-14,-60,North,1,0,0.7542294
988407,0,0,0,45618.36,10.7280655,University,35,-20,-112,North,1,1,0.58922833
988412,0,0,0,51433.816,10.848051,University,31,-24,64,North,2,0,1.50304
988571,0,0,0,61242.027,11.022589,Upper secondary,32,-23,17,North,2,0,2.2938132
988590,0,0,0,66207.086,11.100543,Lower secondary,60,5,25,North,3,1,0.79414433
988668,0,0,0,19276.293,9.8666315,Lower secondary,46,-9,81,North,4,0,1.9486312
988736,0,0,0,44764.703,10.709175,Upper secondary,32,-23,17,North,4,0,1.2760634
988742,0,0,0,54052.992,10.89772,University,30,-25,113,North,4,1,0.75584733
988749,0,0,0,67116.68,11.114188,Upper secondary,64,9,81,North,2,1,0.28334436
988780,0,0,0,50102.24,10.821821,Upper secondary,57,2,4,North,4,0,0.31016463
988784,1,1,0,69882.5,11.154571,Upper secondary,67,12,-112,North,3,0,0.6643596
988790,0,0,0,127577.36,11.756478,University,49,-6,36,North,4,0,0.84065104
988793,0,0,0,68031.36,11.127724,University,46,-9,81,North,3,0,1.8181849
988795,0,0,0,7800.0,8.961879,Upper secondary,50,-5,25,North,1,1,0.7441362
988796,0,0,0,42108.785,10.648012,Lower secondary,41,-14,-60,North,3,0,1.2314193
988804,1,1,0,33229.23,10.411185,Upper secondary,35,-20,-112,North,1,0,3.2862349
988808,0,0,0,18818.816,9.842612,Primary or less,82,27,-39,North,1,1,1.5916343
988854,0,0,0,49399.816,10.807702,Upper secondary,42,-13,-87,North,5,0,2.3671346
988913,0,0,0,63504.746,11.05887,Lower secondary,76,21,-71,North,2,0,0.17279191
988914,0,0,0,29361.652,10.287445,Lower secondary,72,17,33,North,1,1,0.59498924
988920,1,1,0,86151.125,11.363858,Upper secondary,59,4,16,North,3,0,0.2611621
988931,1,1,0,47551.41,10.769567,Upper secondary,59,4,16,North,4,0,0.8528809
988937,0,0,0,18903.764,9.847116,Upper secondary,38,-17,33,North,1,1,1.8901942
988965,0,0,0,37948.582,10.543987,Primary or less,91,36,16,North,1,1,0.53590196
988979,0,0,0,27183.764,10.210375,Upper secondary,82,27,-39,North,1,1,1.3176383
988997,0,0,0,7160.0,8.876266,University,64,9,81,North,1,1,0.5563545
989001,1,1,1,61169.316,11.021401,Upper secondary,54,-1,1,North,2,0,0.43899894
989006,0,0,0,17004.703,9.741245,Lower secondary,51,-4,16,North,1,0,1.3873916
989009,0,0,0,59678.4,10.996725,Upper secondary,37,-18,68,North,3,1,2.5339117
989014,0,0,0,9002.509,9.105259,Upper secondary,34,-21,-71,North,1,0,2.2237806
989016,0,0,0,63801.08,11.063525,University,39,-16,0,North,3,0,1.4363902
989017,0,0,0,9640.313,9.173709,Primary or less,66,11,121,North,2,0,0.5954369
989018,0,0,0,77916.49,11.263393,Upper secondary,58,3,9,North,3,1,1.1669139
989021,0,0,0,19601.74,9.883373,Primary or less,65,10,100,North,1,1,1.1194692
989028,1,0,1,72781.945,11.195223,Lower secondary,63,8,64,North,2,0,1.475196
989032,0,0,0,87047.04,11.374204,University,52,-3,9,North,3,1,1.6109113
989048,0,0,0,23410.977,10.060961,Upper secondary,48,-7,49,North,1,0,2.1256802
989096,0,0,0,110296.2,11.610925,Upper secondary,72,17,33,North,2,0,0.5163001
989137,0,0,0,100993.49,11.522811,University,70,15,-31,North,3,0,0.7874805
989160,1,1,1,115491.95,11.656956,University,59,4,16,North,2,0,0.4939834
989172,0,0,0,53938.363,10.895597,Upper secondary,82,27,-39,North,2,0,0.52998525
989183,0,0,0,19754.703,9.891147,Upper secondary,54,-1,1,North,1,1,1.8189845
989186,0,0,0,64021.754,11.066978,Upper secondary,53,-2,4,North,4,0,1.552986
989196,0,0,0,65449.6,11.089036,University,47,-8,64,North,4,0,0.70230323
989221,0,0,0,36402.707,10.5023985,Upper secondary,47,-8,64,North,1,0,1.3218786
989248,0,0,0,16010.976,9.681029,Lower secondary,81,26,-92,North,1,1,0.9757253
989307,0,0,0,17825.438,9.788382,Lower secondary,93,38,-92,North,1,1,1.5525655
989309,0,0,0,16634.68,9.719245,Primary or less,78,23,17,North,1,1,1.5601436
989318,0,0,0,29476.31,10.291342,University,76,21,-71,North,1,0,1.070225
989323,0,0,0,16703.137,9.7233515,Primary or less,75,20,-112,North,1,1,1.5857965
989327,1,1,0,49460.234,10.808925,Upper secondary,50,-5,25,North,2,1,1.8942374
989338,0,0,0,15504.938,9.648914,Primary or less,98,43,57,North,1,1,1.5803903
989340,0,0,0,16647.04,9.719988,Primary or less,88,33,65,North,1,1,1.5718042
989355,0,0,0,15494.078,9.648213,Primary or less,89,34,-124,North,1,0,1.487364
989361,0,0,0,25527.115,10.147496,Primary or less,83,28,16,North,1,0,1.3275895
989362,0,0,0,28828.53,10.269121,Upper secondary,60,5,25,North,2,0,1.2843475
989368,0,0,0,24304.703,10.098425,Primary or less,90,35,-55,North,1,1,0.6569739
989375,0,0,0,23356.797,10.058643,Primary or less,81,26,-92,North,1,1,1.5495483
989382,0,0,0,21204.703,9.961978,Lower secondary,68,13,-87,North,1,0,1.4052775
989400,0,0,0,30994.078,10.341552,Lower secondary,68,13,-87,North,1,0,2.5377948
989402,0,0,0,28256.797,10.249089,Upper secondary,67,12,-112,North,2,0,0.08786394
989425,0,0,0,34309.406,10.443175,Upper secondary,61,6,36,North,2,1,0.69803196
989465,0,0,0,25808.117,10.158444,Upper secondary,62,7,49,North,1,1,1.563182
989514,1,1,1,64495.586,11.074352,Upper secondary,70,15,-31,North,1,0,1.3877672
989659,0,0,0,21331.36,9.967934,Primary or less,82,27,-39,North,1,0,7.654191
989688,0,0,0,10080.306,9.218339,Primary or less,86,31,-63,North,1,1,7.84294
989707,0,0,0,24625.314,10.11153,Upper secondary,40,-15,-31,North,1,0,8.046838
989715,0,0,0,26454.61,10.183186,Upper secondary,66,11,121,North,3,0,1.1372283
989731,0,0,0,18705.645,9.83658,Lower secondary,90,35,-55,North,1,0,1.073236
989747,0,0,0,30675.26,10.331212,Upper secondary,64,9,81,North,2,0,0.6661319
989752,0,0,0,15623.032,9.656502,Primary or less,82,27,-39,North,1,1,1.147272
989758,1,1,0,20721.479,9.938926,Upper secondary,71,16,0,North,1,1,1.1281
989765,0,0,0,14300.575,9.568055,Primary or less,73,18,68,North,2,1,0.6905248
989802,0,0,0,65205.72,11.085302,Upper secondary,54,-1,1,North,3,0,0.7871064
989815,1,1,0,45770.473,10.731395,Upper secondary,75,20,-112,North,2,1,0.7227504
989839,0,0,0,14200.94,9.561064,Upper secondary,40,-15,-31,North,1,0,8.102072
989842,0,0,0,14804.077,9.602658,Primary or less,77,22,-28,North,1,1,1.1414334
989844,0,0,0,17934.96,9.794507,Lower secondary,63,8,64,North,1,1,0.7819747
989864,0,0,0,50597.04,10.831648,Upper secondary,57,2,4,North,2,0,0.57865685
989871,1,1,0,30655.44,10.330565,Primary or less,88,33,65,North,1,1,0.71949744
989944,0,0,0,8400.0,9.035987,Primary or less,48,-7,49,North,2,0,4.8510165
989946,0,0,0,65482.31,11.089536,University,36,-19,105,North,4,1,3.5648012
989951,0,0,0,12802.437,9.457391,Lower secondary,56,1,1,North,3,1,0.9396692
989959,0,0,0,33554.703,10.420933,Lower secondary,39,-16,0,North,3,1,4.6108537
989973,0,0,0,38468.58,10.557597,Upper secondary,74,19,105,North,1,1,2.4726892
989984,1,0,1,33941.258,10.432386,Upper secondary,73,18,68,North,2,0,1.4912188
989985,0,0,0,11560.0,9.355307,Lower secondary,63,8,64,North,2,1,1.1773006
989988,1,0,1,72933.83,11.197308,Lower secondary,61,6,36,North,2,1,0.19312881
989989,1,0,1,47642.91,10.771489,Lower secondary,71,16,0,North,2,0,1.9632009
989999,0,0,0,30880.559,10.337882,Primary or less,83,28,16,North,2,1,2.0162544
990005,0,0,0,115324.7,11.655507,Primary or less,47,-8,64,North,5,0,0.9094469
990006,0,0,0,13980.0,9.545383,Lower secondary,80,25,113,North,1,0,1.3346493
990014,0,0,0,8981.136,9.102881,Upper secondary,71,16,0,North,1,1,2.6126018
990020,0,0,0,33483.98,10.418822,Upper secondary,42,-13,-87,North,2,1,1.9981239
990045,0,0,0,36554.574,10.506561,Upper secondary,83,28,16,North,2,0,1.4745125
990061,0,0,0,37817.453,10.540526,Upper secondary,57,2,4,North,2,0,1.8982985
990076,1,1,0,33655.645,10.423936,Upper secondary,76,21,-71,North,1,0,1.6964425
990080,1,1,0,50988.492,10.839355,Lower secondary,68,13,-87,North,3,0,1.7162591
990090,1,1,0,26899.889,10.199878,Upper secondary,63,8,64,North,1,0,1.9081253
990099,0,0,0,21517.705,9.976631,Primary or less,79,24,64,North,1,1,1.9021856
990106,0,0,0,45469.887,10.724806,Primary or less,74,19,105,North,4,0,1.8515314
990107,0,0,0,49839.07,10.816555,Upper secondary,45,-10,100,North,4,0,2.305822
990159,0,0,0,20852.508,9.94523,University,47,-8,64,North,3,0,2.2600882
990163,0,0,0,19006.271,9.852525,Lower secondary,40,-15,-31,North,1,0,4.821055
990176,1,1,0,191636.67,12.163357,University,70,15,-31,North,2,0,0.033763308
990218,0,0,0,38045.73,10.546544,University,56,1,1,North,4,0,1.3887734
990219,0,0,0,19274.209,9.866523,Lower secondary,49,-6,36,North,2,1,6.4824347
990220,1,0,1,35738.414,10.483981,Upper secondary,50,-5,25,North,2,0,1.4449525
990225,1,1,0,30167.525,10.314522,Upper secondary,63,8,64,North,1,0,1.5805985
990232,0,0,0,68444.43,11.133778,University,52,-3,9,North,2,1,1.3981717
990240,0,0,0,22604.314,10.025896,Lower secondary,89,34,-124,North,1,1,0.9042234
990242,1,0,0,43303.816,10.675996,Upper secondary,74,19,105,North,2,0,0.24479912
990244,0,0,0,19632.734,9.8849535,Upper secondary,81,26,-92,North,1,1,0.32813665
990247,0,0,0,41762.72,10.639759,Upper secondary,89,34,-124,North,1,1,0.32223257
990254,0,0,0,38648.4,10.562261,Primary or less,91,36,16,North,2,0,0.27546844
990273,0,0,0,25653.45,10.152433,Lower secondary,71,16,0,North,1,1,0.9073614
990275,1,0,0,33077.938,10.406622,Lower secondary,80,25,113,North,1,0,0.30195937
990286,1,0,1,87250.836,11.376542,University,45,-10,100,North,3,0,0.0636702
990293,0,0,0,11909.408,9.385084,Lower secondary,31,-24,64,North,4,0,0.5515102
990300,1,1,1,83320.555,11.330451,Upper secondary,73,18,68,North,2,1,0.23312007
990310,0,0,0,47527.184,10.769057,Lower secondary,76,21,-71,North,1,0,0.30685616
990321,1,1,1,36887.367,10.515624,Upper secondary,67,12,-112,North,2,1,0.26484898
990331,1,1,0,43821.438,10.687879,Lower secondary,80,25,113,North,2,0,0.26146492
990333,1,1,0,329242.1,12.704549,University,70,15,-31,North,2,0,0.025065713
990340,1,0,1,91054.91,11.419218,Upper secondary,82,27,-39,North,2,0,0.045811042
990345,0,0,0,118627.19,11.683741,University,72,17,33,North,1,0,0.018950418
990348,1,0,1,97629.055,11.488931,Upper secondary,66,11,121,North,3,0,0.072907925
990358,0,0,0,157481.19,11.967061,Upper secondary,64,9,81,North,2,0,0.04315339
990360,0,0,0,79515.68,11.28371,Upper secondary,61,6,36,North,4,0,0.38544586
990363,0,0,0,101476.82,11.527586,Upper secondary,61,6,36,North,2,1,0.106408216
990366,1,1,0,143973.25,11.877383,Upper secondary,63,8,64,North,2,1,0.055611335
990376,1,1,1,71548.92,11.178137,Lower secondary,58,3,9,North,4,0,0.3483355
990394,0,0,0,24476.797,10.105481,University,55,0,0,North,2,0,0.43767396
990395,0,0,0,66318.99,11.102232,Upper secondary,54,-1,1,North,4,0,0.42522687
990401,1,0,0,332420.7,12.714157,Upper secondary,55,0,0,North,3,0,0.05429437
990402,1,1,0,133604.22,11.802637,Upper secondary,48,-7,49,North,4,1,0.1955035
990421,0,0,0,49721.953,10.814202,Upper secondary,58,3,9,North,2,0,0.26804882
990425,0,0,0,76203.59,11.241164,Upper secondary,50,-5,25,North,4,0,0.43427134
990427,0,0,0,35006.273,10.463283,Lower secondary,37,-18,68,North,6,1,0.54690796
990430,0,0,0,110903.13,11.616412,University,68,13,-87,North,2,1,0.025563844
990440,0,0,0,30001.568,10.309005,Lower secondary,40,-15,-31,North,5,0,1.5873699
990442,0,0,0,213491.52,12.271353,University,46,-9,81,North,6,0,0.09686334
990443,0,0,0,73531.914,11.205475,Upper secondary,33,-22,-28,North,4,1,0.5009893
990454,1,1,0,250406.66,12.430841,University,59,4,16,North,3,0,0.057486754
990463,0,0,0,33306.273,10.413501,Upper secondary,54,-1,1,North,2,0,1.0084245
990481,0,0,0,33501.566,10.419348,Upper secondary,60,5,25,North,4,0,0.37326777
990487,0,0,0,22009.408,9.999226,Primary or less,40,-15,-31,North,1,0,2.6532352
990488,1,1,0,54497.492,10.90591,Upper secondary,31,-24,64,North,5,1,0.42945316
990490,1,1,0,90172.336,11.409478,University,52,-3,9,North,1,0,0.94239753
990498,1,0,0,59861.855,10.999795,Upper secondary,43,-12,-112,North,2,0,0.38176563
990504,0,0,0,33100.63,10.407308,Lower secondary,54,-1,1,North,5,0,1.1067003
990505,0,0,0,53775.438,10.892572,Upper secondary,35,-20,-112,North,2,0,0.65018207
990506,0,0,0,29480.285,10.291477,Upper secondary,55,0,0,North,1,1,0.81160086
990508,0,0,0,12003.136,9.392923,Upper secondary,32,-23,17,North,1,0,2.8633838
990513,0,0,0,161318.2,11.991134,Upper secondary,33,-22,-28,North,3,1,0.39450613
990522,0,0,0,39050.176,10.572602,Primary or less,82,27,-39,North,2,1,1.9667648
990560,0,0,0,14695.266,9.595281,Primary or less,86,31,-63,North,1,0,1.5121793
990567,0,0,0,14721.359,9.5970545,Primary or less,85,30,-124,North,1,1,3.9566135
990569,0,0,0,39825.438,10.592261,Primary or less,63,8,64,North,3,0,2.3321633
990576,0,0,0,79524.76,11.283824,Upper secondary,56,1,1,North,4,1,1.952851
990604,0,0,0,13010.976,9.473549,Primary or less,86,31,-63,North,1,0,0.7837504
990607,0,0,0,50542.305,10.830566,Lower secondary,34,-21,-71,North,4,0,0.69212544
990610,0,0,0,86895.83,11.372465,University,50,-5,25,North,4,0,0.19879998
990614,0,0,0,32793.78,10.397994,Primary or less,81,26,-92,North,2,0,0.2998606
990621,0,0,0,51543.902,10.850189,Upper secondary,47,-8,64,North,3,1,0.5674499
990627,0,0,0,14309.094,9.56865,Lower secondary,56,1,1,North,5,0,0.4996346
990628,0,0,0,20850.176,9.945118,Lower secondary,62,7,49,North,1,0,0.7180532
990629,0,0,0,39050.875,10.57262,Lower secondary,85,30,-124,North,2,0,0.29453957
990632,0,0,0,10920.0,9.298351,Primary or less,74,19,105,North,1,1,0.3508841
990645,0,0,0,52672.836,10.871855,Lower secondary,80,25,113,North,2,0,0.28880382
990648,0,0,0,24520.35,10.107259,Primary or less,92,37,89,North,1,0,0.7737268
990690,0,0,0,77733.8,11.261045,Lower secondary,50,-5,25,North,5,0,0.37449902
990698,0,0,0,32381.533,10.385344,Lower secondary,76,21,-71,North,1,1,0.83440405
990708,0,0,0,26556.656,10.187036,Primary or less,80,25,113,North,3,1,6.7406225
990710,0,0,0,41465.91,10.632627,Lower secondary,70,15,-31,North,1,1,1.9721581
990711,0,0,0,73231.71,11.201384,Primary or less,90,35,-55,North,6,0,1.5222955
990713,0,0,0,26578.398,10.187854,Lower secondary,68,13,-87,North,2,1,3.415708
990714,0,0,0,64700.35,11.077522,Lower secondary,54,-1,1,North,3,1,3.4924743
990716,0,0,0,15400.976,9.642186,Primary or less,86,31,-63,North,1,1,1.964049
990722,0,0,0,56778.4,10.946911,Upper secondary,56,1,1,North,2,0,1.8176395
990737,0,0,0,51589.914,10.851082,Upper secondary,34,-21,-71,North,3,1,2.4490657
990744,0,0,0,47026.312,10.758463,Lower secondary,62,7,49,North,2,1,4.329937
990752,0,0,0,43576.62,10.682276,Upper secondary,80,25,113,North,2,1,1.5240122
990753,0,0,0,70966.555,11.169964,Primary or less,93,38,-92,North,3,1,2.6184676
990754,0,0,0,29247.04,10.283534,Lower secondary,83,28,16,North,1,1,1.8259113
990755,0,0,0,41641.152,10.636845,Lower secondary,68,13,-87,North,2,0,2.8693938
990762,0,0,0,30541.117,10.326829,Upper secondary,67,12,-112,North,1,1,1.8289818
990765,0,0,0,52722.3,10.872794,Upper secondary,50,-5,25,North,4,0,3.2575607
990767,0,0,0,105301.05,11.564579,Upper secondary,56,1,1,North,4,0,3.0717812
990775,0,0,0,30817.428,10.335835,Upper secondary,41,-14,-60,North,1,1,6.0455437
990783,0,0,0,22615.053,10.026371,Primary or less,93,38,-92,North,1,1,2.2922354
990784,0,0,0,39340.453,10.5800085,Upper secondary,61,6,36,North,2,1,3.3617651
990792,0,0,0,14717.624,9.596801,Primary or less,70,15,-31,North,1,1,2.326238
990805,0,0,0,47645.473,10.771543,Upper secondary,46,-9,81,North,4,0,3.2577786
990815,0,0,0,47828.223,10.775372,Lower secondary,52,-3,9,North,3,0,3.8301597
990818,0,0,0,16409.408,9.70561,Upper secondary,31,-24,64,North,1,1,7.5958514
990821,0,0,0,14004.704,9.547149,University,43,-12,-112,North,1,1,5.0276623
990823,0,0,0,64712.797,11.077714,Upper secondary,64,9,81,North,4,0,1.0603983
990831,0,0,0,28306.797,10.250857,University,77,22,-28,North,1,1,1.2773947
990849,0,0,0,75362.516,11.230065,Lower secondary,64,9,81,North,3,0,2.2635741
990854,0,0,0,47566.277,10.769879,Upper secondary,40,-15,-31,North,5,1,1.1612281
990869,0,0,0,16794.367,9.728799,Primary or less,67,12,-112,North,1,1,2.5247602
990873,0,0,0,48028.24,10.779545,Lower secondary,25,-30,-124,North,2,0,5.497456
990877,0,0,0,8715.018,9.072803,Primary or less,89,34,-124,North,1,1,3.1139345
990886,0,0,0,61864.67,11.032704,Lower secondary,69,14,-60,North,3,0,1.3419151
990905,0,0,0,55041.633,10.915845,Upper secondary,51,-4,16,North,1,0,6.1687336
990908,0,0,0,13808.78,9.53306,Primary or less,69,14,-60,North,2,0,0.87645733
990914,0,0,0,5722.8223,8.652218,Lower secondary,53,-2,4,North,1,0,5.9130726
990921,0,0,0,21428.223,9.972465,Upper secondary,36,-19,105,North,1,0,2.7595623
990922,0,0,0,35074.496,10.46523,Lower secondary,41,-14,-60,North,4,0,0.8809654
990923,0,0,0,45290.176,10.720845,University,42,-13,-87,North,3,0,0.7835544
990925,0,0,0,66794.82,11.109381,Lower secondary,60,5,25,North,2,0,0.32332167
990929,0,0,0,30809.498,10.335578,Lower secondary,43,-12,-112,North,1,0,0.73441
990933,0,0,0,40300.0,10.604107,University,34,-21,-71,North,4,0,0.72918105
990934,0,0,0,29895.611,10.305467,Upper secondary,87,32,0,North,1,0,0.4416969
990938,0,0,0,115881.53,11.660324,University,82,27,-39,North,3,1,0.14100176
990942,0,0,0,16858.99,9.732639,Upper secondary,74,19,105,North,1,1,0.48311326
990944,0,0,0,37194.08,10.523905,Upper secondary,75,20,-112,North,2,0,0.36745876
990947,0,0,0,50891.117,10.837443,University,77,22,-28,North,2,0,0.24559933
990952,0,0,0,42925.438,10.66722,Primary or less,76,21,-71,North,2,1,0.59571016
990957,0,0,0,81008.195,11.302305,Upper secondary,77,22,-28,North,2,0,0.3772922
990958,0,0,0,66865.88,11.110444,Upper secondary,68,13,-87,North,2,0,0.3046027
990961,0,0,0,41442.336,10.632058,Upper secondary,69,14,-60,North,2,0,0.37548497
990975,0,0,0,91956.8,11.429074,Upper secondary,56,1,1,North,4,1,0.57623976
990989,0,0,0,65516.09,11.090051,University,50,-5,25,North,4,0,0.64175767
991011,0,0,0,60601.332,11.012073,University,37,-18,68,North,3,0,0.5218183
991014,0,0,0,57402.164,10.957837,University,57,2,4,North,3,0,6.593789
991025,0,0,0,43469.273,10.67981,Lower secondary,80,25,113,North,2,0,2.989826
991028,0,0,0,44915.77,10.712544,Lower secondary,53,-2,4,North,4,0,4.302185
991033,0,0,0,52053.227,10.860023,Lower secondary,55,0,0,North,4,0,3.6177902
991034,0,0,0,174221.6,12.068084,University,49,-6,36,North,5,0,5.5636735
991040,0,0,0,44606.71,10.70564,Upper secondary,36,-19,105,North,2,0,8.17265
991041,0,0,0,33163.66,10.40921,Upper secondary,63,8,64,North,2,0,5.614571
991045,1,1,0,63429.598,11.057686,University,40,-15,-31,North,2,0,6.641264
991047,0,0,0,47238.645,10.762968,Lower secondary,50,-5,25,North,1,0,2.008876
991051,0,0,0,83459.086,11.332112,University,77,22,-28,North,2,0,0.13960381
991058,0,0,0,41278.4,10.628095,Primary or less,86,31,-63,North,2,1,0.1918037
991061,0,0,0,36294.02,10.499409,Lower secondary,76,21,-71,North,2,0,0.18343218
991082,0,0,0,34374.01,10.445056,Lower secondary,68,13,-87,North,2,1,0.1357774
991084,0,0,0,44725.438,10.708298,Upper secondary,73,18,68,North,2,0,0.12939432
991088,0,0,0,51501.18,10.8493595,Upper secondary,87,32,0,North,2,0,0.19456656
991098,0,0,0,9502.387,9.159298,Lower secondary,75,20,-112,North,1,1,0.5349505
991130,0,0,0,48010.57,10.779177,Upper secondary,61,6,36,North,3,0,0.32594067
991133,0,0,0,57705.297,10.963104,Upper secondary,59,4,16,North,4,1,0.33557838
991161,1,1,0,21867.133,9.99274,Upper secondary,67,12,-112,North,2,0,0.1437031
991162,1,1,0,140183.47,11.850707,University,61,6,36,North,2,1,0.02966762
991176,1,1,0,56938.72,10.949731,Upper secondary,69,14,-60,North,2,1,0.18270627
991184,1,0,1,71449.05,11.17674,University,67,12,-112,North,2,0,0.06581552
991186,0,0,0,44237.93,10.697338,Upper secondary,69,14,-60,North,2,1,0.18503769
991193,0,0,0,18448.574,9.822742,Upper secondary,74,19,105,North,1,1,0.31635657
991196,0,0,0,21311.52,9.967003,Lower secondary,61,6,36,North,1,1,0.59058493
991203,1,0,1,106091.195,11.572054,Upper secondary,66,11,121,North,2,1,0.1580049
991205,0,0,0,49548.645,10.81071,Lower secondary,62,7,49,North,2,0,0.17686053
991208,0,0,0,53425.086,10.886036,Upper secondary,54,-1,1,North,3,0,0.4273359
991210,0,0,0,80807.87,11.2998295,University,54,-1,1,North,5,1,0.08150173
991217,1,1,0,35449.348,10.475861,Upper secondary,60,5,25,North,1,1,0.5134416
991222,0,0,0,24048.541,10.08783,Upper secondary,51,-4,16,North,1,0,0.5036948
991233,0,0,0,13015.68,9.47391,Upper secondary,28,-27,-39,North,1,1,1.777301
991236,0,0,0,15669.442,9.659468,Primary or less,83,28,16,North,1,1,0.21747392
991239,0,0,0,24471.105,10.105248,Upper secondary,52,-3,9,North,1,0,0.6575992
991250,0,0,0,77787.586,11.261737,Upper secondary,47,-8,64,North,5,0,0.35467845
991256,1,1,1,156800.66,11.96273,University,49,-6,36,North,4,0,0.041371483
991274,0,0,0,66831.44,11.109929,Upper secondary,41,-14,-60,North,2,0,0.28583637
991278,0,0,0,53773.355,10.892533,Upper secondary,45,-10,100,North,5,0,0.31697568
991290,0,0,0,60801.496,11.015369,Upper secondary,45,-10,100,North,3,1,0.2267264
991303,1,1,1,59534.926,10.994318,Upper secondary,50,-5,25,North,4,1,0.23650716
991304,1,1,0,39079.824,10.573361,University,70,15,-31,North,1,0,0.1476534
991311,0,0,0,18580.734,9.829881,Primary or less,93,38,-92,North,1,0,0.5104594
991313,1,1,0,66335.234,11.102476,University,51,-4,16,North,2,1,0.41440573
991320,0,0,0,67366.36,11.117901,University,38,-17,33,North,3,0,0.3424745
991326,0,0,0,74787.52,11.222406,Lower secondary,42,-13,-87,North,2,0,0.9972443
991328,1,1,0,23324.92,10.057278,University,46,-9,81,North,1,0,0.6818699
991329,1,0,1,73517.336,11.2052765,University,50,-5,25,North,2,0,0.3232284
991339,0,0,0,36925.645,10.516662,Upper secondary,38,-17,33,North,3,0,1.1617998
991351,0,0,0,33886.69,10.430778,Upper secondary,32,-23,17,North,1,0,1.6502374
991370,0,0,0,53681.523,10.890824,University,46,-9,81,North,3,0,1.4288588
991377,1,1,0,25075.38,10.129642,Lower secondary,63,8,64,North,1,0,2.2282875
991448,0,0,0,63959.81,11.06601,Lower secondary,66,11,121,North,3,0,0.8098788
991451,0,0,0,32264.555,10.381724,Upper secondary,62,7,49,North,1,1,1.2482775
991456,1,1,1,106036.95,11.571543,University,72,17,33,North,2,0,0.08486552
991461,1,1,0,113848.98,11.642628,Upper secondary,57,2,4,North,4,0,0.32647857
991512,0,0,0,31118.816,10.345568,Primary or less,84,29,73,North,2,0,0.5299663
991523,0,0,0,40408.992,10.606808,Upper secondary,72,17,33,North,3,0,0.7915089
991543,0,0,0,54520.727,10.906336,Upper secondary,54,-1,1,North,2,0,1.8336982
991548,0,0,0,214712.48,12.277055,Upper secondary,71,16,0,North,2,0,0.09223909
991568,0,0,0,20447.105,9.925596,Primary or less,85,30,-124,North,1,0,1.1075718
991570,1,0,1,82473.61,11.320233,University,81,26,-92,North,2,0,0.05304104
991571,1,0,1,62671.836,11.045668,University,66,11,121,North,3,0,0.2960308
991578,1,0,1,24092.406,10.089652,Upper secondary,76,21,-71,North,1,1,1.1354657
991593,1,0,1,201637.83,12.214229,University,80,25,113,North,2,0,0.034866266
991599,0,0,0,27682.895,10.22857,Upper secondary,96,41,-111,North,1,1,0.105475925
991602,0,0,0,10403.136,9.249863,Primary or less,86,31,-63,North,1,1,1.1609279
991620,0,0,0,25162.719,10.133119,Lower secondary,86,31,-63,North,1,1,0.11767417
991625,1,1,0,32724.518,10.39588,Upper secondary,87,32,0,North,2,0,0.22772087
991673,1,0,1,282647.25,12.551955,University,82,27,-39,North,3,0,0.039614655
991682,1,0,1,23224.912,10.05298,Primary or less,77,22,-28,North,1,0,0.37802297
991694,0,0,0,61785.242,11.03142,Upper secondary,74,19,105,North,2,0,0.13737004
991695,0,0,0,51901.89,10.857111,Upper secondary,68,13,-87,North,2,0,0.28934103
991703,0,0,0,22920.383,10.039782,Primary or less,71,16,0,North,2,0,0.66931736
991727,0,0,0,57849.887,10.965607,Upper secondary,68,13,-87,North,2,1,0.02843114
991729,1,1,0,61642.76,11.029111,University,75,20,-112,North,2,0,0.21828541
991751,0,0,0,40098.46,10.599093,Upper secondary,79,24,64,North,1,1,0.021731215
991755,0,0,0,35881.36,10.487973,Upper secondary,67,12,-112,North,3,0,0.43080214
991758,1,1,0,79411.92,11.282404,Upper secondary,62,7,49,North,2,1,0.3133344
991763,1,1,0,125848.02,11.74283,Upper secondary,65,10,100,North,2,1,0.05284728
991769,0,0,0,14320.384,9.569439,Upper secondary,70,15,-31,North,1,0,1.1105647
991770,0,0,0,79938.16,11.289009,Upper secondary,63,8,64,North,2,1,0.09989592
991778,0,0,0,193687.22,12.174,University,68,13,-87,North,2,0,0.28422064
991782,1,0,1,192206.92,12.166327,University,67,12,-112,North,2,0,0.06709294
991791,0,0,0,43625.438,10.683395,University,78,23,17,North,2,0,0.3987513
991804,0,0,0,35981.305,10.490755,Primary or less,70,15,-31,North,2,0,0.3055443
991823,0,0,0,26731.36,10.193593,Upper secondary,65,10,100,North,2,0,0.3100184
991829,0,0,0,38056.445,10.546825,Upper secondary,64,9,81,North,2,1,0.3253186
991830,0,0,0,45315.68,10.721409,Lower secondary,76,21,-71,North,2,1,1.3229436
991833,0,0,0,139923.9,11.848854,University,85,30,-124,North,3,0,0.056384858
991835,0,0,0,100850.875,11.521399,Upper secondary,55,0,0,North,4,1,0.5935087
991855,0,0,0,166372.89,12.021987,University,74,19,105,North,2,0,0.037232034
991863,0,0,0,23733.705,10.074652,University,88,33,65,North,1,0,0.24353525
991865,0,0,0,34058.715,10.435842,Upper secondary,77,22,-28,North,2,0,0.09479745
991872,0,0,0,53211.402,10.882028,Upper secondary,61,6,36,North,3,0,0.39549106
991878,0,0,0,32503.52,10.389104,Upper secondary,63,8,64,North,1,1,1.137907
991883,0,0,0,28311.568,10.251026,Primary or less,58,3,9,North,6,0,1.4233764
991904,1,0,1,100881.41,11.521701,University,58,3,9,North,3,0,0.47222444
991909,0,0,0,38299.08,10.553181,Lower secondary,71,16,0,North,2,0,0.31975156
991916,1,1,0,51171.805,10.842944,Upper secondary,61,6,36,North,4,0,0.08469522
991929,1,1,0,77636.27,11.25979,University,52,-3,9,North,3,0,0.362198
991933,0,0,0,56434.27,10.940832,Upper secondary,53,-2,4,North,4,0,1.3716009
991938,0,0,0,35334.297,10.4726095,Upper secondary,84,29,73,North,1,1,1.2382786
991956,0,0,0,32077.98,10.375925,University,49,-6,36,North,4,1,0.50475764
991963,0,0,0,59579.285,10.995063,University,74,19,105,North,1,0,0.24796622
991965,0,0,0,29325.438,10.286211,Lower secondary,81,26,-92,North,1,0,0.9830795
991977,1,0,1,175889.75,12.077613,University,69,14,-60,North,2,0,0.05949766
991988,0,0,0,92983.76,11.44018,Upper secondary,57,2,4,North,3,0,0.5473557
991998,0,0,0,121470.63,11.707428,University,91,36,16,North,2,0,0.034533195
992062,0,0,0,18009.408,9.79865,Upper secondary,37,-18,68,North,2,1,2.2077987
992127,1,0,1,59554.086,10.99464,Upper secondary,54,-1,1,North,4,0,0.6768662
992130,0,0,0,48504.703,10.789416,Upper secondary,41,-14,-60,North,4,0,0.63845515
992133,1,1,1,41546.6,10.634571,Upper secondary,46,-9,81,North,1,0,0.39651263
992145,0,0,0,38802.984,10.566253,Upper secondary,35,-20,-112,North,2,0,0.52540624
992204,0,0,0,90513.59,11.413256,University,46,-9,81,North,4,0,0.53615427
992215,0,0,0,57847.04,10.965557,Upper secondary,78,23,17,North,2,0,0.31653145
992226,0,0,0,34693.562,10.454309,Lower secondary,41,-14,-60,North,4,1,0.76429653
992235,0,0,0,44215.664,10.696835,Upper secondary,30,-25,113,North,2,1,1.3390564
992238,1,1,0,156450.11,11.960492,University,71,16,0,North,2,0,0.078166425
992253,0,0,0,51099.195,10.841524,Upper secondary,81,26,-92,North,2,0,0.37487563
992267,1,0,1,56854.336,10.948248,Lower secondary,65,10,100,North,2,0,0.17206132
992303,0,0,0,25120.521,10.13144,Upper secondary,26,-29,73,North,1,0,3.180705
992394,0,0,0,25971.951,10.164772,Lower secondary,81,26,-92,North,1,0,0.5022716
992436,0,0,0,64196.35,11.069702,Upper secondary,48,-7,49,North,4,1,0.7972245
992439,0,0,0,70838.33,11.168156,University,32,-23,17,North,3,1,0.17221998
992445,0,0,0,27431.36,10.219442,Primary or less,86,31,-63,North,1,1,1.779288
992452,0,0,0,87903.19,11.383991,Lower secondary,62,7,49,North,3,0,1.2211798
992453,0,0,0,84747.836,11.347436,Upper secondary,70,15,-31,North,3,0,0.27995136
992463,0,0,0,55350.805,10.921447,Primary or less,81,26,-92,North,2,1,1.4841923
992469,0,0,0,33928.06,10.431997,Lower secondary,62,7,49,North,2,1,0.69533247
992471,0,0,0,47814.113,10.775076,Lower secondary,48,-7,49,North,2,0,2.6997607
992529,0,0,0,54310.105,10.902466,Upper secondary,63,8,64,North,3,0,4.166146
992540,0,0,0,37060.0,10.520293,Primary or less,78,23,17,North,2,1,6.369586
992567,0,0,0,15887.84,9.673309,Primary or less,83,28,16,North,1,1,5.563774
992569,1,1,0,129682.43,11.772844,Upper secondary,68,13,-87,North,3,1,5.445784
992586,0,0,0,16554.496,9.714413,Lower secondary,45,-10,100,North,1,0,7.9904604
992620,0,0,0,23088.68,10.047098,Lower secondary,62,7,49,North,1,1,5.3815265
992666,0,0,0,38527.707,10.559133,Upper secondary,80,25,113,North,2,0,0.9052045
992716,0,0,0,14050.0,9.550378,Upper secondary,34,-21,-71,North,3,1,3.2529058
992727,0,0,0,38429.08,10.55657,Primary or less,85,30,-124,North,2,0,0.7339684
992735,0,0,0,53425.613,10.886045,Upper secondary,72,17,33,North,3,0,0.9376682
992736,0,0,0,15150.976,9.62582,Lower secondary,56,1,1,North,1,0,0.40759316
992743,1,0,1,107702.17,11.587125,Upper secondary,60,5,25,North,5,0,0.5793162
992770,0,0,0,35762.72,10.484661,Lower secondary,58,3,9,North,2,0,0.98825216
992776,0,0,0,47088.156,10.759777,Upper secondary,80,25,113,North,2,1,0.102942355
992785,0,0,0,49662.72,10.81301,Lower secondary,58,3,9,North,6,1,0.37722638
992795,0,0,0,49638.156,10.812515,University,75,20,-112,North,1,1,0.23546867
992801,0,0,0,64488.156,11.074237,Upper secondary,72,17,33,North,2,0,0.24189079
992804,0,0,0,21618.816,9.981319,Lower secondary,88,33,65,North,1,1,0.3248963
992809,1,0,1,70637.28,11.165314,Upper secondary,70,15,-31,North,2,1,0.042622544
992831,0,0,0,22947.04,10.040944,Lower secondary,81,26,-92,North,1,1,1.1664511
992837,0,0,0,54821.117,10.911831,Primary or less,83,28,16,North,2,1,0.33174258
992863,0,0,0,44115.438,10.694565,Upper secondary,72,17,33,North,2,0,0.263165
992878,0,0,0,111368.47,11.6206,Upper secondary,23,-32,0,North,5,1,0.09156798
992882,0,0,0,46487.04,10.746929,Upper secondary,63,8,64,North,2,1,1.5840153
992887,0,0,0,68565.44,11.135544,Lower secondary,64,9,81,North,3,1,0.42119628
992890,0,0,0,50071.785,10.821213,Lower secondary,69,14,-60,North,4,0,0.12516056
992896,0,0,0,23205.68,10.052153,Upper secondary,83,28,16,North,1,1,0.07841524
992898,0,0,0,69996.77,11.156204,Upper secondary,55,0,0,North,5,0,0.087707095
992904,0,0,0,48222.477,10.783581,Upper secondary,63,8,64,North,3,1,0.0962795
992915,0,0,0,37819.574,10.540582,Lower secondary,78,23,17,North,2,0,0.26859766
992927,0,0,0,38462.72,10.557445,Upper secondary,79,24,64,North,2,0,0.21113278
992932,0,0,0,27021.951,10.204405,Upper secondary,54,-1,1,North,3,1,0.78512985
992942,0,0,0,12642.271,9.444801,Upper secondary,65,10,100,North,2,0,0.27432626
992953,0,0,0,23271.568,10.054988,Lower secondary,52,-3,9,North,2,0,0.2222834
993067,0,0,0,25039.078,10.128193,Upper secondary,72,17,33,North,2,0,0.5057278
993075,0,0,0,97056.79,11.483051,University,62,7,49,North,2,0,0.106909886
993076,0,0,0,52409.164,10.866837,Upper secondary,67,12,-112,North,2,0,0.39096597
993077,1,0,1,31585.656,10.360458,Primary or less,76,21,-71,North,2,0,0.51404023
993080,0,0,0,35612.348,10.480448,Upper secondary,80,25,113,North,1,0,0.5601497
993095,0,0,0,125172.71,11.73745,University,69,14,-60,North,2,0,0.068053715
993105,0,0,0,55063.875,10.916249,University,62,7,49,North,2,0,0.35637015
993117,1,1,1,141468.55,11.859833,Upper secondary,43,-12,-112,North,3,0,0.22938296
993121,0,0,0,40132.258,10.599936,Upper secondary,38,-17,33,North,3,0,1.2549663
993131,1,0,1,76782.48,11.248732,Upper secondary,37,-18,68,North,3,1,1.040054
993132,1,1,1,191642.45,12.163386,Upper secondary,43,-12,-112,North,4,0,0.28002012
993148,1,1,1,76199.664,11.241113,University,74,19,105,North,2,0,0.3750826
993195,0,0,0,49278.77,10.805248,Upper secondary,49,-6,36,North,3,1,2.0223086
993204,0,0,0,122164.47,11.713123,Upper secondary,69,14,-60,North,1,0,0.1531232
993206,0,0,0,56747.906,10.946374,Upper secondary,84,29,73,North,2,1,0.83601815
993221,0,0,0,36760.125,10.512169,Lower secondary,86,31,-63,North,2,0,0.38051242
993229,0,0,0,71659.5,11.179681,Upper secondary,72,17,33,North,2,0,0.28985047
993230,0,0,0,49260.78,10.804884,Upper secondary,71,16,0,North,2,0,0.35500157
993301,0,0,0,63947.04,11.06581,Lower secondary,56,1,1,North,1,0,0.58364916
993331,0,0,0,28847.646,10.269784,Lower secondary,59,4,16,North,3,0,5.120571
993366,1,0,1,74674.016,11.220887,University,72,17,33,North,2,0,0.15877685
993388,1,1,1,126705.52,11.749621,Upper secondary,63,8,64,North,2,1,0.1853456
993401,0,0,0,31583.629,10.3603945,Lower secondary,69,14,-60,North,3,0,0.29164106
993409,0,0,0,31968.99,10.372521,Primary or less,82,27,-39,North,1,1,0.26648125
993503,1,1,0,90995.625,11.418567,University,73,18,68,North,3,0,0.040209826
993513,0,0,0,76183.54,11.240901,University,34,-21,-71,North,2,0,0.7794495
993546,0,0,0,22268.02,10.010907,Upper secondary,58,3,9,North,1,1,0.73218167
993567,0,0,0,96729.41,11.479672,Upper secondary,26,-29,73,North,7,1,0.1680641
993593,0,0,0,32621.559,10.392729,Upper secondary,36,-19,105,North,1,0,2.403728
993609,0,0,0,31228.156,10.349075,Upper secondary,85,30,-124,North,2,0,0.6852423
993613,1,1,0,29081.26,10.277849,Upper secondary,72,17,33,North,2,0,0.15221326
993828,0,0,0,21447.04,9.973342,Lower secondary,68,13,-87,North,3,0,4.4114175
993851,0,0,0,16608.562,9.717673,Upper secondary,47,-8,64,North,2,1,8.094313
993891,0,0,0,52893.113,10.876028,Lower secondary,92,37,89,North,2,0,0.19380076
993895,0,0,0,17131.36,9.748666,Primary or less,80,25,113,North,1,0,0.23243408
993969,1,1,0,127774.06,11.7580185,University,71,16,0,North,2,0,0.058445573
993978,0,0,0,13001.568,9.472825,Primary or less,79,24,64,North,2,0,0.65429384
993980,0,0,0,9996.627,9.210003,Primary or less,75,20,-112,North,1,1,1.1198301
994004,0,0,0,44868.37,10.711489,Upper secondary,77,22,-28,North,3,1,0.6169397
994020,0,0,0,46388.156,10.7448,University,67,12,-112,North,2,0,0.31496242
994041,0,0,0,79594.08,11.284695,Primary or less,70,15,-31,North,4,1,0.27012318
994042,0,0,0,18601.568,9.831001,Upper secondary,90,35,-55,North,1,1,1.0886717
994045,0,0,0,13665.68,9.522643,Primary or less,72,17,33,North,1,1,1.0985233
994053,0,0,0,30465.68,10.324356,Primary or less,71,16,0,North,3,0,0.3880759
994058,0,0,0,59228.4,10.989157,Primary or less,72,17,33,North,3,0,0.56522304
994065,0,0,0,23114.287,10.048206,Primary or less,81,26,-92,North,2,0,0.4053374
994096,1,1,0,42252.63,10.651422,University,74,19,105,North,2,0,0.20123217
994106,0,0,0,27100.627,10.207313,Upper secondary,76,21,-71,North,2,0,0.29000762
994116,0,0,0,26387.58,10.180649,Lower secondary,97,42,-28,North,1,1,1.0892433
994128,0,0,0,48364.992,10.786531,Upper secondary,78,23,17,North,1,1,0.52340734
994131,0,0,0,15771.951,9.665988,Primary or less,81,26,-92,North,1,1,1.1192693
994165,1,1,0,20437.95,9.925149,Primary or less,90,35,-55,North,1,0,0.4872986
994167,1,1,1,173701.47,12.065093,University,84,29,73,North,1,0,0.067074925
994169,0,0,0,19100.0,9.857444,Primary or less,88,33,65,North,1,0,0.4962595
994229,0,0,0,51445.066,10.848269,Upper secondary,64,9,81,North,3,0,0.9210122
994233,0,0,0,42897.04,10.666558,Lower secondary,78,23,17,North,2,0,0.39169067
994242,0,0,0,40708.76,10.614199,Lower secondary,64,9,81,North,2,0,0.29289657
994244,0,0,0,84235.195,11.341368,Upper secondary,64,9,81,North,3,0,0.09157914
994252,1,1,0,88234.48,11.3877535,University,65,10,100,North,4,0,0.3299437
994255,0,0,0,86670.61,11.36987,Upper secondary,63,8,64,North,3,0,0.12308373
994256,1,0,1,33667.36,10.424284,Upper secondary,65,10,100,North,1,0,3.0106475
994265,0,0,0,106985.414,11.580448,University,81,26,-92,North,2,1,0.05961813
994291,0,0,0,110766.43,11.615179,University,65,10,100,North,5,0,0.12326775
994310,1,1,0,67366.03,11.117896,Upper secondary,57,2,4,North,4,1,0.26648465
994422,0,0,0,110934.64,11.616696,Upper secondary,52,-3,9,North,5,0,0.27813002
994459,0,0,0,52662.72,10.871663,Upper secondary,58,3,9,North,2,1,0.7026654
994474,0,0,0,34010.977,10.434439,Upper secondary,38,-17,33,North,2,1,2.128756
994476,0,0,0,60107.562,11.003891,Upper secondary,80,25,113,North,3,0,0.39008632
994493,0,0,0,51015.68,10.839889,University,56,1,1,North,3,0,1.375278
994514,0,0,0,75177.2,11.227603,Upper secondary,38,-17,33,North,2,1,0.96513903
994526,0,0,0,29978.398,10.308232,Upper secondary,77,22,-28,North,1,1,1.1283365
994528,0,0,0,32678.06,10.394459,Upper secondary,50,-5,25,North,2,0,1.2735609
994533,0,0,0,33606.734,10.422482,Upper secondary,26,-29,73,North,3,1,1.049612
994549,0,0,0,62339.914,11.040358,University,37,-18,68,North,4,1,0.6927256
994555,0,0,0,22725.432,10.0312395,Upper secondary,33,-22,-28,North,1,1,2.3291826
994615,0,0,0,20315.68,9.919148,Lower secondary,19,-36,16,North,1,1,3.8387582
994645,0,0,0,33081.16,10.406719,Lower secondary,82,27,-39,North,2,0,0.35742047
994659,1,1,0,111060.695,11.617832,University,72,17,33,North,1,0,0.4909844
994665,0,0,0,24703.48,10.114699,Upper secondary,84,29,73,North,2,0,0.6663367
994671,1,1,0,216334.2,12.28458,University,80,25,113,North,2,0,0.022891548
994679,0,0,0,12005.924,9.393155,University,56,1,1,North,1,0,0.9546762
994680,0,0,0,31068.447,10.343948,Primary or less,86,31,-63,North,2,0,0.36277264
994685,0,0,0,27834.955,10.234048,Primary or less,82,27,-39,North,2,0,0.8220664
994686,1,0,1,46790.25,10.75343,Lower secondary,90,35,-55,North,2,0,0.3496613
994706,0,0,0,45501.773,10.725507,Upper secondary,90,35,-55,North,1,1,0.42456296
994741,0,0,0,111295.45,11.619944,University,82,27,-39,North,2,0,0.24677761
994742,0,0,0,94731.83,11.458805,Upper secondary,79,24,64,North,2,0,0.04048653
994755,0,0,0,46984.85,10.757581,Upper secondary,50,-5,25,North,3,0,0.7291234
994759,1,1,1,134867.56,11.812049,University,72,17,33,North,3,0,0.08861248
994769,1,1,0,31660.6,10.362828,Upper secondary,72,17,33,North,2,0,0.3652413
994776,1,1,0,96314.164,11.47537,University,82,27,-39,North,2,0,0.032852005
994777,0,0,0,54260.0,10.901543,University,67,12,-112,North,2,0,0.14974067
994779,0,0,0,37200.0,10.524064,University,72,17,33,North,3,0,0.40493497
994782,0,0,0,146703.58,11.89617,University,69,14,-60,North,2,0,0.014085355
994789,1,1,1,266312.22,12.492425,University,78,23,17,North,2,0,0.016601108
994795,0,0,0,47601.266,10.770615,University,79,24,64,North,1,0,0.048867125
994800,1,1,0,74334.33,11.216329,University,63,8,64,North,2,0,1.0237999
994801,0,0,0,88619.516,11.392107,University,74,19,105,North,2,0,0.040537365
994832,0,0,0,58407.953,10.975207,Upper secondary,62,7,49,North,2,0,1.0749978
994841,1,1,1,57731.996,10.963567,University,64,9,81,North,2,0,0.25254646
994853,0,0,0,41043.36,10.622384,University,56,1,1,North,1,1,1.0135223
994856,0,0,0,59225.086,10.9891,Upper secondary,62,7,49,North,3,0,0.5014145
994900,1,1,1,104609.984,11.557994,University,54,-1,1,North,4,0,0.08963049
994909,0,0,0,122562.72,11.716378,Upper secondary,74,19,105,North,2,0,0.1189758
994921,0,0,0,110081.7,11.608978,University,72,17,33,North,2,0,0.33211938
994988,1,1,1,90359.375,11.4115505,University,77,22,-28,North,2,1,0.033220224
995061,0,0,0,24719.855,10.115362,University,41,-14,-60,North,3,0,0.76429486
995089,1,1,0,76405.97,11.243816,University,34,-21,-71,North,4,1,0.7215655
995183,0,0,0,75014.06,11.2254305,University,38,-17,33,North,3,0,1.4694545
995220,1,1,1,58547.176,10.977588,University,80,25,113,North,1,0,0.6203576
995221,0,0,0,24204.703,10.094302,Primary or less,80,25,113,North,2,1,0.5517927
995229,1,1,0,46097.87,10.738523,Upper secondary,68,13,-87,North,1,0,0.9634652
995245,0,0,0,17187.84,9.751958,Primary or less,86,31,-63,North,1,1,1.4609466
995256,0,0,0,60688.156,11.013504,Upper secondary,72,17,33,North,2,1,0.12229735
995257,0,0,0,56649.516,10.944639,University,79,24,64,North,2,1,0.6082037
995336,0,0,0,46216.312,10.741088,Lower secondary,80,25,113,North,2,0,3.2279801
995342,0,0,0,32014.111,10.373932,Lower secondary,67,12,-112,North,2,0,2.3721037
995343,0,0,0,19201.254,9.862731,Primary or less,81,26,-92,North,1,1,5.3946705
995350,0,0,0,11400.94,9.341451,Upper secondary,84,29,73,North,1,1,5.564131
995361,0,0,0,15628.224,9.656834,Upper secondary,42,-13,-87,North,1,1,8.007635
995383,0,0,0,27094.928,10.207102,Primary or less,87,32,0,North,2,0,1.4733076
995384,0,0,0,19012.543,9.852854,Primary or less,89,34,-124,North,1,1,5.46117
995387,0,0,0,38784.59,10.565779,Upper secondary,75,20,-112,North,2,1,2.8927116
995388,1,1,1,82621.89,11.32203,Lower secondary,60,5,25,North,4,0,1.327115
995395,0,0,0,9512.544,9.160367,Lower secondary,73,18,68,North,1,1,5.643033
995397,1,0,0,55016.465,10.915388,University,47,-8,64,North,1,1,0.30504873
995440,0,0,0,40171.7,10.600918,Upper secondary,53,-2,4,North,4,1,6.0899487
995479,0,0,0,67286.07,11.116709,University,76,21,-71,North,2,0,0.73476076
995494,1,0,1,47151.594,10.761123,University,39,-16,0,North,2,0,8.031611
995513,1,1,1,46653.758,10.750509,Upper secondary,73,18,68,North,2,0,2.978832
995541,0,0,0,76191.91,11.241011,University,50,-5,25,North,4,0,6.3748713
995555,0,0,0,54103.312,10.898651,University,34,-21,-71,North,3,1,0.37779075
995558,0,0,0,52012.543,10.859241,University,71,16,0,North,2,1,0.22166893
995559,0,0,0,153254.38,11.939855,University,64,9,81,North,3,0,0.06900352
995560,0,0,0,33840.96,10.429427,Upper secondary,64,9,81,North,1,0,0.8211903
995565,1,1,1,61851.36,11.03249,Upper secondary,84,29,73,North,2,0,0.20696013
995570,1,0,1,41744.797,10.63933,University,86,31,-63,North,1,0,0.048819933
995587,0,0,0,15600.94,9.6550865,Lower secondary,75,20,-112,North,1,0,0.31685236
995599,0,0,0,60989.49,11.018456,Primary or less,79,24,64,North,3,0,0.29422578
995601,1,1,1,59081.89,10.98668,Lower secondary,85,30,-124,North,2,0,0.28847036
995606,0,0,0,68264.7,11.131148,University,59,4,16,North,2,1,0.06408348
995607,0,0,0,23847.04,10.079415,University,58,3,9,North,1,1,0.6090611
995644,0,0,0,35615.68,10.480541,Lower secondary,55,0,0,North,2,0,0.37981915
995656,0,0,0,33819.516,10.428793,Upper secondary,67,12,-112,North,1,1,0.17355713
995657,0,0,0,43403.836,10.678303,University,85,30,-124,North,1,1,0.21883152
995680,1,1,1,77737.57,11.261094,University,58,3,9,North,2,0,0.19747064
995684,0,0,0,55119.34,10.917256,Upper secondary,51,-4,16,North,5,0,0.42668378
995685,0,0,0,33225.438,10.411071,Upper secondary,54,-1,1,North,1,0,1.5183749
995702,0,0,0,65104.08,11.083742,Lower secondary,71,16,0,North,2,1,0.17366086
995709,0,0,0,11651.743,9.363211,University,44,-11,121,North,2,1,2.0253546
995718,0,0,0,16000.784,9.680393,Upper secondary,50,-5,25,North,2,0,0.9651889
995734,0,0,0,26402.736,10.181223,Lower secondary,58,3,9,North,5,0,0.19377743
995757,0,0,0,46894.445,10.755654,University,41,-14,-60,North,1,1,1.6381929
995763,0,0,0,54872.516,10.912768,University,32,-23,17,North,3,1,0.42725813
995764,0,0,0,78513.59,11.271028,Upper secondary,55,0,0,North,2,0,0.40532327
995767,0,0,0,24487.533,10.10592,Upper secondary,72,17,33,North,2,0,0.046158914
995777,0,0,0,47716.03,10.773023,University,29,-26,-92,North,2,1,0.63643724
995782,1,1,0,76219.0,11.241366,University,36,-19,105,North,2,0,0.30651492
995799,0,0,0,34324.492,10.443614,Upper secondary,39,-16,0,North,2,0,0.61872745
995804,0,0,0,7907.84,8.97561,Lower secondary,30,-25,113,North,2,1,1.7913678
995814,0,0,0,55224.453,10.919161,Upper secondary,41,-14,-60,North,3,0,0.9010058
995852,0,0,0,29435.438,10.289954,Upper secondary,67,12,-112,North,1,1,0.51096994
995880,0,0,0,18293.902,9.814323,Lower secondary,85,30,-124,North,1,0,2.3638105
995899,0,0,0,24100.0,10.089967,Primary or less,85,30,-124,North,2,0,0.7016614
995940,0,0,0,32697.04,10.39504,Lower secondary,82,27,-39,North,2,1,0.68960226
995977,0,0,0,39683.52,10.588692,Lower secondary,81,26,-92,North,2,0,0.53451836
995978,0,0,0,60307.67,11.007215,University,76,21,-71,North,1,1,0.093192294
995988,0,0,0,29466.271,10.291001,Primary or less,82,27,-39,North,2,1,0.55012417
995989,0,0,0,79656.8,11.285482,Lower secondary,57,2,4,North,3,0,0.088636056
995999,0,0,0,20315.68,9.919148,Upper secondary,85,30,-124,North,1,1,1.8407153
996001,0,0,0,47871.36,10.776273,Lower secondary,74,19,105,North,1,0,0.6356552
996009,0,0,0,29950.875,10.307314,Primary or less,86,31,-63,North,2,0,0.5320148
996016,0,0,0,14965.68,9.613515,Primary or less,89,34,-124,North,1,0,0.6110059
996025,0,0,0,39050.35,10.572607,Lower secondary,76,21,-71,North,2,1,0.52159
996029,0,0,0,33031.36,10.405212,Primary or less,93,38,-92,North,1,0,0.610491
996064,0,0,0,16347.039,9.701802,Lower secondary,79,24,64,North,1,1,0.69700944
996068,0,0,0,14854.078,9.6060295,Upper secondary,70,15,-31,North,1,1,1.9874481
996070,1,1,0,181727.28,12.110263,University,75,20,-112,North,2,0,0.025525607
996091,0,0,0,40835.195,10.6173,University,68,13,-87,North,1,1,1.4198396
996093,1,1,1,127072.87,11.752516,University,74,19,105,North,2,0,0.04202606
996103,0,0,0,52097.04,10.860864,Lower secondary,72,17,33,North,2,0,0.1025491
996110,0,0,0,38784.496,10.565776,Upper secondary,67,12,-112,North,2,0,0.076235496
996119,0,0,0,493171.8,13.108613,University,70,15,-31,North,3,1,0.112733394
996140,0,0,0,32257.994,10.381521,Upper secondary,62,7,49,North,1,1,0.6804397
996198,1,1,1,50563.88,10.830993,Upper secondary,57,2,4,North,2,1,0.6062853
996218,1,0,1,83141.43,11.328299,Upper secondary,74,19,105,North,2,0,0.48418203
996228,0,0,0,18300.941,9.814708,Upper secondary,57,2,4,North,1,1,1.8644922
996251,0,0,0,24246.713,10.096036,Upper secondary,48,-7,49,North,3,1,2.3980472
996262,0,0,0,76025.44,11.238823,Lower secondary,55,0,0,North,2,1,0.55327153
996321,1,1,0,49469.824,10.809118,Upper secondary,45,-10,100,North,2,0,1.5431858
996322,0,0,0,49078.4,10.801174,Lower secondary,44,-11,121,North,4,0,1.0521239
996336,0,0,0,56188.156,10.936461,University,64,9,81,North,1,1,1.3933091
996345,1,1,1,142969.02,11.870383,University,68,13,-87,North,2,0,0.4398276
996350,0,0,0,43494.08,10.68038,Upper secondary,34,-21,-71,North,5,1,1.060758
996426,0,0,0,58946.38,10.984384,Upper secondary,68,13,-87,North,3,0,0.4943965
996443,0,0,0,38237.785,10.551579,University,69,14,-60,North,2,1,0.5300582
996516,0,0,0,56185.48,10.936414,Upper secondary,49,-6,36,North,2,1,4.643209
996527,1,1,0,35999.89,10.491271,Upper secondary,52,-3,9,North,2,0,4.852051
996544,1,1,0,31520.125,10.358381,University,76,21,-71,North,1,0,0.1745946
996548,1,1,0,51306.7,10.845576,Upper secondary,69,14,-60,North,2,0,0.07743883
996553,1,0,1,50316.16,10.826081,Upper secondary,77,22,-28,North,2,0,0.2091827
996558,0,0,0,63408.914,11.05736,Upper secondary,65,10,100,North,3,1,0.074255906
996561,1,1,1,179632.6,12.098669,University,82,27,-39,North,2,0,0.029333558
996564,0,0,0,7209.39,8.88314,Upper secondary,88,33,65,North,1,1,0.7566412
996583,0,0,0,29324.277,10.286171,Lower secondary,74,19,105,North,1,1,0.25948203
996605,0,0,0,36500.0,10.505068,Upper secondary,65,10,100,North,3,0,0.21773902
996622,0,0,0,20005.773,9.903776,Upper secondary,48,-7,49,North,1,0,1.1720881
996638,0,0,0,27087.84,10.2068405,Lower secondary,68,13,-87,North,2,1,0.21699429
996652,0,0,0,26023.117,10.16674,Lower secondary,50,-5,25,North,2,0,0.83660644
996653,1,1,1,100409.36,11.517011,University,64,9,81,North,4,0,0.07980761
996655,1,1,1,84262.53,11.341693,University,66,11,121,North,2,0,0.1442407
996658,0,0,0,22526.875,10.022465,Lower secondary,35,-20,-112,North,4,1,0.31599674
996666,1,1,0,50587.285,10.831455,Lower secondary,75,20,-112,North,2,0,0.30230358
996678,0,0,0,23436.988,10.062071,Lower secondary,72,17,33,North,2,0,0.4543838
996708,0,0,0,88629.43,11.39222,University,53,-2,4,North,4,0,0.27157906
996724,0,0,0,23400.0,10.060492,University,67,12,-112,North,1,0,0.5353854
996740,0,0,0,68228.95,11.130625,University,75,20,-112,North,1,0,0.03603916
996748,0,0,0,35880.586,10.487951,Lower secondary,45,-10,100,North,3,1,0.5045906
996776,0,0,0,12186.818,9.408111,Upper secondary,68,13,-87,North,1,0,0.24427572
996792,0,0,0,38400.0,10.555813,Upper secondary,49,-6,36,North,3,0,1.2383794
996817,1,1,0,41530.094,10.634173,Upper secondary,72,17,33,North,2,0,0.42957577
996818,0,0,0,34578.4,10.450984,Primary or less,78,23,17,North,2,0,0.44145536
996825,1,1,0,32187.115,10.379321,University,74,19,105,North,1,1,0.39229527
996829,0,0,0,21709.758,9.9855175,Primary or less,81,26,-92,North,1,0,0.12405683
996832,0,0,0,24583.377,10.109826,Primary or less,82,27,-39,North,1,0,0.5313118
996837,1,1,0,98587.01,11.498694,Primary or less,78,23,17,North,4,1,0.48470482
996847,1,1,0,61571.324,11.027951,University,85,30,-124,North,2,0,0.042486586
996859,0,0,0,35593.156,10.479909,Lower secondary,82,27,-39,North,2,0,0.43326518
996872,1,1,0,28300.492,10.250634,Upper secondary,72,17,33,North,1,1,0.52434343
996875,1,1,0,33569.05,10.42136,Upper secondary,76,21,-71,North,1,0,0.52274287
996876,0,0,0,39999.914,10.596633,Upper secondary,82,27,-39,North,2,0,1.224453
996880,0,0,0,21912.73,9.994823,Primary or less,79,24,64,North,1,1,1.5257927
996882,1,1,0,62483.066,11.042651,Upper secondary,74,19,105,North,2,0,0.064880334
996885,0,0,0,26747.04,10.19418,Primary or less,81,26,-92,North,2,1,0.47818893
996893,1,1,0,36355.645,10.501104,Upper secondary,78,23,17,North,2,1,0.9980781
996904,0,0,0,34907.918,10.460469,Lower secondary,69,14,-60,North,2,0,0.43505397
996918,1,1,0,77427.08,11.2570915,University,79,24,64,North,2,0,0.044554245
996919,1,1,0,51199.89,10.8434925,Lower secondary,78,23,17,North,3,1,0.7024503
996924,1,1,0,37528.484,10.532856,Lower secondary,69,14,-60,North,3,0,0.655366
996925,1,1,0,41995.957,10.6453285,Upper secondary,81,26,-92,North,1,0,0.107333906
996933,0,0,0,48842.97,10.796366,Upper secondary,69,14,-60,North,2,1,0.8313584
996943,1,1,0,43818.477,10.687811,Lower secondary,65,10,100,North,2,0,0.45018297
996944,1,1,0,38268.53,10.552383,Lower secondary,76,21,-71,North,2,0,0.0854943
996971,1,1,0,33418.477,10.416864,University,78,23,17,North,1,0,0.35253146
996977,1,1,0,47599.43,10.7705765,Upper secondary,58,3,9,North,3,0,0.5596631
996985,1,1,0,34593.516,10.451422,University,76,21,-71,North,1,1,0.20038785
996987,1,1,1,134877.25,11.81212,University,60,5,25,North,4,0,0.15946668
996990,1,1,0,85838.42,11.360222,Upper secondary,57,2,4,North,6,1,0.47113317
996991,1,1,1,70321.49,11.160832,Upper secondary,57,2,4,North,4,0,0.801615
996994,0,0,0,42278.4,10.652032,Lower secondary,66,11,121,North,4,1,0.68541425
996995,0,0,0,57548.137,10.960377,Lower secondary,69,14,-60,North,3,0,0.63358873
997003,0,0,0,39779.32,10.591103,Lower secondary,70,15,-31,North,2,0,0.41371274
997029,0,0,0,28252.018,10.24892,Lower secondary,71,16,0,North,2,0,0.31845573
997062,1,1,0,42018.477,10.6458645,University,51,-4,16,North,1,0,1.064092
997109,1,1,0,57014.047,10.951053,University,79,24,64,North,2,0,0.061364476
997153,0,0,0,54987.49,10.914861,Primary or less,63,8,64,North,3,1,1.0349135
997183,0,0,0,26425.459,10.182083,Upper secondary,50,-5,25,North,3,0,1.0418302
997208,0,0,0,15009.408,9.616432,Upper secondary,37,-18,68,North,1,1,1.7618712
997300,0,0,0,30412.719,10.322617,Upper secondary,76,21,-71,North,2,1,2.5098999
997303,0,0,0,40181.363,10.601158,Lower secondary,71,16,0,North,2,1,2.5080736
997308,0,0,0,25678.398,10.153405,Lower secondary,66,11,121,North,1,1,4.8733096
997314,0,0,0,48506.426,10.789452,Lower secondary,78,23,17,North,2,0,2.2577252
997327,1,1,1,84096.664,11.339723,University,70,15,-31,North,3,0,2.8989494
997339,1,1,1,35291.383,10.471395,University,75,20,-112,North,2,0,2.2446065
997340,0,0,0,22158.963,10.005998,Primary or less,76,21,-71,North,1,1,5.563357
997352,0,0,0,49020.777,10.799999,Primary or less,52,-3,9,North,4,1,3.283827
997355,0,0,0,42104.703,10.647915,Upper secondary,48,-7,49,North,4,1,1.20938
997356,0,0,0,25502.146,10.146518,Upper secondary,38,-17,33,North,5,0,5.559504
997362,0,0,0,30000.0,10.308952,Upper secondary,31,-24,64,North,5,0,0.865214
997388,0,0,0,88320.91,11.388732,Upper secondary,70,15,-31,North,3,0,2.1484168
997395,0,0,0,84828.0,11.348381,University,57,2,4,North,4,0,3.9285445
997441,0,0,0,14170.762,9.558936,Upper secondary,72,17,33,North,1,1,4.368662
997464,0,0,0,39785.22,10.59125,Lower secondary,46,-9,81,North,4,0,5.4863505
997476,0,0,0,15409.778,9.642757,Lower secondary,44,-11,121,North,1,0,7.999208
997489,0,0,0,31138.896,10.346213,Primary or less,73,18,68,North,2,1,1.1766835
997551,0,0,0,64230.465,11.070233,Primary or less,83,28,16,North,5,1,0.7571985
997562,0,0,0,18386.318,9.819362,Primary or less,81,26,-92,North,1,1,5.3761244
997566,0,0,0,61467.043,11.026257,Primary or less,73,18,68,North,6,0,0.9485503
997571,0,0,0,52988.305,10.877827,University,62,7,49,North,3,0,3.4827068
997588,0,0,0,26894.514,10.199677,Upper secondary,37,-18,68,North,4,1,8.258321
997643,1,1,1,198396.23,12.198022,Upper secondary,84,29,73,North,2,0,0.05719401
997661,0,0,0,22394.066,10.016551,Lower secondary,84,29,73,North,1,0,0.47927594
997667,0,0,0,35960.836,10.490186,Upper secondary,73,18,68,North,2,0,0.38525453
997689,0,0,0,70084.586,11.157458,University,84,29,73,North,4,0,0.06917929
997699,0,0,0,28904.254,10.271744,Upper secondary,68,13,-87,North,1,1,0.51992506
997700,0,0,0,120995.74,11.70351,University,69,14,-60,North,1,1,0.046265896
997753,0,0,0,38181.54,10.550107,Upper secondary,62,7,49,North,2,0,0.4288261
997761,0,0,0,86087.24,11.363116,University,56,1,1,North,4,1,0.14306757
997765,0,0,0,62193.766,11.03801,University,61,6,36,North,4,0,0.13807786
997769,0,0,0,46270.582,10.742262,University,60,5,25,North,3,0,0.42298865
997772,0,0,0,72072.6,11.18543,Lower secondary,57,2,4,North,4,0,0.5829571
997794,0,0,0,22398.258,10.016739,University,59,4,16,North,1,1,0.79547244
997801,0,0,0,57582.535,10.960975,Upper secondary,50,-5,25,North,3,0,1.485231
997802,1,1,1,113472.76,11.639318,University,68,13,-87,North,2,0,0.052324317
997865,0,0,0,23031.871,10.044634,Lower secondary,60,5,25,North,2,1,0.21414147
997883,0,0,0,67391.97,11.118281,University,50,-5,25,North,4,0,0.6407433
997913,0,0,0,38440.43,10.556865,Upper secondary,35,-20,-112,North,4,1,1.0235965
997963,0,0,0,30143.244,10.313716,Lower secondary,42,-13,-87,North,2,0,2.8111522
997969,0,0,0,44092.105,10.6940365,University,31,-24,64,North,3,0,0.948036
997978,1,1,1,112438.695,11.630163,University,40,-15,-31,North,4,0,1.2506466
997979,0,0,0,53960.137,10.896001,Upper secondary,32,-23,17,North,4,0,1.8124392
997991,0,0,0,53206.348,10.881933,Upper secondary,64,9,81,North,3,0,0.61396545
998028,0,0,0,48825.844,10.796015,Upper secondary,59,4,16,North,3,1,0.1714502
998053,0,0,0,9436.536,9.152345,Primary or less,81,26,-92,North,1,1,0.90745586
998059,0,0,0,58950.14,10.9844475,Lower secondary,71,16,0,North,3,0,0.49704796
998061,0,0,0,52495.992,10.868492,Lower secondary,69,14,-60,North,3,0,0.5095625
998065,0,0,0,46191.15,10.740543,Upper secondary,70,15,-31,North,2,0,0.101191
998098,0,0,0,46167.84,10.740039,Upper secondary,51,-4,16,North,2,1,1.0258377
998163,0,0,0,38453.52,10.557205,Upper secondary,66,11,121,North,2,1,0.72102946
998197,0,0,0,18933.592,9.848693,Primary or less,73,18,68,North,1,1,0.9815878
998199,1,1,1,127547.875,11.7562475,Upper secondary,81,26,-92,North,4,0,0.09576898
998205,1,1,1,138219.02,11.836595,Upper secondary,80,25,113,North,2,0,0.06800974
998209,1,1,0,205800.2,12.234661,University,68,13,-87,North,5,0,0.1707117
998211,0,0,0,28335.566,10.251873,Upper secondary,67,12,-112,North,1,1,0.9754078
998213,1,1,1,76147.72,11.240431,Upper secondary,63,8,64,North,3,0,0.5213763
998220,0,0,0,33195.51,10.41017,Lower secondary,57,2,4,North,1,0,0.52770174
998223,0,0,0,24237.63,10.095662,Lower secondary,70,15,-31,North,1,0,0.53609276
998227,0,0,0,76769.305,11.24856,Lower secondary,68,13,-87,North,3,0,0.22599544
998247,1,0,1,27540.107,10.223399,Upper secondary,38,-17,33,North,2,1,1.1597023
998277,0,0,0,23404.943,10.060702,Upper secondary,77,22,-28,North,2,0,0.35503283
998278,0,0,0,27561.47,10.2241745,Lower secondary,83,28,16,North,2,0,0.3466122
998310,0,0,0,20313.799,9.919056,Upper secondary,79,24,64,North,2,0,0.5310488
998329,0,0,0,44729.695,10.708393,Upper secondary,79,24,64,North,1,1,0.4207118
998330,1,0,1,62037.05,11.035487,University,80,25,113,North,2,1,0.2566531
998353,0,0,0,25896.271,10.161855,Upper secondary,76,21,-71,North,3,0,0.05597494
998359,0,0,0,86802.586,11.371391,Upper secondary,61,6,36,North,2,1,0.43430695
998364,0,0,0,17589.0,9.775029,Primary or less,73,18,68,North,2,1,0.5411944
998373,0,0,0,61600.0,11.028418,Upper secondary,79,24,64,North,2,0,0.0588894
998379,0,0,0,41330.355,10.629353,Upper secondary,74,19,105,North,2,0,0.34101406
998381,1,0,1,51632.46,10.851906,Upper secondary,44,-11,121,North,4,1,0.82928705
998383,1,0,1,314619.7,12.65912,University,76,21,-71,North,2,0,0.017117634
998385,0,0,0,29618.078,10.296141,Lower secondary,77,22,-28,North,2,0,0.34321925
998387,0,0,0,102221.266,11.534895,University,71,16,0,North,2,0,0.04435309
998397,1,0,1,70379.96,11.161664,Upper secondary,68,13,-87,North,2,0,0.058512084
998419,1,0,1,107163.99,11.582115,Upper secondary,65,10,100,North,2,0,0.07463003
998420,1,1,0,82329.52,11.318485,University,62,7,49,North,3,0,0.09030993
998427,1,1,0,145534.67,11.888169,University,70,15,-31,North,2,1,0.03114675
998428,1,1,1,116598.25,11.66649,University,46,-9,81,North,2,0,0.063735135
998439,0,0,0,113863.98,11.64276,University,38,-17,33,North,4,1,1.2218843
998523,1,1,0,32152.852,10.378257,Upper secondary,56,1,1,North,1,1,0.8970733
998534,1,1,0,136743.66,11.825864,University,59,4,16,North,3,1,0.1041387
998569,0,0,0,16138.0,9.688932,Upper secondary,45,-10,100,North,3,1,1.6723608
998574,0,0,0,42363.316,10.654038,Lower secondary,53,-2,4,North,4,0,0.5392718
998587,1,1,1,28543.36,10.25918,University,49,-6,36,North,2,1,1.2905583
998589,0,0,0,15400.0,9.642123,Upper secondary,51,-4,16,North,3,0,1.3820012
998604,1,1,1,263080.0,12.480213,University,51,-4,16,North,2,0,0.040655885
998606,1,1,1,620165.0,13.337741,Upper secondary,66,11,121,North,2,1,0.01039214
998638,0,0,0,28804.494,10.268287,Upper secondary,31,-24,64,North,4,1,1.6824139
998651,0,0,0,67715.68,11.123073,Primary or less,54,-1,1,North,4,0,0.15708233
998657,0,0,0,30994.078,10.341552,University,43,-12,-112,North,1,1,1.0794317
998731,0,0,0,12000.0,9.392662,Lower secondary,48,-7,49,North,1,0,1.9208664
998738,0,0,0,306316.6,12.632375,Primary or less,81,26,-92,North,2,0,0.47284135
998754,1,1,1,102134.71,11.534048,Upper secondary,78,23,17,North,2,0,0.05068009
998814,0,0,0,19510.977,9.878733,Lower secondary,45,-10,100,North,1,0,1.9148335
998821,0,0,0,42423.52,10.655458,Lower secondary,56,1,1,North,4,0,0.46998304
998840,0,0,0,42731.31,10.662687,University,85,30,-124,North,2,0,0.019868106
998939,0,0,0,26620.07,10.189421,University,41,-14,-60,North,1,1,1.5509721
998951,0,0,0,40600.7,10.611541,Lower secondary,87,32,0,North,2,0,0.23108034
999008,0,0,0,69276.016,11.145854,Upper secondary,44,-11,121,North,3,0,0.37547505
999015,0,0,0,43781.832,10.686975,Upper secondary,75,20,-112,North,1,0,0.26415205
999017,0,0,0,55755.594,10.928733,University,42,-13,-87,North,4,1,0.39337236
999020,1,0,1,72628.86,11.193118,University,71,16,0,North,2,0,0.14934847
999049,1,0,1,98565.516,11.498477,University,72,17,33,North,2,0,0.11869369
999072,1,1,1,601856.8,13.307775,University,85,30,-124,North,2,0,0.00595636
999088,0,0,0,13000.0,9.472705,Primary or less,84,29,73,North,1,0,0.6719052
999110,0,0,0,134300.44,11.807835,University,86,31,-63,North,2,0,0.02162625
999111,0,0,0,42080.51,10.64734,University,52,-3,9,North,1,0,1.0076705
999112,0,0,0,92406.625,11.433954,University,77,22,-28,North,1,0,0.18058681
999117,0,0,0,15612.435,9.655823,Lower secondary,66,11,121,North,1,1,0.29113868
999118,0,0,0,85295.836,11.353881,Upper secondary,38,-17,33,North,3,1,0.9761894
999120,0,0,0,113236.85,11.637237,University,73,18,68,North,2,0,0.02395653
999121,0,0,0,49289.902,10.805474,Upper secondary,65,10,100,North,3,0,0.32440668
999147,1,1,0,63432.684,11.0577345,Upper secondary,66,11,121,North,2,0,0.17297998
999159,0,0,0,47120.383,10.760461,Upper secondary,65,10,100,North,2,0,0.22365122
999180,1,1,0,104482.07,11.55677,Upper secondary,70,15,-31,North,3,1,0.0363153
999208,1,1,0,101524.12,11.528051,University,79,24,64,North,2,0,0.033968747
999210,0,0,0,180718.58,12.104696,University,80,25,113,North,2,0,0.018169321
999217,0,0,0,171003.31,12.049438,University,80,25,113,North,2,0,0.030854428
999221,1,1,0,186787.94,12.13773,Upper secondary,68,13,-87,North,1,0,0.039290648
999258,0,0,0,24762.543,10.117087,Upper secondary,70,15,-31,North,1,1,0.28667775
999290,0,0,0,123400.52,11.72319,University,77,22,-28,North,2,0,0.026247425
999302,0,0,0,63738.35,11.062542,Lower secondary,78,23,17,North,2,0,0.19900338
999351,0,0,0,127554.63,11.7563,University,76,21,-71,North,2,0,0.02475934
999379,0,0,0,49000.0,10.799576,Upper secondary,74,19,105,North,2,0,0.31523758
999399,0,0,0,35281.36,10.47111,Primary or less,80,25,113,North,2,0,0.2310983
999409,0,0,0,93333.07,11.44393,University,73,18,68,North,2,1,0.018919373
999410,0,0,0,56476.273,10.941576,Upper secondary,38,-17,33,North,2,1,0.7269728
999428,0,0,0,46831.36,10.754309,Primary or less,75,20,-112,North,3,0,0.34437904
999433,1,1,1,155925.88,11.957136,Upper secondary,59,4,16,North,4,0,0.028419493
999464,0,0,0,33806.816,10.428418,Upper secondary,80,25,113,North,1,0,0.25742462
999504,0,0,0,58168.54,10.9711,University,60,5,25,North,2,0,0.19118026
999524,1,1,1,35252.203,10.4702835,Upper secondary,56,1,1,North,1,1,0.20775671
999535,0,0,0,40198.766,10.601592,University,70,15,-31,North,1,0,0.044796504
999542,0,0,0,385077.06,12.861198,University,76,21,-71,North,2,0,0.04239657
999568,0,0,0,109823.71,11.606632,University,73,18,68,North,3,0,0.042631153
999575,0,0,0,28513.764,10.258142,Primary or less,72,17,33,North,4,1,0.33273086
999598,0,0,0,27348.533,10.216418,Lower secondary,31,-24,64,North,1,0,2.278576
999625,0,0,0,60063.754,11.003161,Upper secondary,81,26,-92,North,1,1,0.28170836
999637,0,0,0,72234.59,11.1876745,University,35,-20,-112,North,1,0,1.3498852
999655,0,0,0,58470.99,10.976286,Upper secondary,54,-1,1,North,3,0,0.08992414
999657,0,0,0,17354.709,9.76162,University,72,17,33,North,1,0,0.17408396
999676,0,0,0,19799.172,9.893395,University,59,4,16,North,1,1,0.44239148
999681,0,0,0,41858.184,10.642042,Upper secondary,32,-23,17,North,4,1,0.45568404
999682,0,0,0,12006.275,9.393185,Upper secondary,51,-4,16,North,1,1,1.308377
999712,0,0,0,38800.81,10.566196,Lower secondary,60,5,25,North,1,0,0.7615422
999748,0,0,0,56723.08,10.945936,University,48,-7,49,North,4,0,0.7619031
999773,0,0,0,31237.756,10.349382,Upper secondary,42,-13,-87,North,2,1,0.38515067
999778,1,1,0,64390.152,11.072716,Upper secondary,77,22,-28,North,2,0,0.42919633
999827,0,0,0,10559.831,9.264812,University,35,-20,-112,North,1,1,1.5467519
999839,0,0,0,24731.36,10.115828,Upper secondary,46,-9,81,North,1,1,1.3040255
999936,0,0,0,26817.248,10.1968,Primary or less,86,31,-63,North,1,1,4.1677623
999951,1,1,0,93568.4,11.446448,Upper secondary,61,6,36,North,3,0,5.6083465
1000052,0,0,0,10320.497,9.241887,Primary or less,62,7,49,North,1,1,5.822197
1000066,0,0,0,41349.37,10.629812,Upper secondary,72,17,33,North,2,1,3.2826219
1000069,0,0,0,28393.334,10.25391,Upper secondary,70,15,-31,North,1,0,5.0837727
1000074,0,0,0,47907.16,10.77702,University,46,-9,81,North,4,1,6.7522893
1000088,0,0,0,35803.934,10.485813,Upper secondary,44,-11,121,North,5,0,0.48560274
1000101,0,0,0,27091.99,10.206993,Lower secondary,38,-17,33,North,3,0,1.8963829
1000102,0,0,0,121684.85,11.709189,University,44,-11,121,North,6,1,0.32131994
1000106,0,0,0,23189.242,10.051444,Lower secondary,51,-4,16,North,3,0,0.8378346
1000123,0,0,0,17758.564,9.784623,Primary or less,89,34,-124,North,1,1,0.67376053
1000129,0,0,0,19986.285,9.9028015,Primary or less,85,30,-124,North,1,1,0.6639166
1000145,0,0,0,37244.63,10.525263,Upper secondary,74,19,105,North,2,0,0.18700987
1000187,0,0,0,25546.861,10.14827,University,69,14,-60,North,1,1,0.20588966
1000196,1,1,0,51098.87,10.841517,Upper secondary,52,-3,9,North,1,1,0.2787264
1000202,0,0,0,63281.863,11.055354,Lower secondary,54,-1,1,North,3,1,0.13482548
1000205,1,1,1,41930.562,10.64377,University,56,1,1,North,1,1,0.48858842
1000276,0,0,0,43407.652,10.678391,University,63,8,64,North,4,0,0.16519943
1000286,0,0,0,21650.38,9.982779,Upper secondary,71,16,0,North,1,1,0.31770173
1000294,1,1,0,85341.76,11.354419,University,55,0,0,North,3,0,0.38212228
1000298,0,0,0,68114.586,11.128946,Lower secondary,62,7,49,North,3,0,0.6186544
1000310,0,0,0,38613.242,10.561351,University,43,-12,-112,North,1,1,3.1007326
1000311,0,0,0,45060.92,10.715771,University,59,4,16,North,3,0,0.59026307
1000333,0,0,0,83038.57,11.327061,Lower secondary,67,12,-112,North,3,0,0.62775457
1000335,0,0,0,22989.473,10.042791,Upper secondary,74,19,105,North,1,0,0.6244463
1000338,1,0,1,67177.945,11.1151,University,53,-2,4,North,1,0,0.02410853
1000352,0,0,0,36633.258,10.508712,Lower secondary,74,19,105,North,2,0,0.31873026
1000363,1,1,1,42908.79,10.666832,University,59,4,16,North,1,1,0.6421513
1000373,0,0,0,44732.86,10.708464,University,77,22,-28,North,2,0,0.23288743
1000383,1,0,1,151874.28,11.930808,University,82,27,-39,North,2,1,0.024852244
1000387,0,0,0,24490.525,10.106042,University,62,7,49,North,1,1,0.64124787
1000388,0,0,0,112739.03,11.632831,University,76,21,-71,North,2,0,0.03703962
1000393,0,0,0,39903.074,10.594209,Primary or less,79,24,64,North,2,0,0.29401827
1000400,0,0,0,45747.04,10.730883,Upper secondary,61,6,36,North,2,0,0.74875
1000401,0,0,0,26004.703,10.166033,Lower secondary,72,17,33,North,3,0,0.6972071
1000402,0,0,0,39847.84,10.592823,Primary or less,73,18,68,North,2,0,0.30505282
1000428,1,1,1,45788.03,10.731778,Upper secondary,72,17,33,North,2,0,0.2770024
1000431,0,0,0,26120.383,10.170471,Primary or less,80,25,113,North,2,0,0.22502623
1000434,0,0,0,21634.496,9.982044,Upper secondary,81,26,-92,North,1,1,0.9223454
1000436,0,0,0,50764.51,10.834953,University,75,20,-112,North,2,0,0.06524412
1000445,0,0,0,155951.47,11.9573,University,71,16,0,North,2,0,0.032807473
1000488,0,0,0,54026.035,10.897222,Upper secondary,65,10,100,North,4,0,0.12960382
1000494,0,0,0,131391.4,11.785936,University,67,12,-112,North,3,0,0.05494777
1000497,1,1,0,63964.863,11.06609,Upper secondary,67,12,-112,North,2,0,0.19749252
1000515,1,1,0,87103.734,11.374855,Upper secondary,60,5,25,North,3,0,0.11361959
1000531,1,1,0,54095.254,10.898501,University,79,24,64,North,2,0,0.2513434
1000565,0,0,0,34859.47,10.45908,Upper secondary,59,4,16,North,3,0,0.38079306
1000585,0,0,0,23283.643,10.055507,Upper secondary,45,-10,100,North,2,1,1.4875447
1000609,1,1,0,48282.21,10.784819,Upper secondary,48,-7,49,North,4,0,0.5371419
1000610,0,0,0,20497.6,9.928063,Upper secondary,79,24,64,North,1,1,0.950347
1000615,0,0,0,70504.96,11.163439,Upper secondary,44,-11,121,North,1,1,0.085184835
1000672,0,0,0,21741.756,9.98699,Lower secondary,51,-4,16,North,1,1,0.9094188
1000700,1,1,0,132315.34,11.792943,Upper secondary,64,9,81,North,3,0,3.6780524
1000744,1,1,0,22711.926,10.030645,Lower secondary,82,27,-39,North,2,0,0.17366108
1000746,0,0,0,43614.113,10.683136,Lower secondary,78,23,17,North,2,0,0.18010364
1000750,0,0,0,45315.79,10.721411,Upper secondary,80,25,113,North,2,1,0.4757995
1000759,1,1,0,137268.89,11.829697,Upper secondary,69,14,-60,North,2,1,0.041136306
1000765,1,1,0,155418.38,11.953876,University,69,14,-60,North,3,0,0.07695664
1000771,1,1,0,143726.84,11.8756695,University,69,14,-60,North,3,0,0.20047629
1000775,0,0,0,54412.418,10.904347,Lower secondary,62,7,49,North,2,0,0.17943309
1000780,0,0,0,50251.074,10.824787,Upper secondary,58,3,9,North,3,1,0.05834117
1000795,0,0,0,23446.49,10.062476,Upper secondary,62,7,49,North,1,0,0.6174484
1000800,1,1,0,23220.803,10.052804,Upper secondary,58,3,9,North,3,1,0.7915464
1000803,0,0,0,138833.0,11.841027,Lower secondary,48,-7,49,North,4,1,0.27097216
1000815,1,1,0,31323.975,10.352139,Upper secondary,61,6,36,North,1,0,0.6067061
1000854,0,0,0,20156.797,9.911297,Upper secondary,30,-25,113,North,1,0,2.011841
1000906,0,0,0,72096.08,11.185755,University,67,12,-112,North,2,0,0.35914513
1000917,0,0,0,25028.4,10.127767,Upper secondary,57,2,4,North,1,1,0.89901495
1000927,0,0,0,43056.07,10.6702585,Upper secondary,74,19,105,North,2,1,0.56844395
1000946,0,0,0,42785.47,10.663954,Lower secondary,69,14,-60,North,2,1,3.0789018
1001004,0,0,0,13923.419,9.541327,Primary or less,87,32,0,North,1,1,3.8497055
1001017,0,0,0,52636.69,10.871169,Upper secondary,80,25,113,North,2,0,1.3266393
1001034,1,1,0,90292.33,11.410808,University,69,14,-60,North,1,0,0.14890195
1001079,1,1,1,132961.42,11.797814,Upper secondary,61,6,36,North,3,0,0.3151682
1001094,1,1,0,84820.08,11.348288,Upper secondary,60,5,25,North,4,1,0.38982278
1001205,0,0,0,36489.035,10.504767,University,37,-18,68,North,1,1,7.341592
1001265,0,0,0,43958.402,10.690999,Upper secondary,42,-13,-87,North,3,1,4.47353
1001314,0,0,0,27605.883,10.225784,Primary or less,85,30,-124,North,1,0,0.9560155
1001321,0,0,0,53787.16,10.89279,Lower secondary,68,13,-87,North,4,0,0.57134557
1001325,0,0,0,39557.457,10.585509,Lower secondary,55,0,0,North,3,0,0.7439216
1001326,0,0,0,107806.445,11.588093,University,64,9,81,North,4,1,0.07893284
1001347,0,0,0,36915.723,10.516393,Lower secondary,73,18,68,North,2,0,0.4018285
1001355,1,1,1,112768.87,11.633096,University,64,9,81,North,1,0,0.39230844
1001356,0,0,0,58514.547,10.977031,Lower secondary,68,13,-87,North,2,0,0.34759095
1001360,0,0,0,35443.594,10.4756975,Lower secondary,65,10,100,North,3,0,0.33617598
1001372,0,0,0,37122.297,10.521973,Primary or less,76,21,-71,North,2,0,0.4156834
1001374,0,0,0,70483.67,11.1631365,Upper secondary,80,25,113,North,2,0,0.10439428
1001380,0,0,0,24877.188,10.121707,Primary or less,72,17,33,North,2,0,0.13088156
1001385,0,0,0,39487.418,10.583737,Primary or less,74,19,105,North,2,0,0.38303453
1001390,0,0,0,20553.791,9.9308,Lower secondary,78,23,17,North,1,1,1.0063429
1001405,0,0,0,16577.926,9.715827,University,47,-8,64,North,3,1,1.6487315
1001413,0,0,0,13574.747,9.515966,Upper secondary,63,8,64,North,2,0,0.63495064
1001421,0,0,0,71792.086,11.18153,University,73,18,68,North,4,1,0.14091225
1001428,0,0,0,80447.08,11.295355,University,48,-7,49,North,4,0,0.5143198
1001450,0,0,0,52696.766,10.87231,University,64,9,81,North,2,0,0.14236614
1001457,1,1,1,75647.24,11.233836,Upper secondary,64,9,81,North,2,0,0.411594
1001480,0,0,0,76235.09,11.241577,Upper secondary,55,0,0,North,4,0,0.62248695
1001488,0,0,0,56756.797,10.94653,Lower secondary,57,2,4,North,3,0,0.2417826
1001489,0,0,0,315738.22,12.662669,Lower secondary,53,-2,4,North,2,0,0.17026998
1001513,0,0,0,48723.55,10.793918,University,67,12,-112,North,1,1,0.35342467
1001540,0,0,0,15606.91,9.655469,Upper secondary,71,16,0,North,1,0,0.8160796
1001584,0,0,0,52423.246,10.8671055,Upper secondary,76,21,-71,North,2,0,0.07356364
1001590,0,0,0,27718.816,10.229867,Upper secondary,87,32,0,North,2,0,0.49674517
1001616,1,1,1,64639.79,11.076586,University,73,18,68,North,1,0,0.2562167
1001624,0,0,0,61500.5,11.0268,Upper secondary,73,18,68,North,2,0,0.23079032
1001626,0,0,0,73123.63,11.199907,Lower secondary,64,9,81,North,6,0,0.12754492
1001640,0,0,0,99079.35,11.503676,University,83,28,16,North,1,0,0.23442696
1001644,0,0,0,26662.543,10.191015,Lower secondary,90,35,-55,North,2,0,0.3086591
1001660,0,0,0,73222.51,11.201258,Lower secondary,59,4,16,North,4,0,0.39983386
1001664,0,0,0,20212.543,9.914059,Upper secondary,69,14,-60,North,1,1,0.83250225
1001669,1,1,0,25065.625,10.129252,Upper secondary,63,8,64,North,1,0,0.7826515
1001712,0,0,0,22440.176,10.018608,University,50,-5,25,North,1,0,1.2197953
1001725,0,0,0,14002.932,9.547022,Lower secondary,34,-21,-71,North,1,0,1.2440343
1001768,0,0,0,13034.495,9.475354,Lower secondary,65,10,100,North,1,0,0.43255648
1001772,0,0,0,40073.055,10.598459,Upper secondary,54,-1,1,North,1,0,1.4599735
1001775,0,0,0,104000.0,11.552146,Primary or less,54,-1,1,North,4,0,0.5157004
1001833,0,0,0,21950.0,9.996523,Primary or less,87,32,0,North,2,0,3.5541523
1001844,0,0,0,22053.137,10.00121,Lower secondary,53,-2,4,North,2,1,8.044994
1001854,0,0,0,18023.91,9.799455,Lower secondary,54,-1,1,North,1,0,5.0288363
1001859,0,0,0,50541.293,10.830546,Upper secondary,49,-6,36,Centre,2,0,0.9742682
1001866,0,0,0,39062.72,10.572924,Upper secondary,71,16,0,Centre,2,0,0.6614488
1001871,0,0,0,64230.176,11.070229,Upper secondary,42,-13,-87,Centre,4,0,1.3992786
1001880,0,0,0,24347.04,10.100165,Primary or less,81,26,-92,Centre,2,0,0.70721924
1001882,1,1,0,60776.14,11.014953,Upper secondary,41,-14,-60,Centre,3,1,1.1253475
1001883,0,0,0,45259.004,10.720157,Upper secondary,52,-3,9,Centre,3,1,1.0927429
1001891,0,0,0,11525.68,9.352333,Upper secondary,56,1,1,Centre,3,1,0.674776
1001901,0,0,0,43432.258,10.678958,Upper secondary,30,-25,113,Centre,4,0,1.2755585
1001905,0,0,0,21574.145,9.979251,Primary or less,71,16,0,Centre,1,1,0.8676585
1001910,1,0,1,36550.617,10.5064535,Upper secondary,81,26,-92,Centre,1,1,0.8327807
1001911,0,0,0,48504.703,10.789416,University,84,29,73,Centre,2,1,0.724788
1001917,0,0,0,20306.271,9.918685,Lower secondary,87,32,0,Centre,1,0,0.92563707
1001921,0,0,0,16404.703,9.705323,Primary or less,92,37,89,Centre,1,1,0.9706579
1001957,0,0,0,46537.305,10.74801,Lower secondary,50,-5,25,Centre,4,0,1.4090486
1001972,0,0,0,56448.633,10.941087,Lower secondary,50,-5,25,Centre,4,0,1.056282
1001980,0,0,0,30402.508,10.32228,Upper secondary,57,2,4,Centre,2,1,0.7056555
1001982,0,0,0,20214.111,9.914136,Lower secondary,52,-3,9,Centre,1,1,2.054473
1001983,0,0,0,12000.0,9.392662,Lower secondary,57,2,4,Centre,1,1,0.96617144
1001984,1,1,0,20140.268,9.910477,University,42,-13,-87,Centre,2,1,1.6757995
1001996,0,0,0,41742.965,10.639286,Upper secondary,68,13,-87,Centre,2,0,1.4545889
1001999,0,0,0,34269.91,10.442023,Primary or less,69,14,-60,Centre,2,0,3.1599915
1002003,0,0,0,49918.72,10.818151,Primary or less,69,14,-60,Centre,2,0,1.8490392
1002004,0,0,0,37407.04,10.529614,Upper secondary,40,-15,-31,Centre,3,1,4.064545
1002015,0,0,0,59517.453,10.994025,Upper secondary,35,-20,-112,Centre,4,0,5.4144216
1002019,0,0,0,8459.408,9.043035,Upper secondary,58,3,9,Centre,1,1,4.535365
1002023,0,0,0,46226.54,10.741309,Upper secondary,26,-29,73,Centre,2,1,8.102043
1002042,0,0,0,39778.4,10.59108,Upper secondary,65,10,100,Centre,2,1,1.4760368
1002058,0,0,0,62427.676,11.041764,Upper secondary,42,-13,-87,Centre,3,1,4.2247705
1002060,0,0,0,99655.914,11.509479,University,71,16,0,Centre,2,0,0.96136135
1002065,0,0,0,2950.0,7.9895606,Lower secondary,62,7,49,Centre,1,1,1.1647576
1002069,0,0,0,22410.979,10.017306,Primary or less,83,28,16,Centre,2,1,1.0472816
1002077,0,0,0,13024.704,9.474604,Primary or less,50,-5,25,Centre,5,0,2.1836145
1002111,0,0,0,12915.68,9.466197,Upper secondary,22,-33,65,Centre,1,0,6.299638
1002116,0,0,0,56603.46,10.943826,Upper secondary,67,12,-112,Centre,2,0,0.17011179
1002143,1,1,1,102064.2,11.533358,Upper secondary,74,19,105,Centre,5,0,0.20042512
1002241,0,0,0,9360.0,9.1442,Lower secondary,63,8,64,Centre,1,1,0.38598543
1002250,0,0,0,33447.04,10.417719,Lower secondary,60,5,25,Centre,2,0,0.6118312
1002258,1,1,0,38982.703,10.570873,Primary or less,85,30,-124,Centre,2,0,0.20337273
1002259,0,0,0,24409.408,10.102724,Upper secondary,68,13,-87,Centre,1,1,0.73923
1002261,1,1,0,38374.973,10.5551605,Upper secondary,69,14,-60,Centre,2,0,0.62039703
1002269,0,0,0,42289.133,10.652286,Upper secondary,64,9,81,Centre,4,0,0.6843384
1002272,0,0,0,17315.04,9.759331,Lower secondary,61,6,36,Centre,1,0,0.26245794
1002275,0,0,0,22304.016,10.012522,Upper secondary,51,-4,16,Centre,3,1,1.264095
1002280,0,0,0,17706.414,9.781682,University,61,6,36,Centre,1,1,0.44510588
1002282,1,1,0,45956.246,10.735445,University,48,-7,49,Centre,4,0,0.88245684
1002290,0,0,0,65105.164,11.083759,University,43,-12,-112,Centre,4,1,1.0045989
1002296,0,0,0,10000.0,9.2103405,Lower secondary,53,-2,4,Centre,1,1,1.4842262
1002312,0,0,0,50002.8,10.819835,Upper secondary,84,29,73,Centre,2,0,0.710611
1002327,0,0,0,57134.844,10.95317,Upper secondary,66,11,121,Centre,2,0,0.61198074
1002328,1,1,0,74095.91,11.213116,University,70,15,-31,Centre,2,0,0.59707576
1002334,0,0,0,15104.704,9.622762,Primary or less,87,32,0,Centre,1,1,0.9989473
1002349,1,1,0,17263.113,9.756328,Upper secondary,65,10,100,Centre,2,0,0.2178864
1002364,0,0,0,48879.55,10.797114,University,85,30,-124,Centre,2,0,0.5937082
1002381,0,0,0,10709.408,9.278878,Primary or less,80,25,113,Centre,1,1,4.186402
1002383,0,0,0,23681.36,10.072444,Primary or less,72,17,33,Centre,1,0,4.0313334
1002387,0,0,0,12341.359,9.4207115,Upper secondary,71,16,0,Centre,1,1,3.635691
1002388,0,0,0,18203.45,9.809366,Lower secondary,66,11,121,Centre,2,0,2.5075471
1002392,0,0,0,42759.406,10.663344,Lower secondary,57,2,4,Centre,3,0,1.830788
1002417,0,0,0,39731.36,10.589896,Upper secondary,61,6,36,Centre,2,0,1.2764982
1002442,0,0,0,62283.504,11.039452,University,47,-8,64,Centre,4,0,1.2204959
1002475,0,0,0,30737.254,10.333231,University,35,-20,-112,Centre,1,0,0.4066585
1002484,0,0,0,15635.517,9.6573,Lower secondary,69,14,-60,Centre,1,0,3.7926223
1002497,0,0,0,6000.379,8.699578,Upper secondary,61,6,36,Centre,1,1,2.291682
1002520,0,0,0,38774.496,10.565518,Primary or less,69,14,-60,Centre,2,0,0.28278854
1002522,0,0,0,38705.082,10.563726,Primary or less,82,27,-39,Centre,2,0,0.06990582
1002529,0,0,0,41394.973,10.630915,University,42,-13,-87,Centre,5,1,0.35290778
1002547,0,0,0,110737.99,11.614923,University,70,15,-31,Centre,2,0,0.01844467
1002554,0,0,0,55695.098,10.927648,University,39,-16,0,Centre,4,0,0.40651247
1002557,0,0,0,34398.87,10.445779,Lower secondary,51,-4,16,Centre,4,0,1.2276592
1002559,0,0,0,33198.78,10.410269,Upper secondary,78,23,17,Centre,1,1,0.33841816
1002565,0,0,0,189697.9,12.153188,University,65,10,100,Centre,3,0,0.25057837
1002575,0,0,0,8925.088,9.0966215,Primary or less,91,36,16,Centre,1,1,0.3760617
1002577,0,0,0,13350.0,9.499271,Lower secondary,41,-14,-60,Centre,3,0,0.7122599
1002580,0,0,0,20850.176,9.945118,Upper secondary,82,27,-39,Centre,1,1,0.338295
1002582,0,0,0,8052.544,8.993743,Lower secondary,50,-5,25,Centre,1,0,0.6467402
1002617,1,1,1,76623.19,11.246655,Upper secondary,84,29,73,Centre,2,0,0.20830728
1002621,0,0,0,30057.84,10.310879,University,74,19,105,Centre,1,1,0.74062896
1002623,1,1,0,36222.805,10.497444,Upper secondary,47,-8,64,Centre,3,1,2.4725566
1002653,0,0,0,55041.117,10.915835,Upper secondary,58,3,9,Centre,2,0,2.4644935
1002659,0,0,0,37952.137,10.544081,Lower secondary,61,6,36,Centre,2,0,1.6380484
1002705,0,0,0,56247.04,10.937509,University,73,18,68,Centre,2,0,0.18937843
1002708,1,1,0,119234.72,11.688849,Upper secondary,71,16,0,Centre,2,0,0.048517503
1002728,0,0,0,15094.078,9.622058,Lower secondary,58,3,9,Centre,2,0,0.28026617
1002735,1,1,0,68938.695,11.140973,Upper secondary,48,-7,49,Centre,3,0,1.1592573
1002759,0,0,0,24774.666,10.117577,Lower secondary,42,-13,-87,Centre,3,0,1.7031292
1002760,0,0,0,71581.836,11.1785965,Lower secondary,63,8,64,Centre,3,0,0.29715252
1002767,0,0,0,25687.336,10.153753,Lower secondary,82,27,-39,Centre,1,1,1.2002298
1002782,0,0,0,111761.75,11.624125,University,76,21,-71,Centre,2,0,0.263422
1002783,0,0,0,46356.797,10.744123,Lower secondary,74,19,105,Centre,2,0,0.92727464
1002785,0,0,0,37390.043,10.52916,Upper secondary,70,15,-31,Centre,2,0,0.9391551
1002813,0,0,0,48675.0,10.792921,University,56,1,1,Centre,4,0,1.6325064
1002815,1,1,0,30925.605,10.33934,Lower secondary,70,15,-31,Centre,3,0,1.4884251
1002831,1,1,1,88589.57,11.391769,Upper secondary,66,11,121,Centre,4,0,0.14643596
1002842,0,0,0,26753.793,10.194431,Upper secondary,56,1,1,Centre,2,0,0.89500415
1002849,1,0,1,64248.617,11.070516,University,57,2,4,Centre,1,1,0.8399421
1002863,0,0,0,12804.704,9.457568,University,53,-2,4,Centre,2,1,3.0264723
1002902,0,0,0,29594.65,10.295349,Upper secondary,72,17,33,Centre,1,0,0.3162256
1002929,0,0,0,64362.72,11.072289,Upper secondary,77,22,-28,Centre,2,0,0.1444237
1002938,0,0,0,16315.68,9.699882,Lower secondary,55,0,0,Centre,2,0,3.8555958
1002950,1,1,0,113476.266,11.639349,University,65,10,100,Centre,3,1,2.3735616
1002954,1,1,1,63645.605,11.061086,University,43,-12,-112,Centre,3,0,6.0408893
1002966,0,0,0,16120.0,9.687816,Primary or less,86,31,-63,Centre,2,1,0.77942216
1002988,1,0,1,51381.2,10.847028,University,44,-11,121,Centre,4,0,0.9178883
1003022,1,1,1,63016.69,11.051155,University,50,-5,25,Centre,4,0,0.8946428
1003033,0,0,0,32688.156,10.394768,Lower secondary,73,18,68,Centre,1,0,1.1999993
1003040,0,0,0,49463.953,10.808999,Upper secondary,29,-26,-92,Centre,2,0,0.8691146
1003042,0,0,0,36714.375,10.510923,Lower secondary,72,17,33,Centre,1,1,1.1668531
1003050,0,0,0,37447.35,10.530691,Upper secondary,62,7,49,Centre,1,0,0.97071534
1003053,0,0,0,29491.918,10.291872,Lower secondary,84,29,73,Centre,2,0,0.8409088
1003056,0,0,0,43300.0,10.675908,Lower secondary,72,17,33,Centre,3,0,0.3758379
1003060,1,1,0,38106.688,10.548145,Lower secondary,70,15,-31,Centre,2,0,0.8130704
1003074,0,0,0,27812.924,10.233256,Upper secondary,63,8,64,Centre,1,1,1.044482
1003080,0,0,0,7200.0,8.881836,Lower secondary,63,8,64,Centre,1,0,0.58908504
1003098,0,0,0,31209.408,10.3484745,Lower secondary,60,5,25,Centre,2,0,1.3267864
1003100,0,0,0,11200.0,9.323669,Lower secondary,58,3,9,Centre,1,0,3.5055454
1003102,1,0,1,90430.02,11.412332,Upper secondary,68,13,-87,Centre,2,1,0.3949632
1003145,0,0,0,21003.764,9.952457,Lower secondary,62,7,49,Centre,1,0,1.2730778
1003164,1,1,1,79912.35,11.288686,University,74,19,105,Centre,2,0,0.19155416
1003165,0,0,0,37761.66,10.539049,Lower secondary,74,19,105,Centre,2,0,1.0548797
1003172,0,0,0,62766.258,11.047173,Lower secondary,61,6,36,Centre,5,0,0.5593906
1003184,0,0,0,33809.344,10.428493,Lower secondary,56,1,1,Centre,3,0,1.6477238
1003205,0,0,0,65321.953,11.087084,Upper secondary,43,-12,-112,Centre,4,0,2.2864854
1003264,0,0,0,48388.62,10.78702,Primary or less,78,23,17,Centre,3,0,0.807644
1003289,0,0,0,33553.76,10.420904,Lower secondary,53,-2,4,Centre,3,0,0.768199
1003296,0,0,0,85149.39,11.352162,Upper secondary,55,0,0,Centre,4,0,0.3105849
1003301,0,0,0,38076.273,10.547347,Primary or less,84,29,73,Centre,3,0,0.28210264
1003335,0,0,0,42363.68,10.654047,Lower secondary,79,24,64,Centre,2,0,0.46540198
1003346,0,0,0,86986.8,11.373511,Upper secondary,87,32,0,Centre,2,0,0.042302027
1003395,0,0,0,58218.82,10.971964,Upper secondary,77,22,-28,Centre,2,0,0.77069366
1003407,0,0,0,256986.02,12.456777,University,83,28,16,Centre,2,0,0.012046002
1003413,0,0,0,37210.215,10.524339,Lower secondary,70,15,-31,Centre,3,0,1.245851
1003450,1,0,0,110859.12,11.616015,University,82,27,-39,Centre,2,0,0.08064228
1003480,1,1,0,43833.695,10.688158,Upper secondary,76,21,-71,Centre,2,0,0.672777
1003528,1,1,0,52616.94,10.870793,Upper secondary,61,6,36,Centre,2,0,1.0776271
1003548,0,0,0,69878.07,11.154508,Upper secondary,37,-18,68,Centre,3,0,1.62637
1003551,0,0,0,64300.19,11.071318,Upper secondary,48,-7,49,Centre,4,0,1.38548
1003557,1,0,1,64227.73,11.07019,University,39,-16,0,Centre,2,0,1.6199954
1003640,0,0,0,33644.758,10.423613,University,63,8,64,Centre,2,1,1.382094
1003705,1,1,0,45963.26,10.735598,Upper secondary,58,3,9,Centre,2,0,0.79553425
1003708,0,0,0,8402.111,9.036239,Primary or less,77,22,-28,Centre,1,0,1.0257215
1003741,0,0,0,56415.68,10.940502,University,49,-6,36,Centre,1,1,1.9887632
1003790,0,0,0,35123.52,10.466626,Lower secondary,72,17,33,Centre,2,1,1.6941998
1003799,1,1,0,41021.152,10.621843,Lower secondary,71,16,0,Centre,2,0,2.121198
1003812,1,1,0,59974.23,11.00167,University,43,-12,-112,Centre,4,1,4.7446127
1003816,0,0,0,36826.793,10.513981,Upper secondary,44,-11,121,Centre,2,1,3.9229212
1003829,0,0,0,76230.48,11.241517,Upper secondary,24,-31,-63,Centre,3,0,5.0417795
1003832,0,0,0,37760.977,10.539032,Upper secondary,27,-28,16,Centre,3,1,6.4522243
1003835,0,0,0,42622.59,10.66014,University,37,-18,68,Centre,3,0,7.431305
1003854,0,0,0,25802.48,10.158226,Upper secondary,47,-8,64,Centre,4,0,6.839912
1003894,0,0,0,74105.305,11.213243,Upper secondary,51,-4,16,Centre,4,0,0.50878876
1003934,0,0,0,60327.91,11.00755,Upper secondary,54,-1,1,Centre,4,1,1.0235863
1003950,0,0,0,102585.47,11.538451,Upper secondary,58,3,9,Centre,6,0,0.34676513
1003958,1,1,0,38825.395,10.56683,Upper secondary,54,-1,1,Centre,1,0,1.5406284
1003996,0,0,0,85503.47,11.356312,Upper secondary,54,-1,1,Centre,5,0,7.7197633
1004013,0,0,0,23360.0,10.058781,Upper secondary,53,-2,4,Centre,1,1,6.596282
1004022,0,0,0,18338.137,9.816738,Primary or less,86,31,-63,Centre,2,1,2.9841464
1004068,0,0,0,28035.262,10.241219,Primary or less,85,30,-124,Centre,2,0,0.88240355
1004088,0,0,0,37344.6,10.527944,Lower secondary,73,18,68,Centre,2,0,0.6174398
1004098,0,0,0,110132.234,11.609437,Upper secondary,71,16,0,Centre,3,0,0.18169661
1004111,1,0,1,45563.863,10.726871,Upper secondary,57,2,4,Centre,4,0,0.6134766
1004130,1,1,0,76005.7,11.238564,University,67,12,-112,Centre,2,0,0.1634935
1004136,0,0,0,65839.68,11.094978,Upper secondary,67,12,-112,Centre,2,0,0.74812436
1004192,0,0,0,59282.438,10.990068,Lower secondary,51,-4,16,Centre,3,0,1.0875545
1004208,0,0,0,47421.277,10.766827,Upper secondary,26,-29,73,Centre,2,1,0.8554113
1004236,1,0,1,48059.88,10.780203,University,74,19,105,Centre,1,0,0.8238485
1004252,0,0,0,18125.516,9.805076,Upper secondary,53,-2,4,Centre,1,0,2.4638257
1004288,0,0,0,26287.963,10.176867,Lower secondary,63,8,64,Centre,1,1,0.9987984
1004328,0,0,0,12043.798,9.396305,Lower secondary,68,13,-87,Centre,1,0,0.0565231
1004381,0,0,0,8407.84,9.03692,Upper secondary,58,3,9,Centre,1,1,1.4962499
1004390,1,1,0,62120.59,11.036833,Upper secondary,57,2,4,Centre,4,0,1.4602807
1004395,0,0,0,22109.408,10.003758,Lower secondary,41,-14,-60,Centre,4,0,2.3836899
1004400,0,0,0,30847.04,10.336796,Upper secondary,30,-25,113,Centre,4,0,2.794503
1004412,0,0,0,19157.412,9.860445,Primary or less,78,23,17,Centre,1,0,2.9889975
1004417,0,0,0,69827.35,11.153781,Primary or less,84,29,73,Centre,4,1,4.5805826
1004433,0,0,0,104865.57,11.560434,Upper secondary,76,21,-71,Centre,2,0,2.529294
1004446,0,0,0,50496.855,10.829666,Lower secondary,63,8,64,Centre,2,0,3.5551
1004447,0,0,0,32625.016,10.392835,Primary or less,87,32,0,Centre,2,1,3.7421093
1004461,0,0,0,37555.406,10.533572,Upper secondary,59,4,16,Centre,2,1,6.6812534
1004476,0,0,0,59356.797,10.991322,Upper secondary,58,3,9,Centre,4,1,4.322662
1004498,1,1,0,77807.016,11.261987,University,75,20,-112,Centre,2,0,0.098954484
1004514,1,0,1,75242.69,11.228474,University,67,12,-112,Centre,2,1,0.09223223
1004538,0,0,0,18604.344,9.83115,Lower secondary,70,15,-31,Centre,1,0,0.6496701
1004552,0,0,0,43352.234,10.677114,Upper secondary,75,20,-112,Centre,2,0,1.1204398
1004572,0,0,0,36018.074,10.491776,Upper secondary,65,10,100,Centre,2,0,0.8289742
1004576,1,1,1,64174.73,11.069365,Upper secondary,54,-1,1,Centre,3,0,2.166101
1004579,0,0,0,39425.402,10.582166,Lower secondary,61,6,36,Centre,3,0,2.1517792
1004586,0,0,0,7014.0522,8.855671,Upper secondary,45,-10,100,Centre,3,1,2.2310195
1004591,0,0,0,28914.76,10.272107,Lower secondary,42,-13,-87,Centre,4,0,0.8624694
1004595,0,0,0,48637.84,10.792157,Upper secondary,41,-14,-60,Centre,4,0,0.6872826
1004600,0,0,0,41986.95,10.645114,Upper secondary,35,-20,-112,Centre,4,0,0.31955495
1004602,0,0,0,15002.666,9.615983,Lower secondary,59,4,16,Centre,3,0,0.23490547
1004610,0,0,0,21652.979,9.982899,Upper secondary,56,1,1,Centre,2,1,2.218317
1004614,0,0,0,46250.875,10.741836,University,41,-14,-60,Centre,1,0,3.1223764
1004620,1,1,0,25727.822,10.155329,Primary or less,84,29,73,Centre,1,1,0.62193286
1004622,0,0,0,58578.44,10.978122,Upper secondary,68,13,-87,Centre,2,0,0.1172517
1004629,1,1,0,86724.914,11.370497,Upper secondary,47,-8,64,Centre,3,0,1.2154089
1004645,1,0,1,26729.969,10.193541,University,57,2,4,Centre,1,0,0.3521702
1004657,0,0,0,43008.156,10.669145,Primary or less,78,23,17,Centre,2,0,0.2049663
1004658,0,0,0,113594.336,11.6403885,Upper secondary,59,4,16,Centre,3,0,0.14109845
1004664,0,0,0,59325.895,10.990801,Upper secondary,53,-2,4,Centre,5,0,0.8869548
1004675,0,0,0,16604.477,9.717427,Primary or less,68,13,-87,Centre,1,0,0.3020826
1004682,0,0,0,56000.0,10.933107,Upper secondary,64,9,81,Centre,3,1,0.78505135
1004684,0,0,0,42400.0,10.654903,Upper secondary,58,3,9,Centre,1,1,0.20466772
1004685,0,0,0,49965.324,10.819084,University,54,-1,1,Centre,4,1,0.2629307
1004708,0,0,0,49603.137,10.81181,Upper secondary,37,-18,68,Centre,4,0,0.742473
1004713,0,0,0,47126.69,10.760595,University,33,-22,-28,Centre,2,1,0.3276881
1004720,0,0,0,29812.543,10.302685,Upper secondary,52,-3,9,Centre,2,1,2.6087291
1004722,0,0,0,73777.88,11.208815,University,37,-18,68,Centre,4,1,2.5849972
1004734,0,0,0,127633.71,11.75692,Upper secondary,39,-16,0,Centre,2,0,0.37915826
1004740,0,0,0,41543.37,10.634493,Upper secondary,75,20,-112,Centre,2,0,0.3890925
1004752,0,0,0,48034.832,10.779682,Upper secondary,60,5,25,Centre,2,0,0.5344765
1004758,0,0,0,24117.234,10.090682,Upper secondary,59,4,16,Centre,3,0,0.2559878
1004773,0,0,0,8612.94,9.061021,Upper secondary,73,18,68,Centre,1,1,2.3380487
1004781,0,0,0,82194.2,11.31684,Upper secondary,71,16,0,Centre,4,0,1.6216712
1004813,1,1,0,21229.35,9.96314,Primary or less,79,24,64,Centre,1,1,0.31453398
1004847,0,0,0,19278.584,9.86675,Lower secondary,66,11,121,Centre,1,0,0.29752555
1004853,0,0,0,33136.36,10.408386,Upper secondary,83,28,16,Centre,2,0,1.2204826
1004861,0,0,0,16609.408,9.717725,Lower secondary,57,2,4,Centre,3,0,1.6164933
1004865,0,0,0,28345.088,10.252209,Lower secondary,81,26,-92,Centre,2,0,1.3979291
1004870,0,0,0,27931.36,10.237505,Primary or less,83,28,16,Centre,2,0,0.99172705
1004880,0,0,0,48422.336,10.787717,Lower secondary,60,5,25,Centre,3,0,1.2416277
1004889,0,0,0,37825.086,10.540728,Upper secondary,36,-19,105,Centre,4,0,2.26188
1004948,0,0,0,56025.68,10.933565,University,73,18,68,Centre,2,0,0.44102797
1004959,0,0,0,47353.91,10.765405,University,82,27,-39,Centre,2,1,0.5382733
1004964,0,0,0,31414.89,10.355038,Upper secondary,72,17,33,Centre,2,0,0.1872963
1004966,0,0,0,68641.43,11.136652,Upper secondary,71,16,0,Centre,3,0,0.98762995
1004968,0,0,0,42423.77,10.655464,Lower secondary,70,15,-31,Centre,2,0,0.66577286
1004972,0,0,0,25462.719,10.144971,Primary or less,82,27,-39,Centre,1,1,0.9029768
1004992,1,1,0,86160.42,11.363966,Lower secondary,63,8,64,Centre,4,1,1.42696
1004997,0,0,0,63935.44,11.065629,Upper secondary,57,2,4,Centre,2,1,0.70960325
1004999,0,0,0,62017.668,11.035174,University,74,19,105,Centre,1,1,0.16159022
1005016,1,1,0,17123.078,9.748182,Upper secondary,60,5,25,Centre,1,1,0.87687576
1005030,0,0,0,54997.08,10.915035,Upper secondary,62,7,49,Centre,2,0,0.28133193
1005031,1,1,1,56285.1,10.938185,University,45,-10,100,Centre,3,0,0.53191704
1005069,0,0,0,58252.117,10.972536,Upper secondary,56,1,1,Centre,5,1,0.26153404
1005074,0,0,0,32877.242,10.400536,Upper secondary,59,4,16,Centre,1,1,0.76501256
1005079,0,0,0,28779.57,10.267421,Upper secondary,68,13,-87,Centre,2,0,0.58208966
1005087,0,0,0,38484.613,10.558014,Upper secondary,54,-1,1,Centre,2,0,0.7857833
1005090,0,0,0,37522.74,10.532702,Lower secondary,54,-1,1,Centre,3,0,1.1063167
1005109,1,1,0,50420.92,10.828161,Upper secondary,50,-5,25,Centre,3,0,4.7763157
1005115,0,0,0,10740.0,9.281731,Upper secondary,69,14,-60,Centre,1,0,2.757733
1005119,0,0,0,20084.68,9.907713,University,66,11,121,Centre,2,0,1.8503296
1005123,0,0,0,13311.976,9.496419,Primary or less,67,12,-112,Centre,1,1,2.8884234
1005131,1,1,0,55639.832,10.926655,Upper secondary,44,-11,121,Centre,4,0,5.058332
1005153,0,0,0,50037.69,10.820532,University,50,-5,25,Centre,4,0,2.0700185
1005168,0,0,0,22984.229,10.042563,Upper secondary,51,-4,16,Centre,4,0,0.8952211
1005175,0,0,0,37206.273,10.524233,Upper secondary,67,12,-112,Centre,2,1,0.66937727
1005182,0,0,0,38956.984,10.570213,Upper secondary,74,19,105,Centre,2,1,0.79433376
1005188,0,0,0,22865.68,10.037393,Upper secondary,75,20,-112,Centre,2,0,0.7742117
1005193,0,0,0,19206.271,9.862992,Upper secondary,83,28,16,Centre,2,0,0.23815063
1005212,1,1,0,68511.29,11.134754,Upper secondary,60,5,25,Centre,2,0,0.24711213
1005223,0,0,0,36188.156,10.496488,Upper secondary,43,-12,-112,Centre,1,0,1.0910611
1005256,0,0,0,23003.168,10.043387,Lower secondary,47,-8,64,Centre,1,0,1.8163267
1005285,0,0,0,152162.83,11.932707,Upper secondary,52,-3,9,Centre,4,0,0.8166814
1005290,0,0,0,130253.3,11.777236,Upper secondary,78,23,17,Centre,3,0,0.18794096
1005292,0,0,0,75400.73,11.230572,University,51,-4,16,Centre,3,1,0.83386344
1005315,0,0,0,43220.938,10.67408,Upper secondary,67,12,-112,Centre,2,0,1.5326664
1005325,0,0,0,52424.29,10.8671255,University,73,18,68,Centre,2,0,0.51774985
1005327,0,0,0,30237.63,10.316842,Upper secondary,79,24,64,Centre,2,0,0.8408861
1005349,0,0,0,34160.0,10.43881,Primary or less,54,-1,1,Centre,6,0,1.7016431
1005369,0,0,0,21409.588,9.971594,University,69,14,-60,Centre,2,0,0.42353758
1005376,0,0,0,7202.094,8.882127,Upper secondary,74,19,105,Centre,1,1,3.1979642
1005384,0,0,0,70948.34,11.169707,Upper secondary,57,2,4,Centre,4,0,0.7100429
1005408,0,0,0,35110.242,10.4662485,Lower secondary,37,-18,68,Centre,4,1,5.6928363
1005414,1,1,1,110212.71,11.6101675,University,72,17,33,Centre,1,0,0.38961974
1005504,0,0,0,29115.68,10.279032,Upper secondary,78,23,17,Centre,2,0,0.8306395
1005506,0,0,0,43062.72,10.670413,University,75,20,-112,Centre,2,0,0.12833099
1005517,0,0,0,80278.4,11.293256,Upper secondary,68,13,-87,Centre,2,1,0.15472212
1005530,0,0,0,38504.703,10.558536,Upper secondary,43,-12,-112,Centre,3,1,1.9018612
1005532,0,0,0,30500.0,10.325482,Upper secondary,79,24,64,Centre,2,1,0.8019624
1005537,0,0,0,41900.0,10.643041,Upper secondary,30,-25,113,Centre,3,0,2.3187103
1005545,0,0,0,30402.508,10.32228,Upper secondary,57,2,4,Centre,4,0,0.8560847
1005555,0,0,0,55015.68,10.915374,Upper secondary,39,-16,0,Centre,3,0,1.8645362
1005671,0,0,0,38400.957,10.555838,University,24,-31,-63,Centre,2,1,1.5234759
1005682,0,0,0,36506.273,10.5052395,Upper secondary,51,-4,16,Centre,2,1,0.51862824
1005688,0,0,0,61692.566,11.029919,Upper secondary,53,-2,4,Centre,3,0,1.8512135
1005770,0,0,0,31969.979,10.372553,Upper secondary,45,-10,100,Centre,4,1,1.193757
1005781,0,0,0,88797.04,11.394109,Upper secondary,73,18,68,Centre,4,0,1.0880685
1005803,0,0,0,17052.822,9.744071,Primary or less,76,21,-71,Centre,1,1,1.1153821
1005808,0,0,0,11000.0,9.305651,Lower secondary,49,-6,36,Centre,3,0,3.2056296
1005817,0,0,0,38453.832,10.557214,Upper secondary,67,12,-112,Centre,1,1,1.225115
1005850,0,0,0,79393.62,11.282173,University,72,17,33,Centre,4,0,0.20312573
1005859,0,0,0,11530.0,9.352708,Upper secondary,40,-15,-31,Centre,3,1,2.7956748
1005897,1,0,1,238227.81,12.380982,Upper secondary,74,19,105,Centre,4,0,0.37360752
1005929,0,0,0,116755.35,11.667836,University,57,2,4,Centre,5,1,0.18697976
1005965,0,0,0,33821.953,10.428865,Upper secondary,47,-8,64,Centre,2,1,3.201635
1005974,1,1,1,252710.62,12.440001,University,67,12,-112,Centre,2,0,0.013912217
1005987,0,0,0,48400.0,10.787255,Upper secondary,50,-5,25,Centre,3,1,2.409178
1006003,1,1,0,111909.79,11.625448,University,57,2,4,Centre,5,0,1.4259824
1006027,0,0,0,36000.0,10.491274,University,57,2,4,Centre,2,1,1.6273446
1006030,0,0,0,20980.0,9.951324,Primary or less,80,25,113,Centre,1,0,0.8393168
1006037,0,0,0,80362.3,11.2943,University,65,10,100,Centre,3,0,0.17737488
1006110,0,0,0,39309.793,10.579229,University,44,-11,121,Centre,2,1,0.79715174
1006111,0,0,0,38531.36,10.559228,Upper secondary,61,6,36,Centre,2,1,1.2884305
1006116,0,0,0,77689.43,11.260474,Upper secondary,75,20,-112,Centre,2,1,0.143749
1006144,0,0,0,53400.0,10.885566,Upper secondary,70,15,-31,Centre,2,1,0.14034925
1006173,0,0,0,55702.92,10.927788,University,87,32,0,Centre,2,0,0.9747324
1006177,1,0,1,28982.82,10.274459,Upper secondary,51,-4,16,Centre,1,0,1.9424484
1006184,0,0,0,30935.56,10.339662,Upper secondary,32,-23,17,Centre,1,0,0.87902874
1006197,0,0,0,20405.38,9.923553,University,53,-2,4,Centre,1,0,2.0115361
1006209,0,0,0,29958.768,10.307577,Upper secondary,37,-18,68,Centre,1,0,1.0166739
1006274,0,0,0,102206.13,11.534747,University,83,28,16,Centre,2,0,0.07140942
1006319,0,0,0,21941.8,9.996149,Lower secondary,47,-8,64,Centre,3,0,1.6762571
1006325,0,0,0,135903.67,11.819701,Upper secondary,77,22,-28,Centre,2,0,0.09752576
1006360,0,0,0,56388.95,10.940028,Upper secondary,68,13,-87,Centre,2,1,1.1577601
1006374,0,0,0,26857.229,10.19829,University,40,-15,-31,Centre,1,0,1.7575945
1006383,0,0,0,19806.271,9.893754,Lower secondary,57,2,4,Centre,2,0,0.9998145
1006385,0,0,0,32523.777,10.389727,University,42,-13,-87,Centre,1,1,3.5494134
1006395,0,0,0,33000.0,10.404263,University,78,23,17,Centre,2,0,0.8022092
1006403,0,0,0,15440.313,9.644737,Upper secondary,38,-17,33,Centre,4,0,2.1879478
1006411,0,0,0,37507.676,10.532301,Lower secondary,43,-12,-112,Centre,4,1,1.7272426
1006435,1,0,0,176380.02,12.080396,University,67,12,-112,Centre,2,0,0.304765
1006438,1,1,0,48885.633,10.797239,University,69,14,-60,Centre,1,1,1.0743954
1006449,1,1,0,50511.754,10.829962,University,69,14,-60,Centre,2,1,0.6612218
1006458,0,0,0,46546.504,10.748207,Lower secondary,60,5,25,Centre,4,0,1.4206481
1006573,0,0,0,43238.36,10.674483,Upper secondary,64,9,81,Centre,2,1,1.3215628
1006611,1,0,1,57908.836,10.966625,University,51,-4,16,Centre,4,0,2.281722
1006639,0,0,0,128381.68,11.762763,University,59,4,16,Centre,6,0,1.0793105
1006664,0,0,0,79614.13,11.284947,Upper secondary,73,18,68,Centre,2,0,0.9204872
1006666,0,0,0,41867.633,10.642268,Lower secondary,59,4,16,Centre,1,0,1.5204211
1006674,0,0,0,24400.854,10.102373,Lower secondary,59,4,16,Centre,3,0,1.2985085
1006683,1,0,1,96637.24,11.47872,Upper secondary,66,11,121,Centre,4,0,0.71756977
1006745,0,0,0,120235.195,11.697206,University,84,29,73,Centre,2,0,0.047744956
1006773,0,0,0,20306.898,9.918716,University,58,3,9,Centre,4,1,0.33626604
1006820,0,0,0,14000.0,9.546813,Primary or less,44,-11,121,Centre,1,0,4.6893816
1006839,0,0,0,23956.348,10.083988,Upper secondary,53,-2,4,Centre,2,1,2.471352
1006873,0,0,0,12960.0,9.469623,Upper secondary,52,-3,9,Centre,4,1,1.8226327
1006948,0,0,0,62760.42,11.04708,Upper secondary,67,12,-112,Centre,2,0,0.41780087
1006949,0,0,0,14160.0,9.558176,University,44,-11,121,Centre,3,1,2.752837
1006951,0,0,0,26418.816,10.181831,Upper secondary,76,21,-71,Centre,1,0,1.4850459
1006954,0,0,0,36604.703,10.507932,Upper secondary,35,-20,-112,Centre,1,0,4.6905575
1006962,0,0,0,23400.0,10.060492,Lower secondary,72,17,33,Centre,1,1,0.55883265
1006973,1,0,1,112065.29,11.626837,Upper secondary,73,18,68,Centre,2,0,0.28504288
1007010,0,0,0,29033.385,10.276201,Lower secondary,77,22,-28,Centre,2,1,0.9263373
1007037,0,0,0,43562.32,10.681948,Upper secondary,35,-20,-112,Centre,3,0,2.334216
1007059,0,0,0,23050.0,10.045421,Lower secondary,65,10,100,Centre,2,0,0.5935627
1007077,1,1,0,63708.93,11.06208,University,32,-23,17,Centre,2,1,3.5040457
1007132,0,0,0,31825.088,10.3680105,Upper secondary,70,15,-31,Centre,1,0,1.417654
1007136,0,0,0,9608.278,9.170381,Upper secondary,56,1,1,Centre,1,1,0.9353059
1007160,0,0,0,96242.54,11.474627,University,50,-5,25,Centre,5,0,1.6709445
1007171,1,1,0,31343.502,10.352762,Upper secondary,45,-10,100,Centre,1,0,2.737898
1007178,0,0,0,20300.967,9.918424,Upper secondary,66,11,121,Centre,1,1,0.49273708
1007184,0,0,0,58914.023,10.983834,University,50,-5,25,Centre,1,0,2.0452228
1007189,0,0,0,29062.719,10.277211,Upper secondary,60,5,25,Centre,3,0,1.6485598
1007201,1,1,0,63035.844,11.051458,Upper secondary,57,2,4,Centre,2,0,1.766439
1007270,0,0,0,75101.086,11.22659,Upper secondary,42,-13,-87,Centre,4,0,1.8431337
1007285,1,0,0,700704.0,13.459841,University,54,-1,1,Centre,3,1,0.28729764
1007291,0,0,0,24000.0,10.085809,Primary or less,40,-15,-31,Centre,5,1,2.1106102
1007312,0,0,0,23915.68,10.08229,Primary or less,81,26,-92,Centre,1,1,1.5904174
1007330,0,0,0,69489.65,11.148933,University,93,38,-92,Centre,1,0,0.3176961
1007406,0,0,0,26605.326,10.188867,Upper secondary,30,-25,113,Centre,1,1,5.273305
1007436,0,0,0,500.0,6.214608,Upper secondary,61,6,36,Centre,2,0,1.388842
1007455,0,0,0,282244.03,12.550528,Upper secondary,62,7,49,Centre,2,1,0.0046770577
1007484,0,0,0,44728.0,10.708355,Lower secondary,57,2,4,Centre,3,0,1.3676647
1007505,1,1,0,73831.44,11.20954,Upper secondary,79,24,64,Centre,2,0,1.1535016
1007506,1,1,1,118550.58,11.683095,University,60,5,25,Centre,3,1,1.2477102
1007507,1,1,1,89987.61,11.407427,University,83,28,16,Centre,2,0,0.23522408
1007527,0,0,0,561127.2,13.237703,University,78,23,17,Centre,2,0,0.011206638
1007544,0,0,0,10200.0,9.230143,Upper secondary,53,-2,4,Centre,3,1,1.6747106
1007579,0,0,0,99800.875,11.510932,University,52,-3,9,Centre,4,1,1.8289069
1007600,1,0,0,155329.23,11.953302,University,76,21,-71,Centre,2,0,0.045021404
1007680,1,1,1,134774.05,11.811355,University,72,17,33,Centre,2,1,0.076573074
1007699,1,1,1,70708.38,11.16632,University,81,26,-92,Centre,2,0,0.275198
1007723,0,0,0,29700.0,10.2989025,Upper secondary,81,26,-92,Centre,1,0,1.4794482
1007899,0,0,0,74822.125,11.222869,University,78,23,17,Centre,2,0,0.27540988
1007935,0,0,0,24987.895,10.126146,Primary or less,84,29,73,Centre,1,1,1.6052731
1007940,0,0,0,33353.76,10.414926,Lower secondary,52,-3,9,Centre,3,0,2.00671
1007977,1,1,0,100243.42,11.515357,University,77,22,-28,Centre,2,0,0.42692798
1007986,0,0,0,66795.164,11.109386,University,68,13,-87,Centre,2,0,0.28779238
1007998,0,0,0,42300.0,10.652542,Primary or less,67,12,-112,Centre,3,1,1.0695068
1008011,0,0,0,31678.805,10.363403,Upper secondary,36,-19,105,Centre,4,1,2.5805085
1008047,1,1,1,51598.656,10.851251,University,46,-9,81,Centre,4,0,0.92150855
1008050,1,1,0,38867.324,10.567909,Upper secondary,61,6,36,Centre,1,0,1.613204
1008116,0,0,0,45586.766,10.727373,Upper secondary,69,14,-60,Centre,2,0,0.8644961
1008128,0,0,0,22156.447,10.005884,Upper secondary,74,19,105,Centre,1,0,1.4114448
1008156,0,0,0,62070.387,11.036024,Upper secondary,47,-8,64,Centre,3,1,0.8770355
1008201,0,0,0,18278.646,9.813489,University,51,-4,16,Centre,1,0,0.065814696
1008203,0,0,0,45292.125,10.720888,Upper secondary,58,3,9,Centre,3,0,1.5261827
1008212,0,0,0,46200.0,10.740735,Upper secondary,45,-10,100,Centre,4,1,1.6340004
1008228,0,0,0,112564.29,11.63128,Upper secondary,48,-7,49,Centre,4,0,2.176185
1008231,0,0,0,30532.584,10.32655,Upper secondary,71,16,0,Centre,1,1,1.7155536
1008271,1,1,0,239410.17,12.385934,University,56,1,1,Centre,4,0,0.49775454
1008278,0,0,0,31230.262,10.349143,Primary or less,86,31,-63,Centre,2,1,1.8705815
1008279,0,0,0,48125.152,10.78156,Lower secondary,81,26,-92,Centre,2,0,1.1843603
1008283,0,0,0,111403.5,11.620914,University,59,4,16,Centre,2,0,0.39637515
1008321,0,0,0,38050.875,10.5466795,Upper secondary,65,10,100,Centre,1,1,1.4780384
1008334,0,0,0,72731.57,11.1945305,University,64,9,81,Centre,1,1,0.549878
1008356,0,0,0,83267.02,11.329808,Upper secondary,46,-9,81,Centre,3,0,0.5976438
1008408,1,0,1,347258.2,12.757824,University,77,22,-28,Centre,2,1,0.009892385
1008419,0,0,0,7815.3535,8.963845,Lower secondary,41,-14,-60,Centre,4,0,2.2995894
1008440,0,0,0,37420.383,10.529971,Lower secondary,55,0,0,Centre,3,1,1.9401392
1008508,0,0,0,16000.0,9.680344,Lower secondary,46,-9,81,Centre,2,0,1.382129
1008570,0,0,0,300.0,5.7037826,Upper secondary,26,-29,73,Centre,1,0,5.0585113
1008597,1,0,1,136660.84,11.825257,University,46,-9,81,Centre,2,0,0.1603527
1008613,0,0,0,62.718544,4.138657,Upper secondary,60,5,25,Centre,2,0,0.7615167
1008617,0,0,0,56372.215,10.939732,Upper secondary,43,-12,-112,Centre,1,0,2.6330776
1008625,0,0,0,4500.0,8.411833,Upper secondary,26,-29,73,Centre,1,1,5.276109
1008656,0,0,0,46281.535,10.742498,Upper secondary,88,33,65,Centre,1,0,2.4123092
1008687,0,0,0,22218.742,10.008692,Upper secondary,63,8,64,Centre,1,1,0.6810607
1008703,0,0,0,42206.65,10.650333,Upper secondary,24,-31,-63,Centre,4,1,1.2185432
1008740,1,1,1,69682.43,11.151704,University,49,-6,36,Centre,3,0,0.27647647
1008752,0,0,0,62170.766,11.037641,Upper secondary,32,-23,17,Centre,2,0,2.6342404
1008756,0,0,0,28691.36,10.264351,Lower secondary,70,15,-31,Centre,3,0,0.42256236
1008757,0,0,0,7904.704,8.975213,Primary or less,84,29,73,Centre,1,1,1.0867531
1008762,0,0,0,21521.951,9.976829,Primary or less,78,23,17,Centre,2,1,0.84866816
1008768,0,0,0,10550.0,9.263881,Lower secondary,51,-4,16,Centre,4,1,0.81826556
1008771,0,0,0,14400.0,9.574984,Primary or less,64,9,81,Centre,3,0,1.5749959
1008805,0,0,0,17540.0,9.77224,Primary or less,74,19,105,Centre,2,1,0.619135
1008824,0,0,0,24137.63,10.091527,Upper secondary,44,-11,121,Centre,3,0,5.5718446
1008825,0,0,0,102589.65,11.538492,University,60,5,25,Centre,3,1,0.28672016
1008855,0,0,0,72938.6,11.197373,Upper secondary,84,29,73,Centre,2,0,0.14844361
1008867,0,0,0,43712.613,10.685392,Upper secondary,70,15,-31,Centre,2,0,0.75058043
1008896,0,0,0,23675.322,10.072188,University,37,-18,68,Centre,2,0,2.6810513
1008913,0,0,0,45248.4,10.719923,Lower secondary,76,21,-71,Centre,2,0,0.92186654
1009007,0,0,0,50950.992,10.838619,Upper secondary,44,-11,121,Centre,4,0,1.3384036
1009080,0,0,0,56622.75,10.944166,Primary or less,85,30,-124,Centre,4,0,0.7962183
1009087,0,0,0,73168.016,11.200514,University,64,9,81,Centre,1,0,0.37041563
1009089,0,0,0,15101.562,9.622554,Primary or less,83,28,16,Centre,2,0,1.8931804
1009098,0,0,0,115684.195,11.658619,University,87,32,0,Centre,2,0,0.52532053
1009106,0,0,0,12448.403,9.429348,Primary or less,91,36,16,Centre,1,1,3.2219243
1009107,0,0,0,37632.098,10.535613,Lower secondary,56,1,1,Centre,4,0,1.4573447
1009108,0,0,0,22650.0,10.027915,Upper secondary,56,1,1,Centre,4,1,3.8765645
1009114,0,0,0,69832.766,11.153858,University,52,-3,9,Centre,4,0,1.498281
1009152,0,0,0,76803.836,11.24901,University,63,8,64,Centre,4,0,0.34303272
1009301,0,0,0,16003.338,9.6805525,Upper secondary,53,-2,4,Centre,5,1,1.3589915
1009306,0,0,0,9000.0,9.1049795,Upper secondary,45,-10,100,Centre,1,0,2.2549295
1009330,0,0,0,82880.81,11.325159,University,72,17,33,Centre,2,0,0.09227877
1009343,0,0,0,25620.68,10.151155,Lower secondary,79,24,64,Centre,2,1,0.746261
1009347,0,0,0,48948.168,10.798517,Upper secondary,70,15,-31,Centre,3,1,0.6871558
1009349,0,0,0,24893.418,10.122358,Lower secondary,83,28,16,Centre,2,0,0.55726284
1009360,0,0,0,12651.568,9.445537,Lower secondary,59,4,16,Centre,1,0,0.884932
1009365,0,0,0,34320.918,10.44351,Lower secondary,53,-2,4,Centre,3,0,1.442176
1009368,0,0,0,16509.408,9.711686,Primary or less,95,40,64,Centre,1,1,0.958145
1009373,0,0,0,39087.805,10.5735655,Upper secondary,86,31,-63,Centre,1,0,0.87283516
1009438,1,0,1,63743.04,11.062615,Upper secondary,75,20,-112,South and Islands,2,0,0.123111695
1009447,0,0,0,41309.348,10.628844,University,71,16,0,South and Islands,2,0,0.13304244
1009498,0,0,0,12500.0,9.433484,Lower secondary,23,-32,0,South and Islands,2,1,0.7848188
1009622,0,0,0,159637.14,11.980659,University,44,-11,121,South and Islands,3,0,0.3888609
1009623,0,0,0,50933.93,10.8382845,University,88,33,65,South and Islands,2,0,0.06619865
1009714,0,0,0,29612.252,10.295943,Upper secondary,58,3,9,South and Islands,4,0,0.5184319
1009733,0,0,0,68422.11,11.133451,University,51,-4,16,South and Islands,4,0,0.664009
1009754,0,0,0,39690.0,10.588855,Lower secondary,52,-3,9,South and Islands,5,0,0.6805455
1009861,0,0,0,45184.047,10.718499,University,73,18,68,South and Islands,2,1,2.3942425
1009863,0,0,0,22789.123,10.034039,Lower secondary,54,-1,1,South and Islands,4,0,4.969624
1009866,0,0,0,53903.188,10.894945,Upper secondary,68,13,-87,South and Islands,4,0,5.150227
1009882,0,0,0,9001.568,9.105154,Lower secondary,53,-2,4,South and Islands,1,0,0.26520467
1009887,0,0,0,12746.861,9.45304,Primary or less,84,29,73,South and Islands,2,0,0.15052244
1009890,0,0,0,31819.838,10.367846,Upper secondary,69,14,-60,South and Islands,4,0,0.060705792
1009899,0,0,0,17243.541,9.755193,Primary or less,72,17,33,South and Islands,1,1,0.2564374
1009915,0,0,0,49044.19,10.800477,Upper secondary,68,13,-87,South and Islands,2,1,0.13932994
1009930,0,0,0,52326.04,10.86525,Upper secondary,63,8,64,South and Islands,4,0,0.068163075
1009951,0,0,0,38594.08,10.560854,Upper secondary,85,30,-124,South and Islands,1,1,0.11092886
1009971,0,0,0,19010.977,9.852772,Lower secondary,50,-5,25,South and Islands,1,0,0.44371045
1009976,0,0,0,7802.352,8.96218,Upper secondary,55,0,0,South and Islands,4,0,0.26959965
1009978,0,0,0,20105.959,9.9087715,Lower secondary,51,-4,16,South and Islands,3,1,0.20040336
1009988,0,0,0,59556.797,10.994686,Upper secondary,71,16,0,South and Islands,2,0,0.07081707
1009991,0,0,0,21324.703,9.967622,Lower secondary,76,21,-71,South and Islands,3,0,0.21985005
1009994,0,0,0,13000.0,9.472705,Upper secondary,52,-3,9,South and Islands,1,1,0.2768244
1010002,0,0,0,45155.496,10.717867,Upper secondary,46,-9,81,South and Islands,4,0,0.3055119
1010010,0,0,0,30604.703,10.328909,Lower secondary,38,-17,33,South and Islands,5,1,0.38544527
1010026,0,0,0,14009.408,9.547484,Lower secondary,46,-9,81,South and Islands,1,0,0.44991413
1010029,0,0,0,18205.332,9.80947,University,40,-15,-31,South and Islands,1,1,0.32744253
1010035,0,0,0,23809.408,10.077836,Upper secondary,50,-5,25,South and Islands,4,1,0.12885071
1010042,0,0,0,28685.2,10.264136,Lower secondary,71,16,0,South and Islands,2,0,0.07632485
1010069,0,0,0,30404.703,10.322352,Lower secondary,58,3,9,South and Islands,2,0,0.12783235
1010084,0,0,0,15601.568,9.655127,Primary or less,78,23,17,South and Islands,2,1,0.11713702
1010085,0,0,0,43569.406,10.682111,Upper secondary,24,-31,-63,South and Islands,4,0,0.2833745
1010109,0,0,0,22607.84,10.026052,Primary or less,64,9,81,South and Islands,2,1,0.35803324
1010117,0,0,0,26607.84,10.188961,Lower secondary,46,-9,81,South and Islands,4,0,0.45881572
1010120,0,0,0,7407.84,8.910295,Lower secondary,41,-14,-60,South and Islands,3,0,0.18287389
1010131,0,0,0,7.839818,2.0592155,Upper secondary,52,-3,9,South and Islands,4,1,0.39258084
1010198,0,0,0,9500.0,9.159047,Lower secondary,48,-7,49,South and Islands,6,0,1.1783031
1010221,0,0,0,39262.72,10.578031,Upper secondary,59,4,16,South and Islands,2,0,0.124027595
1010228,0,0,0,45010.977,10.714662,Lower secondary,68,13,-87,South and Islands,4,0,0.09602843
1010231,0,0,0,59400.0,10.992049,Upper secondary,67,12,-112,South and Islands,4,0,0.08788699
1010255,0,0,0,13026.271,9.474724,Lower secondary,79,24,64,South and Islands,1,0,0.7865978
1010290,0,0,0,28004.703,10.240128,Upper secondary,60,5,25,South and Islands,4,0,1.2521127
1010302,0,0,0,27004.703,10.203766,Lower secondary,66,11,121,South and Islands,3,0,0.99910855
1010308,0,0,0,39604.703,10.586703,Lower secondary,49,-6,36,South and Islands,4,0,1.3790499
1010329,0,0,0,25000.0,10.126631,Lower secondary,55,0,0,South and Islands,2,0,0.8494252
1010338,0,0,0,29832.145,10.303342,Upper secondary,48,-7,49,South and Islands,1,0,0.7943415
1010367,0,0,0,27929.35,10.237433,Upper secondary,54,-1,1,South and Islands,3,1,0.15456945
1010369,0,0,0,32132.553,10.3776245,Lower secondary,80,25,113,South and Islands,5,1,0.05747326
1010376,0,0,0,23604.367,10.069187,Lower secondary,67,12,-112,South and Islands,3,0,0.14117272
1010387,0,0,0,12600.0,9.441452,Lower secondary,53,-2,4,South and Islands,3,1,0.29607806
1010391,0,0,0,41218.363,10.626639,Upper secondary,22,-33,65,South and Islands,4,0,0.1982438
1010427,0,0,0,43204.902,10.673709,Upper secondary,34,-21,-71,South and Islands,2,1,0.54981184
1010441,0,0,0,57534.926,10.960148,Upper secondary,69,14,-60,South and Islands,4,0,0.25896752
1010479,0,0,0,13182.509,9.486646,Upper secondary,48,-7,49,South and Islands,2,1,1.303089
1010533,0,0,0,39337.258,10.579927,Upper secondary,64,9,81,South and Islands,2,0,0.13629246
1010538,0,0,0,23201.568,10.051975,Lower secondary,63,8,64,South and Islands,4,0,0.24960144
1010545,0,0,0,42543.883,10.658292,Primary or less,94,39,-15,South and Islands,2,1,0.46760538
1010615,0,0,0,24004.703,10.086005,Upper secondary,70,15,-31,South and Islands,2,1,0.13057454
1010751,0,0,0,9100.0,9.11603,Primary or less,71,16,0,South and Islands,1,0,0.10372914
1010754,0,0,0,72294.08,11.188498,Upper secondary,55,0,0,South and Islands,2,1,0.1635482
1010766,0,0,0,95000.0,11.461632,Lower secondary,63,8,64,South and Islands,6,0,0.3899942
1010767,0,0,0,55021.953,10.915487,Upper secondary,72,17,33,South and Islands,2,0,0.14336593
1010768,0,0,0,20205.68,9.913719,Upper secondary,73,18,68,South and Islands,2,0,0.5528229
1010782,0,0,0,34745.68,10.455811,Upper secondary,66,11,121,South and Islands,2,1,0.21597812
1010799,0,0,0,16431.36,9.706947,Lower secondary,84,29,73,South and Islands,1,0,1.0301317
1010842,0,0,0,7020.0,8.856519,Lower secondary,55,0,0,South and Islands,2,1,0.17909715
1010843,0,0,0,52221.953,10.863258,Lower secondary,55,0,0,South and Islands,3,1,0.5486018
1010873,0,0,0,19000.0,9.852194,Lower secondary,50,-5,25,South and Islands,4,0,0.3838738
1011021,0,0,0,20456.271,9.926044,Lower secondary,75,20,-112,South and Islands,2,0,2.084405
1011036,0,0,0,21809.408,9.990097,Lower secondary,70,15,-31,South and Islands,2,0,1.4996768
1011040,0,0,0,51697.375,10.853163,Upper secondary,73,18,68,South and Islands,2,0,2.0504906
1011049,0,0,0,68007.695,11.127377,Upper secondary,67,12,-112,South and Islands,4,0,2.196353
1011060,1,0,1,60704.332,11.01377,Upper secondary,62,7,49,South and Islands,4,0,0.9248934
1011073,0,0,0,16510.977,9.711781,Upper secondary,37,-18,68,South and Islands,4,0,6.837609
1011125,0,0,0,34668.816,10.453596,Lower secondary,77,22,-28,South and Islands,2,0,0.22289254
1011134,0,0,0,13110.0,9.481131,Lower secondary,47,-8,64,South and Islands,5,1,0.9678961
1011139,0,0,0,55062.72,10.916228,Upper secondary,51,-4,16,South and Islands,4,0,0.3598341
1011265,0,0,0,10100.0,9.220291,Primary or less,68,13,-87,South and Islands,3,0,0.43298283
1011279,0,0,0,21125.438,9.958233,Upper secondary,65,10,100,South and Islands,4,0,0.087588586
1011298,0,0,0,66887.805,11.110772,University,65,10,100,South and Islands,4,0,0.31028178
1011299,0,0,0,12000.0,9.392662,Lower secondary,43,-12,-112,South and Islands,5,0,1.1074867
1011314,0,0,0,108221.56,11.591936,University,70,15,-31,South and Islands,2,0,0.0076832585
1011333,0,0,0,14880.0,9.607774,Lower secondary,43,-12,-112,South and Islands,4,1,0.91564626
1011358,0,0,0,53927.316,10.895392,University,68,13,-87,South and Islands,2,1,0.13688731
1011370,0,0,0,59951.887,11.001298,University,86,31,-63,South and Islands,2,0,0.057036657
1011389,0,0,0,7200.0,8.881836,Lower secondary,73,18,68,South and Islands,3,0,0.88389605
1011409,0,0,0,13006.271,9.473187,Lower secondary,81,26,-92,South and Islands,2,0,0.44714475
1011410,0,0,0,75357.58,11.23,Upper secondary,61,6,36,South and Islands,4,1,0.10976963
1011420,0,0,0,9074.0,9.113169,Lower secondary,73,18,68,South and Islands,1,0,1.2263068
1011434,0,0,0,21603.137,9.980594,Lower secondary,82,27,-39,South and Islands,1,0,0.7029478
1011461,0,0,0,30415.68,10.322714,Primary or less,79,24,64,South and Islands,5,1,0.71290404
1011500,0,0,0,7540.0,8.927978,Primary or less,66,11,121,South and Islands,2,1,0.6365088
1011547,0,0,0,23234.496,10.053393,Lower secondary,69,14,-60,South and Islands,2,0,0.6083171
1011568,0,0,0,70204.7,11.15917,University,42,-13,-87,South and Islands,2,1,0.8240195
1011570,0,0,0,43903.137,10.689741,Primary or less,78,23,17,South and Islands,2,1,0.13367087
1011576,0,0,0,21084.713,9.956304,Lower secondary,52,-3,9,South and Islands,4,0,0.22378287
1011600,0,0,0,29940.0,10.306951,Upper secondary,72,17,33,South and Islands,3,0,0.71286213
1011635,0,0,0,41416.45,10.6314335,Upper secondary,63,8,64,South and Islands,2,0,0.17521231
1011647,0,0,0,35121.953,10.466581,Upper secondary,55,0,0,South and Islands,4,0,0.325978
1011666,0,0,0,53216.72,10.882128,University,69,14,-60,South and Islands,3,0,0.070514254
1011685,0,0,0,9580.0,9.167433,Lower secondary,36,-19,105,South and Islands,4,1,1.056561
1011687,0,0,0,19518.816,9.879134,Upper secondary,68,13,-87,South and Islands,1,0,0.245548
1011690,0,0,0,32575.354,10.391312,Upper secondary,50,-5,25,South and Islands,4,0,0.3788354
1011704,0,0,0,20159.408,9.911427,Lower secondary,66,11,121,South and Islands,2,1,0.8124084
1011761,0,0,0,21302.508,9.96658,Upper secondary,56,1,1,South and Islands,1,0,0.26996306
1011784,0,0,0,47418.395,10.766766,University,41,-14,-60,South and Islands,3,1,0.23887648
1011790,0,0,0,28816.033,10.268687,University,88,33,65,South and Islands,1,1,0.18109106
1011821,0,0,0,15292.0,9.635085,Upper secondary,68,13,-87,South and Islands,4,0,0.6156039
1011854,0,0,0,27004.703,10.203766,Upper secondary,66,11,121,South and Islands,1,1,0.23039646
1011874,0,0,0,23308.016,10.056553,Primary or less,87,32,0,South and Islands,1,1,0.29201132
1011888,0,0,0,10200.0,9.230143,Lower secondary,52,-3,9,South and Islands,3,0,0.73663837
1011898,0,0,0,35472.535,10.476514,Upper secondary,65,10,100,South and Islands,3,1,0.27989402
1011919,0,0,0,19600.0,9.883285,Lower secondary,61,6,36,South and Islands,3,0,0.30335534
1011938,1,1,0,42923.867,10.667183,University,51,-4,16,South and Islands,3,1,0.3019703
1011945,0,0,0,24000.0,10.085809,Lower secondary,56,1,1,South and Islands,4,0,0.89834386
1011959,0,0,0,47068.992,10.75937,University,54,-1,1,South and Islands,3,0,0.33013928
1012004,0,0,0,48750.523,10.794471,Upper secondary,65,10,100,South and Islands,3,0,0.33334845
1012009,0,0,0,45503.895,10.7255535,Lower secondary,59,4,16,South and Islands,4,0,0.22107616
1012019,0,0,0,31947.04,10.371835,University,82,27,-39,South and Islands,1,0,0.17383571
1012021,0,0,0,276338.28,12.529381,University,79,24,64,South and Islands,2,0,0.0066464506
1012023,0,0,0,26003.137,10.165973,Upper secondary,77,22,-28,South and Islands,2,0,0.16601713
1012025,0,0,0,41511.36,10.633722,Upper secondary,76,21,-71,South and Islands,2,0,0.20634751
1012080,0,0,0,53613.17,10.88955,Upper secondary,60,5,25,South and Islands,6,0,0.16422169
1012090,0,0,0,22922.926,10.039893,Primary or less,70,15,-31,South and Islands,2,0,0.16175409
1012092,0,0,0,23029.549,10.044534,Lower secondary,47,-8,64,South and Islands,4,0,0.79615515
1012118,0,0,0,64136.336,11.068767,Upper secondary,49,-6,36,South and Islands,4,0,0.07504392
1012153,1,1,0,60591.766,11.011914,University,82,27,-39,South and Islands,2,1,0.049816582
1012164,0,0,0,18408.652,9.820576,Primary or less,88,33,65,South and Islands,2,1,0.66697526
1012170,0,0,0,6000.0,8.699514,Primary or less,55,0,0,South and Islands,1,0,0.42061937
1012223,0,0,0,30406.15,10.3224,Upper secondary,65,10,100,South and Islands,4,0,0.17068836
1012230,1,0,0,118440.1,11.682162,University,80,25,113,South and Islands,3,0,0.11252569
1012234,0,0,0,16915.914,9.736011,Lower secondary,66,11,121,South and Islands,3,0,0.608677
1012273,0,0,0,76469.18,11.244643,University,47,-8,64,South and Islands,4,0,0.15181501
1012277,0,0,0,29771.22,10.301297,Lower secondary,40,-15,-31,South and Islands,5,0,1.0697342
1012302,0,0,0,18210.0,9.809726,Lower secondary,33,-22,-28,South and Islands,5,0,0.2690163
1012369,0,0,0,44027.598,10.692572,Upper secondary,62,7,49,South and Islands,4,1,0.27248695
1012406,0,0,0,38816.176,10.566592,University,93,38,-92,South and Islands,1,1,0.16296108
1012441,0,0,0,76550.37,11.245705,Upper secondary,54,-1,1,South and Islands,3,1,0.32815203
1012602,0,0,0,23401.412,10.060552,Upper secondary,58,3,9,South and Islands,3,0,0.76673424
1012611,0,0,0,18600.941,9.830968,Lower secondary,32,-23,17,South and Islands,5,1,1.5610801
1012625,0,0,0,25604.227,10.150513,Upper secondary,58,3,9,South and Islands,3,0,0.70319974
1012650,0,0,0,69156.8,11.144132,University,56,1,1,South and Islands,4,1,0.0709899
1012688,0,0,0,100974.97,11.522628,University,67,12,-112,South and Islands,4,1,0.13733271
1012823,0,0,0,25063.365,10.129163,Lower secondary,37,-18,68,South and Islands,5,0,0.19113992
1012835,0,0,0,35415.824,10.474914,University,76,21,-71,South and Islands,1,1,0.4896983
1012850,0,0,0,82000.0,11.314474,University,74,19,105,South and Islands,2,0,0.025754549
1012908,0,0,0,113272.945,11.637556,Upper secondary,52,-3,9,South and Islands,3,0,0.09856267
1012941,0,0,0,45629.953,10.72832,Upper secondary,78,23,17,South and Islands,1,1,0.2603071
1012943,0,0,0,29409.408,10.28907,Upper secondary,36,-19,105,South and Islands,3,1,1.3964288
1012986,0,0,0,44210.785,10.696724,Upper secondary,69,14,-60,South and Islands,2,0,0.19461496
1012992,0,0,0,114779.48,11.650768,University,75,20,-112,South and Islands,2,1,0.03878625
1013005,0,0,0,46089.168,10.738334,Upper secondary,75,20,-112,South and Islands,4,0,0.28972417
1013054,0,0,0,20000.533,9.903514,Primary or less,63,8,64,South and Islands,2,1,0.7256986
1013091,0,0,0,2026.6554,7.614142,University,57,2,4,South and Islands,1,1,0.59920496
1013092,0,0,0,19100.822,9.857487,Lower secondary,34,-21,-71,South and Islands,4,0,0.15756619
1013101,0,0,0,11440.0,9.3448715,Lower secondary,31,-24,64,South and Islands,3,0,1.1721138
1013103,0,0,0,11267.513,9.329679,Upper secondary,40,-15,-31,South and Islands,3,0,0.89491934
1013113,0,0,0,84673.53,11.346559,University,81,26,-92,South and Islands,2,1,0.030253138
1013118,0,0,0,24931.36,10.123881,Primary or less,81,26,-92,South and Islands,2,0,0.15141739
1013174,0,0,0,129310.59,11.769973,University,58,3,9,South and Islands,4,0,0.0796384
1013217,0,0,0,42250.0,10.65136,Upper secondary,35,-20,-112,South and Islands,4,0,0.35871965
1013257,0,0,0,33473.8,10.418518,Upper secondary,38,-17,33,South and Islands,3,0,0.5648843
1013293,0,0,0,13020.0,9.474242,Primary or less,67,12,-112,South and Islands,2,1,0.45410722
1013302,0,0,0,202095.75,12.216496,University,85,30,-124,South and Islands,3,0,0.03496864
1013307,0,0,0,30731.36,10.333039,Upper secondary,75,20,-112,South and Islands,3,0,0.21591711
1013342,0,0,0,14300.0,9.568015,Lower secondary,67,12,-112,South and Islands,2,0,0.46479005
1013348,0,0,0,33349.406,10.414795,Upper secondary,51,-4,16,South and Islands,4,0,0.827191
1013387,0,0,0,17140.0,9.74917,University,72,17,33,South and Islands,1,1,0.29305226
1013429,0,0,0,20400.0,9.92329,Primary or less,89,34,-124,South and Islands,3,1,0.15231118
1013437,0,0,0,26400.0,10.181119,Upper secondary,60,5,25,South and Islands,3,0,0.28507015
1013451,0,0,0,74279.74,11.215593,University,85,30,-124,South and Islands,1,0,0.077398546
1013458,0,0,0,29531.36,10.293208,Lower secondary,73,18,68,South and Islands,2,0,0.56924105
1013465,0,0,0,35710.0,10.483186,Lower secondary,41,-14,-60,South and Islands,5,1,0.77419037
1013483,0,0,0,58338.316,10.974014,Upper secondary,67,12,-112,South and Islands,2,0,0.2067688
1013525,0,0,0,38005.04,10.545474,Upper secondary,54,-1,1,South and Islands,4,0,0.3990194
1013555,0,0,0,37616.184,10.53519,University,49,-6,36,South and Islands,4,0,0.07772467
1013569,0,0,0,18030.08,9.799797,Upper secondary,56,1,1,South and Islands,1,1,0.7456637
1013571,0,0,0,3140.0,8.051978,Upper secondary,33,-22,-28,South and Islands,4,0,1.0504411
1013639,0,0,0,64176.637,11.069394,University,46,-9,81,South and Islands,1,0,0.17080404
1013653,0,0,0,46709.508,10.751703,Lower secondary,78,23,17,South and Islands,1,1,0.0692183
1013697,0,0,0,59969.406,11.00159,Upper secondary,79,24,64,South and Islands,3,0,0.32196543
1013702,0,0,0,16084.704,9.685624,Primary or less,78,23,17,South and Islands,1,1,0.656245
1013724,0,0,0,51061.91,10.840795,Upper secondary,76,21,-71,South and Islands,2,0,0.8586615
1013735,0,0,0,60367.84,11.008212,Upper secondary,63,8,64,South and Islands,3,0,0.43491998
1013795,0,0,0,5401.568,8.594444,Lower secondary,33,-22,-28,South and Islands,3,0,2.8063917
1013802,1,1,0,115474.664,11.656807,University,79,24,64,South and Islands,3,0,0.07166804
1013812,0,0,0,40201.19,10.601652,Lower secondary,71,16,0,South and Islands,3,0,0.222224
1013830,0,0,0,30404.703,10.322352,Upper secondary,57,2,4,South and Islands,2,0,0.24653943
1013834,0,0,0,26307.84,10.177622,Upper secondary,25,-30,-124,South and Islands,3,1,0.061428864
1013837,0,0,0,23404.703,10.060692,Upper secondary,66,11,121,South and Islands,3,0,0.14553948
1013843,0,0,0,11400.0,9.341369,Primary or less,80,25,113,South and Islands,2,0,0.2368409
1013856,0,0,0,18400.0,9.820106,Upper secondary,56,1,1,South and Islands,1,0,0.109046735
1013887,0,0,0,25204.703,10.134786,University,48,-7,49,South and Islands,2,1,0.34994274
1013904,0,0,0,56215.68,10.936951,Upper secondary,52,-3,9,South and Islands,3,0,0.35929784
1013923,0,0,0,29809.445,10.302581,University,51,-4,16,South and Islands,3,0,0.31994534
1013943,0,0,0,21201.213,9.961814,Upper secondary,40,-15,-31,South and Islands,3,0,0.09915342
1013944,0,0,0,24804.703,10.118789,Upper secondary,36,-19,105,South and Islands,5,0,0.7016539
1014002,0,0,0,66256.8,11.101294,Upper secondary,81,26,-92,South and Islands,2,0,0.1554285
1014006,0,0,0,22825.088,10.035616,Upper secondary,82,27,-39,South and Islands,1,0,0.24535678
1014046,1,1,1,159572.4,11.980253,University,67,12,-112,South and Islands,3,0,0.06266555
1014050,0,0,0,53044.543,10.878887,Upper secondary,74,19,105,South and Islands,5,1,0.26746526
1014153,0,0,0,13084.161,9.479157,Primary or less,60,5,25,South and Islands,1,1,0.2923091
1014166,0,0,0,80588.8,11.297115,Lower secondary,50,-5,25,South and Islands,5,1,0.09621594
1014175,0,0,0,32204.63,10.379866,Lower secondary,36,-19,105,South and Islands,3,0,0.47672623
1014179,0,0,0,14164.301,9.55848,Lower secondary,57,2,4,South and Islands,2,0,0.16817567
1014188,0,0,0,19409.807,9.873534,Upper secondary,32,-23,17,South and Islands,5,1,0.41459256
1014189,0,0,0,39001.9,10.571365,Upper secondary,36,-19,105,South and Islands,4,1,0.44292244
1014204,0,0,0,29922.186,10.306355,Lower secondary,49,-6,36,South and Islands,5,0,0.20147666
1014208,0,0,0,49936.875,10.818515,Upper secondary,52,-3,9,South and Islands,4,1,0.15089917
1014209,0,0,0,32914.65,10.401673,Primary or less,69,14,-60,South and Islands,5,0,0.08488743
1014260,0,0,0,22681.467,10.029304,Lower secondary,51,-4,16,South and Islands,3,1,0.1039318
1014270,0,0,0,28002.508,10.240049,Lower secondary,50,-5,25,South and Islands,5,1,0.14880247
1014289,0,0,0,19565.645,9.881531,Lower secondary,63,8,64,South and Islands,4,0,0.38028044
1014307,0,0,0,29287.84,10.284927,Upper secondary,75,20,-112,South and Islands,2,0,0.07433443
1014310,0,0,0,43089.406,10.671033,Lower secondary,66,11,121,South and Islands,4,1,0.104666285
1014312,0,0,0,24607.84,10.110821,Upper secondary,65,10,100,South and Islands,3,1,0.09176257
1014318,0,0,0,32524.922,10.389762,Primary or less,69,14,-60,South and Islands,3,1,0.09178795
1014346,0,0,0,62950.0,11.0500965,Primary or less,74,19,105,South and Islands,4,1,0.14541765
1014369,0,0,0,46050.0,10.737483,Upper secondary,71,16,0,South and Islands,2,0,0.14429212
1014425,0,0,0,30506.781,10.325705,Lower secondary,30,-25,113,South and Islands,4,1,0.6513588
1014436,0,0,0,10400.0,9.249561,Primary or less,91,36,16,South and Islands,1,1,0.5264675
1014475,0,0,0,18101.568,9.803754,Lower secondary,47,-8,64,South and Islands,1,0,0.9327423
1014540,0,0,0,22800.0,10.034515,Lower secondary,53,-2,4,South and Islands,3,0,0.25943702
1014542,0,0,0,39488.223,10.583757,University,76,21,-71,South and Islands,2,0,0.025511036
1014560,0,0,0,1020.0,6.927558,Primary or less,63,8,64,South and Islands,1,0,0.2138441
1014603,0,0,0,30215.68,10.316116,Lower secondary,68,13,-87,South and Islands,3,0,0.3194089
1014606,0,0,0,28809.408,10.268457,Lower secondary,39,-16,0,South and Islands,4,0,0.2595592
1014626,0,0,0,50938.367,10.838372,Upper secondary,64,9,81,South and Islands,5,0,0.09348438
1014677,0,0,0,14300.0,9.568015,Primary or less,79,24,64,South and Islands,4,0,0.57122916
1014680,0,0,0,18094.078,9.80334,University,64,9,81,South and Islands,2,0,0.06572362
1014685,0,0,0,45274.08,10.7204895,Upper secondary,48,-7,49,South and Islands,4,1,0.2259748
1014687,0,0,0,20400.0,9.92329,Lower secondary,67,12,-112,South and Islands,3,0,0.072202384
1014697,0,0,0,42158.39,10.649189,University,69,14,-60,South and Islands,2,0,0.107155435
1014715,0,0,0,54221.133,10.900826,Lower secondary,55,0,0,South and Islands,4,0,0.10743586
1014717,0,0,0,52549.15,10.869504,University,37,-18,68,South and Islands,5,0,0.15442799
1014719,0,0,0,30917.176,10.339067,University,38,-17,33,South and Islands,3,1,0.3140793
1014720,0,0,0,59230.754,10.989196,University,34,-21,-71,South and Islands,4,0,0.24994753
1014727,0,0,0,15600.78,9.655076,Upper secondary,75,20,-112,South and Islands,1,1,1.3954806
1014728,0,0,0,37082.152,10.520891,Upper secondary,50,-5,25,South and Islands,1,1,1.9241198
1014729,0,0,0,76103.94,11.239856,Primary or less,81,26,-92,South and Islands,6,0,2.243508
1014731,0,0,0,16504.773,9.711405,Lower secondary,64,9,81,South and Islands,4,0,2.5277188
1014733,0,0,0,20316.02,9.919165,Primary or less,89,34,-124,South and Islands,1,1,2.5713167
1014738,0,0,0,16400.904,9.705091,Primary or less,85,30,-124,South and Islands,1,1,2.5420728
1014744,0,0,0,24965.252,10.12524,Primary or less,75,20,-112,South and Islands,2,0,1.9092915
1014749,0,0,0,51707.633,10.853361,University,63,8,64,South and Islands,3,0,1.9024961
1014788,0,0,0,81864.86,11.312825,Upper secondary,49,-6,36,South and Islands,5,0,3.5527897
1014794,0,0,0,35230.87,10.469678,University,49,-6,36,South and Islands,2,1,4.43134
1014805,0,0,0,87179.305,11.375722,University,43,-12,-112,South and Islands,3,0,0.58176565
1014810,0,0,0,38690.473,10.563349,University,71,16,0,South and Islands,2,0,1.0839305
1014821,0,0,0,22222.719,10.00887,Upper secondary,40,-15,-31,South and Islands,3,0,1.0300434
1014843,0,0,0,50045.863,10.820695,Upper secondary,52,-3,9,South and Islands,4,0,0.4203735
1014846,0,0,0,9776.532,9.18774,University,42,-13,-87,South and Islands,1,1,1.3460951
1014862,0,0,0,22800.0,10.034515,Upper secondary,82,27,-39,South and Islands,1,1,0.3171047
1014891,0,0,0,80666.555,11.2980795,Upper secondary,59,4,16,South and Islands,5,0,0.056690097
1014899,0,0,0,57893.39,10.966358,Upper secondary,55,0,0,South and Islands,4,0,0.38491705
1014981,0,0,0,38014.74,10.54573,Upper secondary,61,6,36,South and Islands,3,0,0.5643003
1014991,0,0,0,1800.0,7.495542,Primary or less,61,6,36,South and Islands,1,1,3.852049
1014995,0,0,0,19922.012,9.899581,Upper secondary,63,8,64,South and Islands,2,0,2.9760067
1014997,0,0,0,36680.0,10.509987,Primary or less,85,30,-124,South and Islands,3,1,2.4666774
1015000,0,0,0,15060.313,9.619819,Lower secondary,41,-14,-60,South and Islands,3,0,8.09428
1015003,0,0,0,19406.17,9.873346,Lower secondary,51,-4,16,South and Islands,4,0,6.0209317
1015019,0,0,0,25427.146,10.143573,Lower secondary,29,-26,-92,South and Islands,5,0,5.3879185
1015022,0,0,0,50391.08,10.827569,University,50,-5,25,South and Islands,3,1,0.1276487
1015043,0,0,0,45822.67,10.732534,University,23,-32,0,South and Islands,5,1,0.12162558
1015051,0,0,0,20820.383,9.943687,University,61,6,36,South and Islands,1,0,0.1974447
1015077,0,0,0,15208.749,9.629626,Lower secondary,68,13,-87,South and Islands,2,0,0.20945379
1015079,0,0,0,20166.344,9.911771,Primary or less,67,12,-112,South and Islands,2,1,0.076460786
1015085,0,0,0,25001.568,10.126694,Lower secondary,69,14,-60,South and Islands,2,0,0.08632873
1015094,0,0,0,10976.116,9.303477,Lower secondary,68,13,-87,South and Islands,1,1,0.14134713
1015101,0,0,0,57729.887,10.963531,University,65,10,100,South and Islands,4,1,0.10482958
1015127,0,0,0,60324.99,11.007502,University,70,15,-31,South and Islands,4,1,0.06769034
1015133,0,0,0,33509.348,10.4195795,Upper secondary,48,-7,49,South and Islands,4,1,0.118734755
1015139,0,0,0,52037.137,10.859713,Upper secondary,56,1,1,South and Islands,4,0,0.089270264
1015152,0,0,0,67477.42,11.119549,Upper secondary,46,-9,81,South and Islands,3,1,0.26019055
1015182,0,0,0,19628.223,9.884724,Lower secondary,67,12,-112,South and Islands,3,0,0.090552926
1015183,0,0,0,23487.334,10.064217,Upper secondary,64,9,81,South and Islands,1,0,0.062017247
1015197,0,0,0,68286.19,11.131463,Upper secondary,65,10,100,South and Islands,4,0,0.07684945
1015202,0,0,0,111411.35,11.620984,Upper secondary,67,12,-112,South and Islands,2,0,0.07048617
1015209,0,0,0,61336.86,11.024137,Upper secondary,48,-7,49,South and Islands,4,1,0.17656173
1015214,1,1,0,36693.273,10.510348,University,54,-1,1,South and Islands,4,1,0.09992936
1015218,1,0,0,34362.234,10.444714,Primary or less,71,16,0,South and Islands,1,0,0.12641893
1015297,0,0,0,31314.111,10.351824,University,56,1,1,South and Islands,2,1,1.7414241
1015300,0,0,0,27338.54,10.216053,Lower secondary,57,2,4,South and Islands,3,1,1.79189
1015302,0,0,0,15542.063,9.651305,Upper secondary,37,-18,68,South and Islands,4,1,3.0847857
1015308,0,0,0,25821.08,10.158947,Lower secondary,42,-13,-87,South and Islands,4,1,4.400892
1015313,0,0,0,26418.2,10.181808,Upper secondary,55,0,0,South and Islands,2,1,2.3079994
1015330,0,0,0,49434.633,10.808407,Upper secondary,44,-11,121,South and Islands,5,0,0.18841086
1015338,0,0,0,32006.586,10.373697,Lower secondary,38,-17,33,South and Islands,5,1,0.35093722
1015356,0,0,0,14028.751,9.548864,Primary or less,78,23,17,South and Islands,1,1,0.27019185
1015366,0,0,0,14600.45,9.588808,Primary or less,73,18,68,South and Islands,1,0,0.26011005
1015384,0,0,0,23309.666,10.056623,Lower secondary,75,20,-112,South and Islands,3,0,0.056769703
1015388,0,0,0,36536.86,10.506077,Primary or less,72,17,33,South and Islands,5,0,0.046386957
1015392,0,0,0,42317.65,10.65296,Lower secondary,69,14,-60,South and Islands,3,0,0.0995762
1015393,0,0,0,54329.355,10.90282,Upper secondary,72,17,33,South and Islands,5,0,0.35233828
1015401,0,0,0,29750.824,10.300612,Lower secondary,61,6,36,South and Islands,3,1,0.10293126
1015402,0,0,0,20288.795,9.917824,Upper secondary,77,22,-28,South and Islands,3,0,0.063766964
1015407,0,0,0,22229.42,10.009172,Upper secondary,69,14,-60,South and Islands,3,0,0.041261084
1015411,0,0,0,89691.6,11.404133,Upper secondary,21,-34,-124,South and Islands,4,0,0.047153145
1015419,0,0,0,12600.0,9.441452,Upper secondary,62,7,49,South and Islands,2,1,0.16848817
1015420,0,0,0,60573.13,11.011606,Upper secondary,65,10,100,South and Islands,3,0,0.10629937
1015438,0,0,0,9600.0,9.169518,Lower secondary,36,-19,105,South and Islands,4,0,0.40966818
1015522,0,0,0,14659.758,9.592861,University,68,13,-87,South and Islands,2,0,2.3203714
1015538,0,0,0,56306.65,10.938568,University,56,1,1,South and Islands,4,0,4.181654
1015541,0,0,0,22150.176,10.005601,Lower secondary,41,-14,-60,South and Islands,5,0,5.542607
1015545,0,0,0,25864.605,10.160631,Upper secondary,67,12,-112,South and Islands,4,0,6.757158
1015547,0,0,0,24344.078,10.100044,Lower secondary,84,29,73,South and Islands,1,0,4.315987
1015553,0,0,0,70454.984,11.162729,Upper secondary,31,-24,64,South and Islands,3,0,7.757511
1015556,0,0,0,50700.0,10.833681,University,39,-16,0,South and Islands,4,0,7.9192247
1015570,0,0,0,89877.41,11.406202,University,88,33,65,South and Islands,2,0,0.035804965
1015573,0,0,0,37995.996,10.545236,Upper secondary,85,30,-124,South and Islands,1,1,0.14540869
1015588,0,0,0,16009.408,9.680932,Primary or less,66,11,121,South and Islands,3,0,0.8767938
1015595,0,0,0,47803.836,10.774861,Upper secondary,84,29,73,South and Islands,1,1,0.057788268
1015597,0,0,0,58275.26,10.972933,Upper secondary,79,24,64,South and Islands,4,0,0.06520427
1015601,0,0,0,38339.2,10.554228,Upper secondary,67,12,-112,South and Islands,4,0,0.102876656
1015625,0,0,0,92182.234,11.431522,Upper secondary,76,21,-71,South and Islands,4,0,0.13562046
1015627,0,0,0,33023.52,10.404975,Upper secondary,67,12,-112,South and Islands,2,0,0.095949955
1015628,0,0,0,20709.408,9.938343,Upper secondary,73,18,68,South and Islands,1,1,0.35579953
1015630,0,0,0,55247.04,10.91957,University,65,10,100,South and Islands,2,0,0.03955105
1015634,0,0,0,43656.797,10.684114,University,69,14,-60,South and Islands,2,0,0.038530085
1015680,0,0,0,22600.941,10.025747,Lower secondary,58,3,9,South and Islands,2,0,0.45999613
1015684,0,0,0,16560.0,9.7147455,Lower secondary,35,-20,-112,South and Islands,6,1,0.35273287
1015686,0,0,0,64222.3,11.070106,Upper secondary,79,24,64,South and Islands,3,0,0.04947419
1015737,0,0,0,85313.59,11.354089,University,71,16,0,South and Islands,2,0,0.026606621
1015762,1,1,0,53845.52,10.893874,Upper secondary,40,-15,-31,South and Islands,2,1,0.23499723
1015770,0,0,0,45191.52,10.718665,University,49,-6,36,South and Islands,2,0,0.116193555
1015775,0,0,0,51746.805,10.854118,University,51,-4,16,South and Islands,4,1,0.33120933
1015776,0,0,0,64709.758,11.077667,University,39,-16,0,South and Islands,4,0,0.2356144
1015779,0,0,0,42822.547,10.66482,Upper secondary,53,-2,4,South and Islands,2,0,0.5358213
1015792,1,0,1,76466.8,11.244612,Upper secondary,50,-5,25,South and Islands,4,0,0.1664223
1015794,0,0,0,63735.28,11.062493,Upper secondary,67,12,-112,South and Islands,4,0,0.19647089
1015807,0,0,0,59538.133,10.994372,University,42,-13,-87,South and Islands,5,0,0.2254501
1015818,0,0,0,28731.484,10.265749,Upper secondary,72,17,33,South and Islands,1,1,0.356933
1015841,0,0,0,48634.41,10.792087,Upper secondary,74,19,105,South and Islands,2,0,0.098046936
1015861,0,0,0,19800.0,9.893437,Lower secondary,51,-4,16,South and Islands,2,1,0.5446772
1015862,0,0,0,49608.69,10.811921,Upper secondary,63,8,64,South and Islands,2,0,0.10752046
1015864,0,0,0,35200.0,10.4688015,Lower secondary,56,1,1,South and Islands,7,1,0.17776594
1015873,0,0,0,41640.977,10.63684,Upper secondary,67,12,-112,South and Islands,4,0,0.16194832
1015903,0,0,0,51606.53,10.851403,University,65,10,100,South and Islands,3,0,0.13281243
1015918,0,0,0,18200.0,9.809176,Upper secondary,37,-18,68,South and Islands,4,0,0.5602249
1015919,0,0,0,50004.805,10.819875,Lower secondary,49,-6,36,South and Islands,4,0,0.14106272
1015927,0,0,0,7800.0,8.961879,Upper secondary,59,4,16,South and Islands,1,1,0.34998348
1015928,0,0,0,57623.594,10.961687,University,55,0,0,South and Islands,2,1,0.064597815
1015930,0,0,0,55501.54,10.924166,University,62,7,49,South and Islands,2,1,0.101104006
1015939,0,0,0,48031.668,10.779615,Upper secondary,53,-2,4,South and Islands,4,0,0.18159717
1015972,0,0,0,41500.055,10.6334505,Upper secondary,33,-22,-28,South and Islands,4,1,0.29148552
1015992,0,0,0,37596.645,10.53467,Upper secondary,62,7,49,South and Islands,4,0,0.14352275
1015997,0,0,0,26046.281,10.16763,Lower secondary,62,7,49,South and Islands,2,0,0.1765354
1016007,0,0,0,61212.035,11.0220995,University,68,13,-87,South and Islands,3,1,0.06400966
1016020,0,0,0,11641.568,9.362337,Primary or less,87,32,0,South and Islands,2,1,0.05536038
1016037,0,0,0,30808.965,10.335561,Lower secondary,75,20,-112,South and Islands,3,1,0.123006396
1016038,0,0,0,43031.574,10.669689,Upper secondary,70,15,-31,South and Islands,3,0,0.16965924
1016051,0,0,0,39824.17,10.59223,Lower secondary,55,0,0,South and Islands,4,1,0.29954413
1016066,0,0,0,23631.137,10.07032,Upper secondary,65,10,100,South and Islands,2,0,0.108195834
1016088,0,0,0,65874.09,11.095501,University,49,-6,36,South and Islands,3,1,0.19173688
1016109,0,0,0,40898.16,10.61884,University,41,-14,-60,South and Islands,4,0,0.54526305
1016125,0,0,0,31023.9,10.342513,Upper secondary,38,-17,33,South and Islands,2,0,1.2564504
1016132,0,0,0,7604.704,8.9365225,Upper secondary,41,-14,-60,South and Islands,2,1,1.0574031
1016138,0,0,0,42368.992,10.654172,University,72,17,33,South and Islands,2,0,0.20766723
1016144,0,0,0,6003.1357,8.700037,Lower secondary,74,19,105,South and Islands,1,1,0.27956235
1016147,0,0,0,22100.627,10.003362,Lower secondary,73,18,68,South and Islands,2,1,0.18337457
1016157,0,0,0,12359.821,9.422206,Primary or less,90,35,-55,South and Islands,1,0,0.49591488
1016159,0,0,0,16804.838,9.729423,Upper secondary,76,21,-71,South and Islands,1,0,0.14540584
1016160,0,0,0,11200.0,9.323669,Upper secondary,56,1,1,South and Islands,1,1,0.5067595
1016165,0,0,0,9050.0,9.11052,Upper secondary,62,7,49,South and Islands,1,1,0.15178883
1016167,0,0,0,9614.111,9.170987,Primary or less,79,24,64,South and Islands,1,1,0.5090275
1016174,0,0,0,50138.598,10.822546,Upper secondary,72,17,33,South and Islands,2,0,0.09005443
1016175,0,0,0,12249.408,9.413233,Primary or less,73,18,68,South and Islands,1,1,0.32568377
1016185,0,0,0,29558.977,10.294143,Upper secondary,60,5,25,South and Islands,2,1,0.09966934
1016222,0,0,0,12500.0,9.433484,Lower secondary,58,3,9,South and Islands,1,1,0.298458
1016231,0,0,0,24000.0,10.085809,Upper secondary,44,-11,121,South and Islands,1,1,0.24553593
1016232,0,0,0,19202.508,9.862796,Lower secondary,40,-15,-31,South and Islands,4,1,0.71058524
1016237,0,0,0,58290.074,10.973187,University,31,-24,64,South and Islands,2,0,0.5844261
1016275,1,1,0,58901.8,10.983627,Upper secondary,53,-2,4,South and Islands,3,0,0.08819486
1016279,0,0,0,106873.984,11.579406,University,52,-3,9,South and Islands,5,1,0.09297079
1016285,0,0,0,21765.053,9.988061,Primary or less,97,42,-28,South and Islands,1,1,0.32261798
1016294,1,0,0,69951.03,11.155551,Upper secondary,78,23,17,South and Islands,2,0,0.08217007
1016296,0,0,0,64595.492,11.0759,Lower secondary,75,20,-112,South and Islands,2,0,0.2897516
1016323,1,1,0,78327.195,11.26865,Upper secondary,77,22,-28,South and Islands,1,1,0.11872716
1016352,0,0,0,31921.951,10.371049,Lower secondary,80,25,113,South and Islands,2,0,0.100777745
1016354,0,0,0,47508.4,10.7686615,Lower secondary,74,19,105,South and Islands,2,1,0.099198475
1016373,0,0,0,45741.383,10.730759,Upper secondary,66,11,121,South and Islands,2,1,0.18836653
1016376,1,1,1,88636.164,11.392295,University,59,4,16,South and Islands,1,0,0.06989188
1016383,0,0,0,75261.06,11.228718,Upper secondary,54,-1,1,South and Islands,4,0,0.13378923
1016404,1,1,0,73893.22,11.210377,Upper secondary,60,5,25,South and Islands,4,0,0.0640552
1016437,0,0,0,26120.768,10.170486,Upper secondary,45,-10,100,South and Islands,4,0,0.4923385
1016439,0,0,0,93729.27,11.448166,Upper secondary,50,-5,25,South and Islands,2,1,0.21974064
1016443,0,0,0,7604.704,8.9365225,Upper secondary,56,1,1,South and Islands,1,1,0.3116982
1016449,0,0,0,19795.68,9.893219,Lower secondary,44,-11,121,South and Islands,4,0,0.49629807
1016463,0,0,0,80961.836,11.301733,University,60,5,25,South and Islands,3,0,0.06981168
1016480,0,0,0,24389.531,10.10191,Upper secondary,32,-23,17,South and Islands,1,0,0.5164892
1016482,0,0,0,19971.951,9.902084,Primary or less,85,30,-124,South and Islands,2,0,0.7443417
1016491,0,0,0,55160.98,10.918011,Upper secondary,72,17,33,South and Islands,2,0,0.23583227
1016507,0,0,0,87586.67,11.380384,University,81,26,-92,South and Islands,2,0,0.1194277
1016510,0,0,0,52858.445,10.875373,University,35,-20,-112,South and Islands,3,1,0.28813732
1016514,0,0,0,33828.465,10.429058,Upper secondary,78,23,17,South and Islands,2,0,0.21837932
1016515,0,0,0,30162.953,10.31437,Upper secondary,82,27,-39,South and Islands,2,1,0.31843165
1016523,0,0,0,18015.68,9.798998,Lower secondary,75,20,-112,South and Islands,1,1,0.29034466
1016572,0,0,0,13460.651,9.507526,Primary or less,71,16,0,South and Islands,1,1,3.526951
1016579,0,0,0,20516.621,9.92899,Lower secondary,68,13,-87,South and Islands,2,0,2.6291084
1016593,0,0,0,26815.426,10.1967325,Upper secondary,60,5,25,South and Islands,3,0,8.002353
1016603,0,0,0,57302.445,10.956099,University,59,4,16,South and Islands,3,0,4.6735363
1016647,1,1,0,74211.24,11.214671,Upper secondary,56,1,1,South and Islands,5,0,0.4059989
1016666,0,0,0,54076.285,10.898151,University,46,-9,81,South and Islands,4,0,1.044967
1016700,0,0,0,57382.72,10.957499,Upper secondary,69,14,-60,South and Islands,2,0,0.16422518
1016704,0,0,0,69650.766,11.151249,University,66,11,121,South and Islands,2,0,0.12260724
1016710,0,0,0,78517.836,11.271081,Upper secondary,44,-11,121,South and Islands,7,0,0.22809586
1016736,0,0,0,54962.72,10.914411,Primary or less,84,29,73,South and Islands,1,1,0.21286015
1016748,0,0,0,48178.465,10.782667,Lower secondary,46,-9,81,South and Islands,3,0,0.23559558
1016753,0,0,0,86400.0,11.366743,Upper secondary,75,20,-112,South and Islands,2,0,0.11186325
1016755,0,0,0,18122.398,9.804904,Lower secondary,71,16,0,South and Islands,1,1,0.41254896
1016762,0,0,0,27030.396,10.204718,Upper secondary,78,23,17,South and Islands,1,1,0.20332058
1016798,0,0,0,40100.0,10.599132,Upper secondary,57,2,4,South and Islands,5,1,0.62897265
1016813,0,0,0,21568.67,9.978997,Upper secondary,51,-4,16,South and Islands,2,1,0.82385737
1016835,1,0,1,56107.758,10.935029,University,48,-7,49,South and Islands,3,1,0.41300577
1016857,0,0,0,45427.6,10.723875,University,31,-24,64,South and Islands,2,1,0.43143564
1016861,0,0,0,90812.55,11.416553,University,51,-4,16,South and Islands,4,1,0.07589233
1016863,0,0,0,29662.244,10.29763,Upper secondary,33,-22,-28,South and Islands,3,0,0.4701861
1016867,0,0,0,19819.443,9.894419,Upper secondary,62,7,49,South and Islands,4,0,0.250953
1016868,0,0,0,45908.47,10.734405,Upper secondary,68,13,-87,South and Islands,2,1,0.34692752
1016893,0,0,0,25022.18,10.127518,Lower secondary,61,6,36,South and Islands,1,1,0.5007136
1016898,0,0,0,65459.582,11.089189,Upper secondary,79,24,64,South and Islands,2,0,0.11861135
1016900,0,0,0,51029.51,10.840159,Lower secondary,53,-2,4,South and Islands,3,0,0.14708601
1016908,0,0,0,67886.15,11.125587,Upper secondary,59,4,16,South and Islands,2,0,0.11552912
1016922,0,0,0,65415.68,11.088517,Upper secondary,74,19,105,South and Islands,2,0,0.1341663
1016942,0,0,0,32640.768,10.393317,Upper secondary,62,7,49,South and Islands,3,0,0.23868108
1016945,0,0,0,20465.861,9.926514,Upper secondary,55,0,0,South and Islands,2,1,0.558912
1016949,0,0,0,31539.2,10.358987,University,60,5,25,South and Islands,2,1,0.22734384
1016963,0,0,0,58938.62,10.984252,University,51,-4,16,South and Islands,8,0,0.27885047
1016969,0,0,0,36106.85,10.494238,Lower secondary,70,15,-31,South and Islands,4,0,0.18042004
1016973,0,0,0,13400.0,9.50301,Lower secondary,48,-7,49,South and Islands,2,1,0.5788616
1016986,0,0,0,66415.766,11.10369,Lower secondary,71,16,0,South and Islands,4,1,0.23653603
1016992,0,0,0,38132.848,10.548831,Upper secondary,36,-19,105,South and Islands,4,1,0.992659
1017004,0,0,0,24415.68,10.102981,Upper secondary,69,14,-60,South and Islands,1,1,0.63710153
1017020,0,0,0,55506.086,10.924248,University,38,-17,33,South and Islands,2,0,0.21356975
1017052,0,0,0,40110.977,10.599405,Upper secondary,55,0,0,South and Islands,1,1,0.34795314
1017054,0,0,0,36062.72,10.493015,Upper secondary,63,8,64,South and Islands,2,0,0.07235494
1017059,0,0,0,11963.605,9.389625,Primary or less,86,31,-63,South and Islands,1,0,0.080750495
1017065,0,0,0,49888.727,10.817551,Upper secondary,76,21,-71,South and Islands,1,0,0.13345647
1017080,0,0,0,45265.723,10.720305,University,84,29,73,South and Islands,3,0,0.05159002
1017081,0,0,0,19001.568,9.852277,Lower secondary,65,10,100,South and Islands,3,0,0.20035481
1017083,0,0,0,39750.0,10.590365,Lower secondary,67,12,-112,South and Islands,3,0,0.081973426
1017091,0,0,0,32471.244,10.38811,University,58,3,9,South and Islands,1,0,0.271196
1017092,0,0,0,71676.72,11.179921,Upper secondary,80,25,113,South and Islands,4,0,0.13886826
1017098,0,0,0,29812.38,10.302679,Upper secondary,49,-6,36,South and Islands,4,0,0.17257091
1017116,0,0,0,38370.08,10.555034,Primary or less,80,25,113,South and Islands,2,0,0.10564057
1017152,0,0,0,7699.0,8.948846,Upper secondary,72,17,33,South and Islands,1,1,0.3737231
1017176,0,0,0,20137.785,9.910354,Lower secondary,79,24,64,South and Islands,2,0,0.10456111
1017187,0,0,0,56766.156,10.946695,Upper secondary,72,17,33,South and Islands,3,0,0.11187839
1017206,0,0,0,47722.3,10.773154,Upper secondary,67,12,-112,South and Islands,2,0,0.116557345
1017210,0,0,0,60740.125,11.014359,University,56,1,1,South and Islands,1,1,0.09423568
1017216,0,0,0,38615.68,10.561414,Upper secondary,58,3,9,South and Islands,3,0,0.14348301
1017244,0,0,0,48488.156,10.789075,Upper secondary,53,-2,4,South and Islands,5,0,0.20679863
1017245,0,0,0,50332.766,10.826411,Lower secondary,52,-3,9,South and Islands,4,0,0.156455
1017252,0,0,0,86394.15,11.366675,University,76,21,-71,South and Islands,2,0,0.025494356
1017259,0,0,0,22804.703,10.034722,Lower secondary,51,-4,16,South and Islands,4,1,0.4230921
1017272,0,0,0,94913.59,11.460722,Upper secondary,62,7,49,South and Islands,3,0,0.09351747
1017276,0,0,0,41636.242,10.636726,University,84,29,73,South and Islands,2,0,0.07378511
1017279,0,0,0,39956.797,10.595554,University,50,-5,25,South and Islands,3,1,0.47198468
1017283,0,0,0,59207.285,10.9888,Upper secondary,54,-1,1,South and Islands,3,1,0.04790564
1017294,0,0,0,9361.28,9.144338,Upper secondary,55,0,0,South and Islands,1,1,0.20786935
1017313,0,0,0,47938.62,10.777677,Upper secondary,45,-10,100,South and Islands,2,0,0.61504114
1017328,0,0,0,65458.3,11.089169,University,49,-6,36,South and Islands,4,0,0.1911643
1017339,1,0,1,38637.555,10.56198,Upper secondary,40,-15,-31,South and Islands,1,1,0.7372103
1017361,0,0,0,18519.93,9.826603,Upper secondary,45,-10,100,South and Islands,2,1,0.36506477
1017370,0,0,0,31954.695,10.372074,Upper secondary,47,-8,64,South and Islands,2,1,0.1931006
1017408,1,0,1,64578.277,11.075633,University,45,-10,100,South and Islands,4,0,0.1644284
1017424,0,0,0,46668.992,10.750835,Upper secondary,53,-2,4,South and Islands,3,0,0.15666719
1017426,0,0,0,24794.445,10.118375,University,30,-25,113,South and Islands,1,1,0.45182294
1017433,0,0,0,31657.69,10.362737,Upper secondary,37,-18,68,South and Islands,1,0,0.19724703
1017447,0,0,0,30446.074,10.323712,Lower secondary,67,12,-112,South and Islands,3,0,0.4571621
1017449,0,0,0,54909.406,10.91344,University,68,13,-87,South and Islands,3,0,0.18801579
1017479,0,0,0,52368.434,10.866059,Upper secondary,48,-7,49,South and Islands,4,0,0.40618545
1017494,1,1,1,62938.234,11.04991,University,74,19,105,South and Islands,2,0,0.027107816
1017512,0,0,0,27625.438,10.226492,Upper secondary,68,13,-87,South and Islands,1,0,0.4366484
1017515,0,0,0,25809.646,10.158504,Upper secondary,65,10,100,South and Islands,2,0,0.07602121
1017529,0,0,0,65521.734,11.0901375,University,60,5,25,South and Islands,3,0,0.08835565
1017547,0,0,0,26786.205,10.195642,Upper secondary,55,0,0,South and Islands,5,0,0.068047
1017573,0,0,0,17810.977,9.78757,Upper secondary,45,-10,100,South and Islands,1,0,0.8127132
1017641,0,0,0,33581.863,10.4217415,Upper secondary,40,-15,-31,South and Islands,2,0,3.272839
1017645,0,0,0,32868.832,10.40028,Upper secondary,34,-21,-71,South and Islands,3,1,5.1362543
1017650,0,0,0,81082.48,11.303222,University,50,-5,25,South and Islands,3,0,0.22080061
1017651,0,0,0,25579.074,10.149529,University,85,30,-124,South and Islands,1,0,0.19974145
1017774,0,0,0,58030.17,10.968719,Upper secondary,65,10,100,South and Islands,4,0,0.33838403
1017775,0,0,0,57029.74,10.951328,Upper secondary,65,10,100,South and Islands,4,0,0.53046906
1017789,0,0,0,60758.816,11.0146675,Lower secondary,60,5,25,South and Islands,3,0,0.30953392
1017826,0,0,0,24704.703,10.114749,Upper secondary,49,-6,36,South and Islands,1,1,0.66392845
1017884,0,0,0,85124.51,11.351871,Upper secondary,69,14,-60,South and Islands,2,0,0.107056946
1017960,0,0,0,61411.918,11.025359,Upper secondary,74,19,105,South and Islands,2,0,0.069558464
1017968,0,0,0,84004.7,11.338628,Upper secondary,56,1,1,South and Islands,4,0,0.08193049
1017977,1,1,0,440542.75,12.995763,Upper secondary,72,17,33,South and Islands,2,0,0.10080805
1017986,1,1,0,38901.82,10.568796,Lower secondary,60,5,25,South and Islands,2,0,0.045128014
1017987,0,0,0,40204.703,10.601739,Lower secondary,54,-1,1,South and Islands,4,0,0.16792208
1017990,0,0,0,56223.55,10.937091,Lower secondary,59,4,16,South and Islands,2,0,0.063232064
1017996,0,0,0,41928.42,10.64372,Lower secondary,54,-1,1,South and Islands,4,0,0.15027672
1018001,0,0,0,54520.0,10.9063225,Upper secondary,69,14,-60,South and Islands,3,0,0.056335784
1018013,1,1,0,63870.617,11.064614,Upper secondary,69,14,-60,South and Islands,4,0,0.10247073
1018015,0,0,0,28907.95,10.271872,Lower secondary,72,17,33,South and Islands,2,1,0.20544548
1018019,0,0,0,20504.684,9.928409,Primary or less,83,28,16,South and Islands,1,1,0.11971748
1018023,0,0,0,24403.764,10.102492,Lower secondary,44,-11,121,South and Islands,2,0,0.6498834
1018027,0,0,0,36420.383,10.502884,Upper secondary,88,33,65,South and Islands,2,0,0.15266898
1018050,0,0,0,34809.855,10.457656,Lower secondary,56,1,1,South and Islands,3,0,0.27410161
1018055,1,1,0,62778.773,11.047372,Upper secondary,47,-8,64,South and Islands,4,0,0.15106125
1018063,0,0,0,43832.867,10.688139,Upper secondary,77,22,-28,South and Islands,3,0,0.05243395
1018089,0,0,0,18041.951,9.800455,Lower secondary,77,22,-28,South and Islands,1,1,0.27333456
1018090,0,0,0,102420.734,11.536844,University,66,11,121,South and Islands,1,0,0.048745688
1018094,0,0,0,71976.06,11.184089,Primary or less,87,32,0,South and Islands,3,0,0.061973397
1018098,0,0,0,12095.018,9.400549,Lower secondary,68,13,-87,South and Islands,1,1,0.12694083
1018102,0,0,0,42240.21,10.651128,University,72,17,33,South and Islands,1,1,0.10477421
1018103,0,0,0,40825.703,10.617067,Upper secondary,46,-9,81,South and Islands,2,1,0.5135202
1018110,0,0,0,75601.84,11.233236,Upper secondary,62,7,49,South and Islands,3,0,1.4683762
1018123,1,1,1,57528.824,10.960041,University,46,-9,81,South and Islands,3,1,1.278886
1018130,0,0,0,39267.21,10.578145,Lower secondary,65,10,100,South and Islands,3,0,1.4830754
1018135,0,0,0,41819.52,10.641118,Upper secondary,51,-4,16,South and Islands,3,0,2.8888206
1018138,0,0,0,34788.31,10.457037,Upper secondary,68,13,-87,South and Islands,3,0,1.5958353
1018155,0,0,0,59031.36,10.985825,Lower secondary,57,2,4,South and Islands,4,0,0.98905176
1018157,0,0,0,26505.018,10.185089,Lower secondary,44,-11,121,South and Islands,5,1,5.465392
1018161,0,0,0,47697.656,10.772637,Upper secondary,43,-12,-112,South and Islands,2,0,0.38538665
1018173,0,0,0,97599.22,11.488625,Lower secondary,70,15,-31,South and Islands,4,0,0.68440855
1018196,0,0,0,29393.191,10.288518,Primary or less,77,22,-28,South and Islands,2,1,0.079446726
1018201,0,0,0,15481.247,9.647385,Primary or less,87,32,0,South and Islands,1,1,0.41496605
1018203,0,0,0,84867.71,11.348849,University,76,21,-71,South and Islands,2,0,0.098514
1018213,0,0,0,47588.996,10.770357,Upper secondary,68,13,-87,South and Islands,2,1,0.14281788
1018217,0,0,0,77415.04,11.256936,University,46,-9,81,South and Islands,3,0,0.19006567
1018223,0,0,0,26319.215,10.178055,Primary or less,77,22,-28,South and Islands,2,1,0.15470879
1018238,0,0,0,67496.74,11.119835,University,49,-6,36,South and Islands,3,1,0.2350718
1018239,0,0,0,42483.68,10.656876,Upper secondary,69,14,-60,South and Islands,2,1,0.2946742
1018242,0,0,0,16817.248,9.730161,Lower secondary,52,-3,9,South and Islands,2,1,0.8423342
1018252,0,0,0,58899.934,10.983595,Upper secondary,55,0,0,South and Islands,2,0,0.22438782
1018262,0,0,0,43787.895,10.687113,Lower secondary,80,25,113,South and Islands,2,0,0.14647295
1018271,0,0,0,38444.582,10.556973,Upper secondary,77,22,-28,South and Islands,1,1,0.1855735
1018278,0,0,0,28560.727,10.259788,University,49,-6,36,South and Islands,1,1,0.06948615
1018281,0,0,0,45098.95,10.716615,Primary or less,71,16,0,South and Islands,3,0,0.15937054
1018285,0,0,0,24304.703,10.098425,Lower secondary,79,24,64,South and Islands,2,0,0.111175485
1018286,0,0,0,33709.406,10.425532,Upper secondary,73,18,68,South and Islands,3,0,0.14460021
1018288,0,0,0,46231.36,10.741414,Upper secondary,66,11,121,South and Islands,3,0,0.153773
1018296,0,0,0,32047.04,10.37496,Upper secondary,82,27,-39,South and Islands,2,0,0.10165345
1018304,0,0,0,47740.383,10.773533,Lower secondary,64,9,81,South and Islands,4,1,0.2455766
1018306,0,0,0,31640.47,10.362192,Upper secondary,70,15,-31,South and Islands,5,0,0.18817739
1018313,0,0,0,25678.223,10.1533985,University,78,23,17,South and Islands,2,0,0.08961429
1018315,0,0,0,55631.36,10.926502,Upper secondary,69,14,-60,South and Islands,3,0,0.12701352
1018321,0,0,0,16054.391,9.683738,Lower secondary,32,-23,17,South and Islands,3,0,1.6184891
1018326,0,0,0,21068.816,9.955549,Upper secondary,71,16,0,South and Islands,2,0,0.111426145
1018338,0,0,0,35352.195,10.473116,Lower secondary,55,0,0,South and Islands,7,0,0.18208915
1018347,0,0,0,37028.223,10.519436,Lower secondary,54,-1,1,South and Islands,4,0,0.3035705
1018352,0,0,0,26201.031,10.173554,Primary or less,53,-2,4,South and Islands,3,0,0.25730747
1018359,0,0,0,21809.408,9.990097,Upper secondary,50,-5,25,South and Islands,4,0,0.18918675
1018364,0,0,0,33502.72,10.419382,University,49,-6,36,South and Islands,5,0,0.18428148
1018367,0,0,0,12604.704,9.441826,Lower secondary,54,-1,1,South and Islands,4,0,0.90340596
1018399,0,0,0,4100.0,8.318743,Lower secondary,42,-13,-87,South and Islands,2,1,1.8614687
1018402,0,0,0,21847.04,9.99182,University,36,-19,105,South and Islands,2,0,0.17446199
1018441,0,0,0,25831.36,10.159345,Upper secondary,77,22,-28,South and Islands,2,0,0.088481665
1018503,0,0,0,21537.63,9.977557,Lower secondary,36,-19,105,South and Islands,4,1,0.6805707
1018545,0,0,0,40459.582,10.608059,Upper secondary,68,13,-87,South and Islands,2,0,0.022248289
1018550,0,0,0,28638.99,10.262525,Lower secondary,46,-9,81,South and Islands,4,1,0.5736719
1018558,0,0,0,68443.625,11.133766,Upper secondary,70,15,-31,South and Islands,2,0,0.10289655
1018564,0,0,0,28110.031,10.243882,Upper secondary,77,22,-28,South and Islands,2,0,0.11099665
1018565,0,0,0,12645.018,9.445019,Primary or less,59,4,16,South and Islands,3,1,0.43292084
1018567,0,0,0,41228.223,10.626879,Upper secondary,66,11,121,South and Islands,2,0,0.055018988
1018575,0,0,0,32802.016,10.398245,Upper secondary,65,10,100,South and Islands,3,0,0.34872946
1018586,0,0,0,19004.43,9.8524275,Upper secondary,58,3,9,South and Islands,2,1,0.49625355
1018608,0,0,0,12614.111,9.442572,Primary or less,50,-5,25,South and Islands,3,1,0.6083476
1018615,0,0,0,101751.86,11.5302925,University,58,3,9,South and Islands,3,0,0.08089775
1018647,1,1,0,54344.34,10.903096,Upper secondary,56,1,1,South and Islands,5,0,0.13156492
1018654,0,0,0,48240.766,10.783959,Upper secondary,51,-4,16,South and Islands,4,1,0.23094434
1018673,0,0,0,29409.125,10.289061,Upper secondary,74,19,105,South and Islands,2,0,0.07349154
1018686,0,0,0,6.2718544,1.8360721,Upper secondary,57,2,4,South and Islands,1,1,0.495043
1018719,0,0,0,29647.04,10.297117,Upper secondary,42,-13,-87,South and Islands,3,0,0.910073
1018746,0,0,0,28023.205,10.240788,Upper secondary,45,-10,100,South and Islands,1,0,0.98919684
1018751,0,0,0,45497.04,10.725403,Upper secondary,50,-5,25,South and Islands,5,1,0.27577117
1018772,0,0,0,43747.04,10.686179,Lower secondary,71,16,0,South and Islands,2,0,0.1557386
1018797,0,0,0,41036.062,10.622207,University,28,-27,-39,South and Islands,3,1,0.830308
1018817,0,0,0,11920.0,9.385973,Lower secondary,61,6,36,South and Islands,3,0,0.3327605
1018819,0,0,0,100899.0,11.521875,University,71,16,0,South and Islands,2,0,0.03247431
1018829,0,0,0,50831.188,10.836266,Lower secondary,67,12,-112,South and Islands,2,0,0.11934345
1018836,0,0,0,25654.39,10.15247,Primary or less,66,11,121,South and Islands,4,1,0.09835422
1018841,0,0,0,34221.953,10.440622,Lower secondary,68,13,-87,South and Islands,2,0,0.091098316
1018854,0,0,0,20471.951,9.926811,Lower secondary,80,25,113,South and Islands,2,0,0.23690155
1018855,0,0,0,35365.68,10.473497,University,90,35,-55,South and Islands,2,0,0.10744911
1018857,0,0,0,67002.51,11.112485,University,81,26,-92,South and Islands,2,0,0.055544753
1018863,0,0,0,250.0,5.521461,Lower secondary,56,1,1,South and Islands,2,1,0.47883892
1018868,0,0,0,21819.408,9.990555,Primary or less,69,14,-60,South and Islands,4,0,0.14077981
1018875,0,0,0,46804.703,10.753739,Upper secondary,62,7,49,South and Islands,2,0,0.3188616
1018883,0,0,0,36254.02,10.498305,University,61,6,36,South and Islands,5,0,0.11438019
1018907,0,0,0,11760.0,9.372459,Lower secondary,55,0,0,South and Islands,2,0,0.26394117
1018908,0,0,0,78558.69,11.271602,University,53,-2,4,South and Islands,4,0,0.13982123
1018928,0,0,0,5300.0,8.575462,Lower secondary,45,-10,100,South and Islands,2,1,0.09613878
1018931,0,0,0,41370.395,10.630321,Upper secondary,51,-4,16,South and Islands,2,0,0.19578601
1018934,0,0,0,48091.36,10.780858,Upper secondary,46,-9,81,South and Islands,4,0,0.22777802
1018987,0,0,0,51550.176,10.850311,University,72,17,33,South and Islands,2,0,0.086623475
1018991,0,0,0,29866.307,10.304486,Primary or less,79,24,64,South and Islands,2,1,0.15858501
1019016,0,0,0,31450.176,10.35616,Lower secondary,53,-2,4,South and Islands,2,0,0.3979007
1019038,0,0,0,27914.496,10.236901,University,41,-14,-60,South and Islands,2,1,0.7425595
1019057,0,0,0,73081.53,11.199331,University,70,15,-31,South and Islands,3,0,0.12992182
1019066,0,0,0,37335.84,10.527709,Upper secondary,69,14,-60,South and Islands,2,0,3.8535666
1019068,0,0,0,29218.6,10.28256,Lower secondary,70,15,-31,South and Islands,2,1,3.7760704
1019082,0,0,0,29506.643,10.292371,Upper secondary,70,15,-31,South and Islands,2,0,2.0164378
1019094,0,0,0,26947.04,10.201629,Upper secondary,68,13,-87,South and Islands,2,0,2.074806
1019095,0,0,0,13007.822,9.473307,Primary or less,86,31,-63,South and Islands,1,1,3.4935548
1019130,0,0,0,15740.0,9.66396,Lower secondary,84,29,73,South and Islands,1,1,4.190127
1019137,0,0,0,50881.535,10.8372555,Upper secondary,51,-4,16,South and Islands,3,1,4.349533
1019139,0,0,0,53512.72,10.887674,Upper secondary,77,22,-28,South and Islands,5,0,3.657415
1019142,0,0,0,45600.0,10.727663,Primary or less,64,9,81,South and Islands,3,1,3.6772435
1019159,0,0,0,62750.0,11.046914,Upper secondary,41,-14,-60,South and Islands,4,0,4.696368
1019168,0,0,0,27040.281,10.205083,Upper secondary,42,-13,-87,South and Islands,4,1,1.4730629
1019178,0,0,0,74884.37,11.223701,University,44,-11,121,South and Islands,4,1,1.0487357
1019205,0,0,0,29585.768,10.295049,University,63,8,64,South and Islands,2,1,0.45841205
1019207,0,0,0,34979.03,10.462504,Upper secondary,20,-35,-55,South and Islands,4,0,0.33330864
1019208,0,0,0,21410.334,9.971629,Primary or less,75,20,-112,South and Islands,2,1,0.17288616
1019213,0,0,0,8408.905,9.037046,Upper secondary,63,8,64,South and Islands,1,1,0.89397293
1019215,0,0,0,59306.484,10.990474,Upper secondary,56,1,1,South and Islands,4,1,0.3105559
1019216,0,0,0,36134.18,10.494994,Upper secondary,69,14,-60,South and Islands,2,1,0.25452816
1019217,0,0,0,22835.64,10.0360775,Lower secondary,67,12,-112,South and Islands,3,0,0.08019881
1019218,0,0,0,66297.484,11.101908,Lower secondary,48,-7,49,South and Islands,5,1,2.2717617
1019223,0,0,0,55552.227,10.925079,Lower secondary,55,0,0,South and Islands,4,1,0.24685407
1019252,0,0,0,9648.913,9.174601,Primary or less,60,5,25,South and Islands,1,1,0.8564416
1019262,0,0,0,38198.785,10.550559,Upper secondary,64,9,81,South and Islands,2,1,1.0427055
1019264,0,0,0,79088.28,11.27832,Upper secondary,67,12,-112,South and Islands,3,0,0.19301365
1019270,0,0,0,47297.84,10.76422,Upper secondary,67,12,-112,South and Islands,3,0,0.22633325
1019277,0,0,0,99371.9,11.506624,University,63,8,64,South and Islands,4,1,0.15593918
1019278,0,0,0,41702.664,10.63832,Lower secondary,52,-3,9,South and Islands,4,1,1.17912
1019285,0,0,0,20415.865,9.9240675,Lower secondary,42,-13,-87,South and Islands,3,1,0.965886
1019294,0,0,0,49733.934,10.814443,Lower secondary,74,19,105,South and Islands,3,0,0.2490482
1019306,0,0,0,16833.783,9.731143,Lower secondary,65,10,100,South and Islands,2,1,0.35405943
1019338,0,0,0,30668.76,10.330999,University,75,20,-112,South and Islands,1,0,0.38613495
1019343,0,0,0,28259.408,10.249182,Upper secondary,68,13,-87,South and Islands,3,1,0.62478155
1019349,0,0,0,58230.613,10.972166,University,78,23,17,South and Islands,2,0,0.08075385
1019357,0,0,0,38913.52,10.569097,Upper secondary,85,30,-124,South and Islands,2,0,0.17512812
1019358,0,0,0,27623.096,10.226408,Lower secondary,80,25,113,South and Islands,1,1,0.23700543
1019367,0,0,0,17105.645,9.747164,Lower secondary,63,8,64,South and Islands,2,1,0.38044423
1019369,0,0,0,46740.766,10.752372,University,57,2,4,South and Islands,3,1,0.20131907
1019371,0,0,0,12850.273,9.461121,Primary or less,75,20,-112,South and Islands,5,1,0.74558944
1019372,0,0,0,67845.73,11.124991,University,65,10,100,South and Islands,4,0,0.20133634
1019381,0,0,0,33083.25,10.406782,Lower secondary,64,9,81,South and Islands,3,0,0.23607253
1019389,0,0,0,28573.764,10.260244,Primary or less,74,19,105,South and Islands,4,0,0.3014645
1019394,0,0,0,26514.111,10.185432,University,80,25,113,South and Islands,1,1,0.17033426
1019398,0,0,0,22965.68,10.041757,Upper secondary,65,10,100,South and Islands,2,0,0.133316
1019406,0,0,0,65478.086,11.089471,Upper secondary,69,14,-60,South and Islands,2,1,0.07352296
1019409,0,0,0,15170.384,9.6271,Lower secondary,86,31,-63,South and Islands,1,1,0.6336677
1019414,0,0,0,21742.975,9.987046,Lower secondary,62,7,49,South and Islands,2,0,0.16892359
1019422,0,0,0,43758.36,10.686438,University,76,21,-71,South and Islands,2,0,0.088674046
1019426,0,0,0,22036.48,10.000455,Lower secondary,63,8,64,South and Islands,2,1,0.39474848
1019435,0,0,0,14501.882,9.582034,Lower secondary,55,0,0,South and Islands,3,1,0.19596846
1019437,0,0,0,44337.258,10.699581,Upper secondary,82,27,-39,South and Islands,2,0,0.1573215
1019442,0,0,0,11451.254,9.345855,Lower secondary,82,27,-39,South and Islands,1,0,0.5379423
1019488,0,0,0,33115.68,10.407763,Upper secondary,72,17,33,South and Islands,2,0,0.36927816
1019492,0,0,0,35059.406,10.464799,Primary or less,70,15,-31,South and Islands,4,0,0.51604134
1019499,0,0,0,20435.666,9.925037,Primary or less,74,19,105,South and Islands,6,1,0.20170666
1019531,0,0,0,31801.568,10.36727,Upper secondary,69,14,-60,South and Islands,2,0,0.13255033
1019532,0,0,0,74499.7,11.218551,University,58,3,9,South and Islands,3,1,0.04421289
1019546,0,0,0,42662.72,10.66108,Primary or less,73,18,68,South and Islands,4,0,0.10758276
1019557,0,0,0,52263.902,10.864061,Upper secondary,74,19,105,South and Islands,3,1,0.15734942
1019582,0,0,0,22903.764,10.039057,Primary or less,91,36,16,South and Islands,2,0,0.105910674
1019598,0,0,0,13261.882,9.492649,Primary or less,79,24,64,South and Islands,1,1,0.06155675
1019601,0,0,0,42462.72,10.656382,University,46,-9,81,South and Islands,2,1,0.28486907
1019612,0,0,0,15632.135,9.657084,Primary or less,68,13,-87,South and Islands,2,1,0.35626516
1019615,0,0,0,25234.967,10.135986,University,60,5,25,South and Islands,1,1,0.4148927
1019638,1,0,1,69161.44,11.144198,University,81,26,-92,South and Islands,2,0,0.041945796
1019642,0,0,0,55609.24,10.926105,University,61,6,36,South and Islands,2,0,0.022593508
1019656,0,0,0,21081.219,9.956138,Upper secondary,74,19,105,South and Islands,1,1,0.2289179
1019659,0,0,0,33234.496,10.411344,Primary or less,79,24,64,South and Islands,2,1,0.6308208
1019664,0,0,0,22500.0,10.021271,Primary or less,80,25,113,South and Islands,1,1,0.25777376
1019668,0,0,0,16851.254,9.732181,Upper secondary,61,6,36,South and Islands,1,0,0.34467697
1019678,0,0,0,17108.645,9.747339,Primary or less,65,10,100,South and Islands,3,1,0.19367376
1019687,0,0,0,30101.254,10.312323,Lower secondary,62,7,49,South and Islands,6,1,0.21376802
1019688,0,0,0,27084.35,10.206712,Primary or less,68,13,-87,South and Islands,2,1,0.18958326
1019711,1,1,0,320583.47,12.677898,University,58,3,9,South and Islands,2,0,0.021533635
1019722,0,0,0,6170.541,8.727542,Primary or less,63,8,64,South and Islands,2,0,0.29292825
1019734,0,0,0,33089.76,10.40698,Primary or less,59,4,16,South and Islands,3,1,0.07293867
1019761,0,0,0,13650.0,9.521495,Primary or less,81,26,-92,South and Islands,2,0,0.3603874
1019768,0,0,0,25064.719,10.129216,Upper secondary,65,10,100,South and Islands,1,0,0.55947375
1019770,0,0,0,22940.0,10.040637,Upper secondary,75,20,-112,South and Islands,2,0,0.30803567
1019797,0,0,0,51051.684,10.840594,University,73,18,68,South and Islands,2,0,0.116698965
1019805,1,1,0,45333.93,10.721811,Upper secondary,58,3,9,South and Islands,3,0,0.16692089
1019807,0,0,0,26728.398,10.193481,Upper secondary,74,19,105,South and Islands,2,0,0.14042616
1019813,0,0,0,37414.113,10.529803,Upper secondary,62,7,49,South and Islands,4,0,0.30989808
1019822,0,0,0,20174.793,9.9121895,Lower secondary,65,10,100,South and Islands,2,0,0.45902976
1019823,0,0,0,15300.0,9.635608,Primary or less,74,19,105,South and Islands,2,0,0.36975715
1019859,0,0,0,38053.312,10.546743,Upper secondary,53,-2,4,South and Islands,2,1,0.48136684
1019870,0,0,0,39001.938,10.571366,Upper secondary,53,-2,4,South and Islands,2,0,0.15060724
1019878,0,0,0,23933.764,10.083046,Lower secondary,46,-9,81,South and Islands,9,1,0.19365367
1019918,0,0,0,46247.04,10.741753,Primary or less,78,23,17,South and Islands,3,1,0.2705053
1019922,0,0,0,54701.258,10.909642,University,60,5,25,South and Islands,4,0,0.22875911
1019948,0,0,0,25032.512,10.127931,Upper secondary,57,2,4,South and Islands,2,0,0.111973785
1019960,0,0,0,30196.178,10.315471,Upper secondary,54,-1,1,South and Islands,3,0,0.06970263
1019996,0,0,0,18221.951,9.810382,Upper secondary,82,27,-39,South and Islands,1,1,0.5798311
1020014,0,0,0,11800.0,9.3758545,Upper secondary,56,1,1,South and Islands,3,0,0.08178955
1020022,0,0,0,52230.38,10.86342,Upper secondary,46,-9,81,South and Islands,4,0,0.107575014
1020030,0,0,0,13200.0,9.487972,Lower secondary,46,-9,81,South and Islands,4,0,0.8505611
1020092,0,0,0,48497.914,10.789276,University,71,16,0,South and Islands,1,0,0.031089658
1020185,0,0,0,25355.037,10.140733,Lower secondary,72,17,33,South and Islands,2,1,0.10379275
1020193,0,0,0,13480.231,9.50898,University,54,-1,1,South and Islands,4,0,0.07239445
1020237,0,0,0,56646.703,10.944589,Upper secondary,69,14,-60,South and Islands,4,0,0.11763082
1020252,0,0,0,24801.568,10.118662,Upper secondary,51,-4,16,South and Islands,1,0,1.0789659
1020358,0,0,0,30538.219,10.326735,Upper secondary,70,15,-31,South and Islands,2,0,0.20407951
1020373,0,0,0,23007.84,10.043591,Upper secondary,62,7,49,South and Islands,3,1,0.18558143
1020376,0,0,0,26707.84,10.192713,Upper secondary,72,17,33,South and Islands,2,0,0.029907484
1020406,0,0,0,29420.383,10.289443,Upper secondary,71,16,0,South and Islands,1,1,0.23339896
1020411,0,0,0,8704.704,9.071619,Primary or less,75,20,-112,South and Islands,1,1,0.5455601
1020437,0,0,0,25125.68,10.131646,Upper secondary,64,9,81,South and Islands,1,0,0.5122574
1020447,0,0,0,29570.19,10.294522,University,24,-31,-63,South and Islands,3,1,0.094323434
1020454,0,0,0,22304.076,10.012525,Lower secondary,65,10,100,South and Islands,3,0,0.55918604
1020466,0,0,0,37309.406,10.527,Upper secondary,48,-7,49,South and Islands,3,0,0.10533887
1020472,0,0,0,22151.88,10.005678,Upper secondary,67,12,-112,South and Islands,4,0,0.5280314
1020484,0,0,0,23514.111,10.065356,Lower secondary,37,-18,68,South and Islands,4,0,0.08531623
1020487,0,0,0,41575.086,10.635257,University,41,-14,-60,South and Islands,4,0,0.36441743
1020504,0,0,0,12007.84,9.393315,Primary or less,53,-2,4,South and Islands,4,0,0.49097762
1020515,0,0,0,39709.496,10.589346,Lower secondary,77,22,-28,South and Islands,2,0,0.06362635
1020542,0,0,0,21337.04,9.9682,Upper secondary,76,21,-71,South and Islands,1,0,0.1621401
1020557,0,0,0,52304.08,10.86483,Lower secondary,78,23,17,South and Islands,2,0,0.12533465
1020561,0,0,0,42041.36,10.646409,Primary or less,85,30,-124,South and Islands,2,0,0.10056704
1020577,0,0,0,14400.0,9.574984,Lower secondary,38,-17,33,South and Islands,2,0,0.8049157
1020585,0,0,0,26229.533,10.174642,Upper secondary,63,8,64,South and Islands,2,0,0.33121794
1020595,0,0,0,29565.625,10.294368,University,60,5,25,South and Islands,1,0,0.11875707
1020632,0,0,0,20400.941,9.923336,Primary or less,85,30,-124,South and Islands,1,1,2.3689413
1020634,0,0,0,13303.136,9.495755,Primary or less,85,30,-124,South and Islands,2,0,0.79138607
1020639,0,0,0,84594.414,11.345624,University,74,19,105,South and Islands,3,0,0.13706858
1020641,0,0,0,26931.36,10.201047,Upper secondary,73,18,68,South and Islands,2,0,0.61957777
1020644,0,0,0,24309.408,10.0986185,Upper secondary,96,41,-111,South and Islands,1,1,1.1192045
1020645,0,0,0,41528.223,10.634129,Primary or less,73,18,68,South and Islands,2,1,1.4693877
1020649,0,0,0,20621.951,9.934112,University,73,18,68,South and Islands,1,0,0.3571584
1020660,0,0,0,1800.0,7.495542,Primary or less,85,30,-124,South and Islands,1,1,2.4021635
1020662,0,0,0,40921.953,10.619422,Upper secondary,58,3,9,South and Islands,3,0,1.13652
1020663,0,0,0,105972.625,11.570936,Upper secondary,64,9,81,South and Islands,4,0,0.19779006
1020665,0,0,0,21015.68,9.953024,Upper secondary,85,30,-124,South and Islands,2,0,1.9519062
1020675,0,0,0,16914.111,9.735904,Upper secondary,78,23,17,South and Islands,2,0,0.92820764
1020676,0,0,0,32693.902,10.394944,Upper secondary,68,13,-87,South and Islands,2,0,0.22977184
1020682,0,0,0,53934.496,10.895526,University,87,32,0,South and Islands,1,0,0.71582276
1020692,0,0,0,42937.633,10.667504,Upper secondary,51,-4,16,South and Islands,4,0,0.30928403
1020693,0,0,0,13251.568,9.491871,Lower secondary,53,-2,4,South and Islands,1,0,3.5476687
1020695,0,0,0,24928.223,10.123755,Upper secondary,56,1,1,South and Islands,1,0,0.8740253
1020701,0,0,0,38615.68,10.561414,Upper secondary,53,-2,4,South and Islands,4,0,1.4115896
1020704,0,0,0,43710.69,10.6853485,University,49,-6,36,South and Islands,4,0,2.7935495
1020706,1,0,0,39640.598,10.587609,University,50,-5,25,South and Islands,2,0,0.2538666
1020713,0,0,0,21009.408,9.952725,Upper secondary,46,-9,81,South and Islands,3,1,1.1892427
1020716,0,0,0,33037.633,10.405402,Upper secondary,52,-3,9,South and Islands,4,0,1.4573523
1020733,0,0,0,16635.326,9.719284,Upper secondary,68,13,-87,South and Islands,3,0,0.4968418
1020741,0,0,0,45254.97,10.720068,Lower secondary,58,3,9,South and Islands,5,1,0.14744347
1020742,0,0,0,17424.016,9.765605,Lower secondary,56,1,1,South and Islands,4,1,0.49279425
1020746,0,0,0,15033.165,9.618014,Upper secondary,62,7,49,South and Islands,2,1,0.08398778
1020749,0,0,0,26531.273,10.186079,Lower secondary,52,-3,9,South and Islands,5,1,0.70859516
1020751,0,0,0,47576.45,10.770093,University,78,23,17,South and Islands,3,0,0.1195451
1020754,0,0,0,15624.401,9.6565895,Primary or less,85,30,-124,South and Islands,1,1,0.10139917
1020756,0,0,0,31230.545,10.349152,Upper secondary,32,-23,17,South and Islands,4,1,0.12637208
1020764,0,0,0,29521.05,10.292859,Lower secondary,58,3,9,South and Islands,3,1,0.12587854
1020765,0,0,0,16611.285,9.717837,Lower secondary,67,12,-112,South and Islands,2,0,0.08339109
1020768,0,0,0,59973.344,11.001656,Upper secondary,68,13,-87,South and Islands,2,0,0.071292475
1020778,0,0,0,23384.256,10.059818,Lower secondary,63,8,64,South and Islands,2,0,0.08685705
1020779,0,0,0,10817.931,9.28896,Primary or less,80,25,113,South and Islands,1,1,0.4852022
1020780,0,0,0,26438.188,10.182565,Primary or less,84,29,73,South and Islands,2,1,0.0830728
1020789,0,0,0,41973.66,10.644797,Lower secondary,55,0,0,South and Islands,5,0,0.118192054
1020790,0,0,0,66611.97,11.10664,University,56,1,1,South and Islands,3,1,0.06964662
1020792,0,0,0,23947.04,10.0836,Lower secondary,49,-6,36,South and Islands,3,1,0.1650967
1020801,0,0,0,39878.883,10.593602,Lower secondary,49,-6,36,South and Islands,5,1,0.1373734
1020805,0,0,0,24637.053,10.112007,Lower secondary,51,-4,16,South and Islands,4,0,0.72253186
1020808,0,0,0,46752.89,10.752631,Upper secondary,43,-12,-112,South and Islands,4,1,0.17743869
1020810,0,0,0,43898.883,10.689644,University,48,-7,49,South and Islands,4,1,0.45609912
1020814,0,0,0,600.0,6.3969297,Lower secondary,51,-4,16,South and Islands,1,0,0.49619597
1020815,0,0,0,54969.043,10.914525,Lower secondary,39,-16,0,South and Islands,3,1,0.14347637
1020843,0,0,0,24332.678,10.099575,Lower secondary,75,20,-112,South and Islands,2,0,0.21767868
1020861,0,0,0,24012.543,10.086331,Upper secondary,70,15,-31,South and Islands,2,0,0.21414098
1020864,0,0,0,32008.543,10.373758,Lower secondary,43,-12,-112,South and Islands,3,1,1.3129262
1020887,0,0,0,30114.111,10.312749,Lower secondary,56,1,1,South and Islands,4,1,2.416946
1020906,0,0,0,22509.408,10.021688,Lower secondary,41,-14,-60,South and Islands,4,0,3.7068067
1020941,0,0,0,126844.56,11.750718,University,46,-9,81,South and Islands,5,0,0.0704913
1020947,0,0,0,11909.568,9.3850975,Upper secondary,73,18,68,South and Islands,2,1,0.38490978
1020964,0,0,0,24042.822,10.087592,Primary or less,77,22,-28,South and Islands,2,0,0.16501318
1020988,1,1,0,91592.65,11.425106,Upper secondary,69,14,-60,South and Islands,2,0,0.03200093
1021026,0,0,0,67581.69,11.121093,Upper secondary,53,-2,4,South and Islands,4,0,0.29255226
1021045,0,0,0,38039.035,10.546369,Upper secondary,55,0,0,South and Islands,4,0,0.077524066
1021054,1,1,0,54934.266,10.913893,Upper secondary,45,-10,100,South and Islands,5,0,0.33834895
1021067,0,0,0,49603.137,10.81181,Upper secondary,40,-15,-31,South and Islands,3,0,1.2024353
1021125,0,0,0,52782.965,10.873943,University,45,-10,100,South and Islands,2,0,0.18003602
1021149,0,0,0,14267.548,9.5657425,Primary or less,92,37,89,South and Islands,1,1,0.14062996
1021151,0,0,0,19207.336,9.863048,Primary or less,77,22,-28,South and Islands,2,1,0.11133583
1021153,0,0,0,16733.084,9.725143,Primary or less,69,14,-60,South and Islands,1,0,0.639194
1021179,0,0,0,21678.398,9.984072,Lower secondary,79,24,64,South and Islands,1,0,0.09676749
1021189,0,0,0,57613.08,10.961505,Upper secondary,83,28,16,South and Islands,3,0,0.102095924
1021213,0,0,0,32154.027,10.378293,Lower secondary,83,28,16,South and Islands,2,0,0.54546833
1021219,0,0,0,26804.703,10.196333,Lower secondary,57,2,4,South and Islands,5,0,0.6904105
1021249,0,0,0,24921.951,10.123505,Upper secondary,31,-24,64,South and Islands,4,1,2.463921
1021252,0,0,0,61588.914,11.028237,Upper secondary,63,8,64,South and Islands,4,0,0.6794071
1021260,0,0,0,37422.652,10.530031,Upper secondary,71,16,0,South and Islands,2,0,1.0972105
1021261,0,0,0,32815.68,10.398662,Primary or less,71,16,0,South and Islands,3,1,2.3984003
1021265,0,0,0,13671.359,9.523058,Lower secondary,72,17,33,South and Islands,1,0,2.3383777
1021271,0,0,0,23085.088,10.046942,Lower secondary,68,13,-87,South and Islands,2,0,1.4556162
1021288,0,0,0,48975.086,10.7990675,Upper secondary,64,9,81,South and Islands,3,0,1.0138209
1021290,0,0,0,26279.518,10.176545,Upper secondary,55,0,0,South and Islands,4,0,1.754393
1021300,0,0,0,17501.568,9.770046,Lower secondary,57,2,4,South and Islands,3,1,0.9555379
1021353,0,0,0,156325.44,11.959695,University,57,2,4,South and Islands,4,0,0.19107468
1021361,0,0,0,36768.223,10.512389,Upper secondary,55,0,0,South and Islands,4,0,1.3520378
1021373,0,0,0,4206.272,8.344332,University,40,-15,-31,South and Islands,2,1,4.032702
1021376,0,0,0,41306.797,10.628782,University,51,-4,16,South and Islands,3,0,1.6598344
1021377,0,0,0,8457.84,9.04285,Primary or less,71,16,0,South and Islands,2,0,2.050798
1021378,0,0,0,527262.7,13.175454,Upper secondary,42,-13,-87,South and Islands,3,0,0.15386684
1021380,0,0,0,33901.496,10.431214,Lower secondary,64,9,81,South and Islands,3,0,5.745713
1021387,0,0,0,20402.508,9.923413,Primary or less,80,25,113,South and Islands,2,1,2.1698072
1021388,0,0,0,23002.71,10.043367,Upper secondary,91,36,16,South and Islands,1,1,4.4674644
1021392,0,0,0,9600.184,9.169538,Lower secondary,73,18,68,South and Islands,1,1,3.4305468
1021397,0,0,0,37811.16,10.5403595,University,29,-26,-92,South and Islands,2,0,4.2118897
1021398,0,0,0,38809.406,10.566418,Lower secondary,58,3,9,South and Islands,3,0,5.9661984
1021410,0,0,0,93125.44,11.441703,University,63,8,64,South and Islands,4,0,5.9501705
1021444,0,0,0,34331.36,10.443814,Upper secondary,38,-17,33,South and Islands,2,0,7.936355
1021474,0,0,0,15009.465,9.616436,Lower secondary,57,2,4,South and Islands,1,1,0.50212795
1021585,0,0,0,26243.902,10.175189,University,40,-15,-31,South and Islands,1,0,1.0385953
1021586,0,0,0,67200.0,11.115429,University,56,1,1,South and Islands,1,0,0.07661111
1021587,0,0,0,11801.882,9.376015,Lower secondary,35,-20,-112,South and Islands,2,1,1.5785811
1021594,0,0,0,66321.2,11.102265,University,78,23,17,South and Islands,3,0,0.093598016
1021606,0,0,0,9301.254,9.137904,Primary or less,52,-3,9,South and Islands,2,0,1.2014002
1021612,0,0,0,20921.951,9.948554,Lower secondary,59,4,16,South and Islands,1,0,0.54173344
1021615,0,0,0,48777.832,10.795032,Upper secondary,29,-26,-92,South and Islands,3,0,1.536297
1021617,0,0,0,35281.36,10.47111,Upper secondary,76,21,-71,South and Islands,3,1,0.8526098
1021620,0,0,0,40403.715,10.606677,Upper secondary,36,-19,105,South and Islands,2,0,2.224132
1021624,0,0,0,22959.408,10.041483,Lower secondary,63,8,64,South and Islands,2,0,0.6613921
1021625,1,0,1,204671.27,12.22916,University,39,-16,0,South and Islands,4,0,0.71661186
1021635,0,0,0,27506.271,10.222169,Upper secondary,61,6,36,South and Islands,1,0,0.45587063
1021637,0,0,0,35908.66,10.488734,University,72,17,33,South and Islands,1,0,0.027448487
1021642,0,0,0,25584.209,10.149731,University,62,7,49,South and Islands,1,1,0.33833712
1021651,0,0,0,21607.84,9.980811,Upper secondary,81,26,-92,South and Islands,1,1,0.08487221
1021663,0,0,0,43038.727,10.669856,University,59,4,16,South and Islands,3,1,0.47401774
1021666,0,0,0,8465.68,9.043776,Primary or less,96,41,-111,South and Islands,2,1,0.15705185
1021669,0,0,0,28818.115,10.26876,Upper secondary,72,17,33,South and Islands,2,0,0.6277843
1021670,0,0,0,25328.223,10.139674,Primary or less,84,29,73,South and Islands,2,0,0.65725374
1021672,0,0,0,20412.543,9.923904,Primary or less,87,32,0,South and Islands,2,0,0.6279408
1021673,0,0,0,28318.816,10.251282,Primary or less,83,28,16,South and Islands,4,0,0.2611758
1021675,0,0,0,21115.68,9.957771,Primary or less,87,32,0,South and Islands,2,0,0.15333739
1021911,0,0,0,35659.215,10.481763,University,42,-13,-87,South and Islands,5,1,1.6379279
1021920,0,0,0,25510.977,10.146864,Lower secondary,74,19,105,South and Islands,2,0,0.28078216
1021927,0,0,0,41290.992,10.6284,University,77,22,-28,South and Islands,2,0,0.23846312
1021941,0,0,0,15601.882,9.655147,Lower secondary,68,13,-87,South and Islands,2,0,0.665921
1021953,0,0,0,31031.36,10.342753,Upper secondary,74,19,105,South and Islands,2,1,1.1906563
1021954,0,0,0,34309.406,10.443175,Lower secondary,68,13,-87,South and Islands,3,0,0.4202177
1021957,0,0,0,40968.44,10.620558,Upper secondary,66,11,121,South and Islands,2,0,0.27221245
1021958,0,0,0,31440.215,10.355844,University,70,15,-31,South and Islands,2,0,0.037560627
1021974,0,0,0,28854.703,10.270028,Lower secondary,63,8,64,South and Islands,2,0,0.68266445
1021988,0,0,0,42892.062,10.666442,Upper secondary,65,10,100,South and Islands,2,0,0.14563666
1021994,0,0,0,14953.763,9.612719,Lower secondary,63,8,64,South and Islands,2,0,0.16380093
1021998,0,0,0,50191.88,10.823608,Upper secondary,75,20,-112,South and Islands,2,0,0.30299264
1022003,0,0,0,7200.0,8.881836,Lower secondary,67,12,-112,South and Islands,1,1,1.1398946
1022005,0,0,0,38515.68,10.558821,Upper secondary,66,11,121,South and Islands,2,0,0.14303239
1022011,0,0,0,21604.39,9.980652,Primary or less,63,8,64,South and Islands,3,0,1.0992496
1022013,0,0,0,39715.68,10.589501,Upper secondary,64,9,81,South and Islands,3,0,0.19535562
1022015,0,0,0,59531.36,10.994259,Upper secondary,65,10,100,South and Islands,3,0,0.19179274
1022016,0,0,0,24115.68,10.090617,Upper secondary,67,12,-112,South and Islands,2,0,0.8483213
1022017,0,0,0,73104.336,11.199643,University,64,9,81,South and Islands,3,0,0.05598244
1022019,0,0,0,33104.703,10.407431,Upper secondary,61,6,36,South and Islands,3,0,0.19617413
1022023,0,0,0,35271.953,10.470843,Lower secondary,65,10,100,South and Islands,2,0,0.30109426
1022048,0,0,0,24756.271,10.116834,Upper secondary,70,15,-31,South and Islands,3,0,0.34220907
1022053,0,0,0,33418.258,10.416858,Lower secondary,65,10,100,South and Islands,2,0,0.06425981
1022054,0,0,0,19578.223,9.882174,University,63,8,64,South and Islands,2,1,0.61171687
1022067,0,0,0,55504.418,10.924218,Upper secondary,55,0,0,South and Islands,4,0,0.22786549
1022069,0,0,0,21900.0,9.994242,Lower secondary,65,10,100,South and Islands,4,0,1.1284963
1022070,0,0,0,45512.543,10.725743,Lower secondary,55,0,0,South and Islands,4,0,0.26289397
1022082,0,0,0,46740.766,10.752372,Upper secondary,74,19,105,South and Islands,3,0,0.46234098
1022094,0,0,0,29384.123,10.28821,Upper secondary,55,0,0,South and Islands,4,1,0.08655398
1022137,0,0,0,44862.72,10.711363,Upper secondary,41,-14,-60,South and Islands,2,0,0.539949
1022148,0,0,0,69992.72,11.156147,Upper secondary,42,-13,-87,South and Islands,3,0,0.48067692
1022159,0,0,0,25707.96,10.154556,Upper secondary,60,5,25,South and Islands,1,0,0.6639442
1022160,1,1,0,84293.06,11.342055,Upper secondary,39,-16,0,South and Islands,4,1,0.28036863
1022162,0,0,0,34597.37,10.451533,Upper secondary,34,-21,-71,South and Islands,4,1,0.11018088
1022164,0,0,0,40011.67,10.596927,University,57,2,4,South and Islands,2,0,0.11239693
1022178,0,0,0,23520.627,10.065633,Upper secondary,39,-16,0,South and Islands,2,1,1.048197
1022199,0,0,0,10401.254,9.249681,Lower secondary,54,-1,1,South and Islands,2,0,0.81319934
1022209,0,0,0,37212.543,10.524401,Upper secondary,76,21,-71,South and Islands,3,0,0.19432452
1022216,0,0,0,30244.078,10.317056,Primary or less,73,18,68,South and Islands,2,0,0.19711286
1022220,0,0,0,30508.14,10.325748,Primary or less,71,16,0,South and Islands,4,0,0.66552526
1022222,0,0,0,46602.84,10.749416,Upper secondary,73,18,68,South and Islands,4,1,0.19010775
1022230,0,0,0,37581.36,10.534264,Lower secondary,76,21,-71,South and Islands,2,0,0.19517446
1022244,0,0,0,40934.08,10.619719,Lower secondary,64,9,81,South and Islands,2,0,0.20570716
1022250,0,0,0,24802.4,10.118696,Lower secondary,65,10,100,South and Islands,3,0,0.1605199
1022253,0,0,0,30876.111,10.337738,Upper secondary,68,13,-87,South and Islands,1,0,0.041084763
1022269,0,0,0,20249.596,9.91589,Lower secondary,63,8,64,South and Islands,2,0,0.13609816
1022270,0,0,0,31791.99,10.36697,Upper secondary,64,9,81,South and Islands,1,0,0.23113716
1022280,0,0,0,63294.08,11.055547,Upper secondary,57,2,4,South and Islands,3,0,0.2525588
1022285,0,0,0,36585.645,10.507411,Upper secondary,66,11,121,South and Islands,1,0,0.20062298
1022287,0,0,0,40266.555,10.603276,University,62,7,49,South and Islands,1,0,0.16323398
1022288,0,0,0,28366.205,10.252954,University,50,-5,25,South and Islands,1,0,0.32434458
1022301,0,0,0,33091.78,10.407041,Upper secondary,56,1,1,South and Islands,4,0,0.84825945
1022303,0,0,0,34018.816,10.4346695,Upper secondary,56,1,1,South and Islands,3,0,0.21739186
1022304,0,0,0,21350.0,9.968807,Primary or less,52,-3,9,South and Islands,3,1,1.0968204
1022314,1,0,1,73776.63,11.208797,Upper secondary,49,-6,36,South and Islands,1,0,0.32532716
1022318,0,0,0,97865.79,11.491352,University,54,-1,1,South and Islands,3,0,0.28615397
1022328,0,0,0,10003.449,9.210686,Upper secondary,50,-5,25,South and Islands,1,0,2.631737
1022352,0,0,0,85851.13,11.36037,Upper secondary,48,-7,49,South and Islands,4,0,0.21997271
1022357,0,0,0,34939.2,10.461365,Lower secondary,61,6,36,South and Islands,3,0,4.4318485
1022360,0,0,0,27073.31,10.206304,Primary or less,77,22,-28,South and Islands,2,0,2.7833476
1022368,0,0,0,27934.496,10.2376175,Upper secondary,74,19,105,South and Islands,2,0,3.722122
1022369,0,0,0,25793.248,10.157868,Upper secondary,71,16,0,South and Islands,2,0,2.7983568
1022372,1,0,0,53329.652,10.884248,Upper secondary,58,3,9,South and Islands,3,0,1.8780446
1022374,0,0,0,79949.945,11.289156,Upper secondary,79,24,64,South and Islands,4,1,2.3398714
1022376,0,0,0,36615.68,10.508232,Lower secondary,68,13,-87,South and Islands,2,0,3.5102384
1022382,0,0,0,40503.137,10.609135,Lower secondary,46,-9,81,South and Islands,4,1,6.297713
1022387,0,0,0,17256.797,9.755961,University,67,12,-112,South and Islands,1,1,3.0613723
1022389,0,0,0,63022.777,11.051251,University,43,-12,-112,South and Islands,3,1,7.6620045
1022408,0,0,0,47806.406,10.774915,University,48,-7,49,South and Islands,2,1,0.06417316
1022427,0,0,0,56958.438,10.950077,Upper secondary,72,17,33,South and Islands,2,0,0.040481832
1022443,0,0,0,16413.695,9.705872,Upper secondary,31,-24,64,South and Islands,1,0,0.889845
1022482,0,0,0,18000.0,9.798127,Lower secondary,81,26,-92,South and Islands,1,0,0.10926574
1022486,0,0,0,39574.43,10.585938,University,62,7,49,South and Islands,3,0,0.75199884
1022490,0,0,0,9153.485,9.12189,University,58,3,9,South and Islands,1,0,0.1257481
1022565,0,0,0,30002.098,10.309023,Upper secondary,58,3,9,South and Islands,2,1,0.28292653
1022579,0,0,0,29671.951,10.297957,University,64,9,81,South and Islands,1,1,0.087308526
1022580,1,0,0,71552.46,11.178186,University,62,7,49,South and Islands,1,1,0.019699434
1022585,0,0,0,122250.875,11.713831,University,58,3,9,South and Islands,4,0,0.044385485
1022608,0,0,0,31898.643,10.370318,Lower secondary,73,18,68,South and Islands,2,0,0.043805305
1022612,1,0,1,79761.29,11.286794,Upper secondary,59,4,16,South and Islands,2,0,0.09412458
1022622,0,0,0,72712.72,11.194272,Upper secondary,66,11,121,South and Islands,4,1,0.05260833
1022625,0,0,0,46859.582,10.75491,Upper secondary,64,9,81,South and Islands,3,1,0.055016857
1022626,0,0,0,59333.33,10.990927,Lower secondary,70,15,-31,South and Islands,3,0,0.054967277
1022642,0,0,0,22551.564,10.02356,Upper secondary,32,-23,17,South and Islands,5,0,0.07586152
1022644,0,0,0,100373.46,11.516653,University,53,-2,4,South and Islands,4,1,0.05636283
1022650,1,1,0,28719.45,10.26533,University,55,0,0,South and Islands,3,1,0.5040116
1022683,0,0,0,45658.453,10.728944,Upper secondary,51,-4,16,South and Islands,3,1,0.12579715
1022717,0,0,0,34292.53,10.442683,Upper secondary,56,1,1,South and Islands,3,1,0.34867057
1022718,0,0,0,87992.34,11.385005,University,56,1,1,South and Islands,3,0,0.042524237
1022726,0,0,0,30014.111,10.3094225,Primary or less,74,19,105,South and Islands,2,0,0.8835011
1022730,0,0,0,18703.137,9.836447,Primary or less,56,1,1,South and Islands,1,0,1.2370657
1022741,0,0,0,21302.508,9.96658,Primary or less,85,30,-124,South and Islands,2,0,0.96434075
1022743,0,0,0,8903.136,9.094159,Primary or less,83,28,16,South and Islands,1,1,3.6081724
1022750,0,0,0,46493.348,10.747065,Upper secondary,42,-13,-87,South and Islands,4,0,2.0348358
1022754,0,0,0,16106.271,9.686964,Primary or less,55,0,0,South and Islands,2,1,4.387287
1022758,0,0,0,54062.72,10.897901,Primary or less,79,24,64,South and Islands,4,0,0.58107805
1022765,0,0,0,17347.04,9.761177,Lower secondary,74,19,105,South and Islands,2,1,1.1540061
1022777,0,0,0,42456.434,10.656234,Upper secondary,71,16,0,South and Islands,2,0,1.0860567
1022779,0,0,0,15348.815,9.638794,Primary or less,76,21,-71,South and Islands,1,1,2.1698217
1022781,0,0,0,23015.68,10.043931,Upper secondary,68,13,-87,South and Islands,2,0,0.5374581
1022791,0,0,0,42278.4,10.652032,Upper secondary,62,7,49,South and Islands,2,0,0.5419966
1022792,0,0,0,46904.277,10.755864,Upper secondary,32,-23,17,South and Islands,4,1,2.0203824
1022795,0,0,0,42831.36,10.665026,Upper secondary,60,5,25,South and Islands,3,1,1.604865
1022798,0,0,0,24334.742,10.09966,University,63,8,64,South and Islands,3,0,1.784682
1022804,0,0,0,28247.04,10.248744,Upper secondary,59,4,16,South and Islands,4,1,2.064493
1022821,0,0,0,15002.195,9.615952,Lower secondary,29,-26,-92,South and Islands,4,1,3.5159712
1022843,1,1,1,70906.17,11.169113,Upper secondary,65,10,100,South and Islands,2,0,0.12304086
1022846,0,0,0,54669.516,10.909061,Upper secondary,67,12,-112,South and Islands,3,0,0.069327824
1022851,0,0,0,62543.973,11.043625,Upper secondary,70,15,-31,South and Islands,2,0,0.034798577
1022856,0,0,0,41234.496,10.62703,Lower secondary,82,27,-39,South and Islands,2,0,0.12372992
1022863,1,1,1,78664.7,11.27295,Upper secondary,73,18,68,South and Islands,3,0,0.11982122
1022866,0,0,0,26304.703,10.177503,Lower secondary,82,27,-39,South and Islands,2,0,0.23203541
1022876,1,1,1,179131.2,12.095874,University,84,29,73,South and Islands,4,0,0.071223736
1022921,0,0,0,16426.742,9.706666,Upper secondary,32,-23,17,South and Islands,3,0,0.70654696
1022923,1,1,0,135696.48,11.818176,University,45,-10,100,South and Islands,2,0,0.019953046
1022931,0,0,0,45544.953,10.726455,Upper secondary,26,-29,73,South and Islands,1,1,0.16464277
1022934,0,0,0,18000.0,9.798127,Upper secondary,40,-15,-31,South and Islands,1,0,1.0009875
1022941,0,0,0,28465.854,10.25646,Upper secondary,48,-7,49,South and Islands,1,0,0.19060898
1022945,1,1,0,64198.184,11.06973,Upper secondary,77,22,-28,South and Islands,3,0,0.08659636
1022951,0,0,0,68138.16,11.1292925,University,45,-10,100,South and Islands,3,0,0.23292248
1022954,0,0,0,31616.31,10.361428,Upper secondary,69,14,-60,South and Islands,1,1,0.1540101
1022971,0,0,0,42800.0,10.664293,University,60,5,25,South and Islands,2,1,0.1140435
1022974,0,0,0,15672.9795,9.659694,Upper secondary,64,9,81,South and Islands,1,1,0.2828181
1022979,0,0,0,22478.398,10.02031,Primary or less,74,19,105,South and Islands,2,0,0.23465317
1022985,0,0,0,79423.984,11.282556,Upper secondary,54,-1,1,South and Islands,3,0,0.21158707
1022992,0,0,0,224883.98,12.32334,University,57,2,4,South and Islands,4,0,0.07795941
1023008,0,0,0,32090.768,10.376324,Upper secondary,57,2,4,South and Islands,1,1,0.28183958
1023020,0,0,0,20881.898,9.946638,Lower secondary,58,3,9,South and Islands,5,0,0.09893396
1023039,1,1,0,53876.137,10.894443,University,55,0,0,South and Islands,2,0,0.37738493
1023040,0,0,0,47087.633,10.759766,Lower secondary,53,-2,4,South and Islands,5,0,0.33201542
1023043,0,0,0,32115.68,10.3771,Lower secondary,62,7,49,South and Islands,2,0,0.94574434
1023047,0,0,0,14404.704,9.57531,Upper secondary,61,6,36,South and Islands,2,0,0.9957322
1023050,0,0,0,30910.977,10.338866,Lower secondary,68,13,-87,South and Islands,2,0,0.9346555
1023059,0,0,0,13036.063,9.475475,Primary or less,74,19,105,South and Islands,1,0,1.7440242
1023060,0,0,0,24073.52,10.088868,Upper secondary,58,3,9,South and Islands,2,0,0.9574224
1023064,0,0,0,12207.84,9.409834,Primary or less,86,31,-63,South and Islands,1,1,1.8127503
1023084,0,0,0,43062.28,10.670403,Upper secondary,52,-3,9,South and Islands,3,0,0.17222217
1023103,0,0,0,41972.582,10.644772,Upper secondary,40,-15,-31,South and Islands,5,0,0.56262237
1023104,0,0,0,60958.98,11.017957,Upper secondary,66,11,121,South and Islands,1,0,0.2827153
1023134,0,0,0,37610.66,10.535043,Upper secondary,71,16,0,South and Islands,2,0,0.23044765
1023202,0,0,0,52400.984,10.866681,Lower secondary,61,6,36,South and Islands,3,0,0.16496126
1023205,0,0,0,30754.703,10.333798,Lower secondary,70,15,-31,South and Islands,3,0,0.53570104
1023218,0,0,0,50257.66,10.824919,University,87,32,0,South and Islands,2,0,0.16884857
1023223,0,0,0,43953.668,10.690891,Lower secondary,81,26,-92,South and Islands,2,0,0.24501668
1023226,0,0,0,84217.67,11.34116,Primary or less,70,15,-31,South and Islands,2,1,0.24403869
1023247,0,0,0,113739.516,11.641666,University,72,17,33,South and Islands,3,0,0.08931127
1023281,0,0,0,37608.336,10.534981,Upper secondary,67,12,-112,South and Islands,2,0,1.2812033
1023286,0,0,0,28143.99,10.24509,Lower secondary,83,28,16,South and Islands,2,0,2.9085279
1023295,0,0,0,16002.725,9.680514,Upper secondary,68,13,-87,South and Islands,1,0,3.0751436
1023298,0,0,0,9210.271,9.128075,Lower secondary,45,-10,100,South and Islands,3,1,2.7980032
1023302,0,0,0,33510.766,10.419622,Upper secondary,47,-8,64,South and Islands,3,0,5.216054
1023305,0,0,0,6200.0,8.732305,Lower secondary,45,-10,100,South and Islands,4,1,4.2747602
1023310,0,0,0,59017.246,10.985585,University,49,-6,36,South and Islands,4,1,5.0292487
1023315,0,0,0,5000.0,8.517193,Lower secondary,27,-28,16,South and Islands,1,0,7.9651194
1023317,0,0,0,41565.68,10.63503,Upper secondary,32,-23,17,South and Islands,4,0,4.1100607
1023332,0,0,0,20770.537,9.941291,Upper secondary,38,-17,33,South and Islands,1,1,6.3501277
1023334,0,0,0,31212.89,10.348586,Upper secondary,53,-2,4,South and Islands,2,0,2.6090724
1023346,0,0,0,25203.45,10.134736,Lower secondary,73,18,68,South and Islands,3,0,0.7710722
1023350,0,0,0,58720.383,10.980542,Upper secondary,64,9,81,South and Islands,4,0,0.6069002
1023359,0,0,0,18606.5,9.831266,Lower secondary,69,14,-60,South and Islands,2,0,0.50692314
1023360,0,0,0,11406.271,9.341919,Primary or less,64,9,81,South and Islands,1,1,3.8304057
1023363,0,0,0,35409.965,10.474749,Primary or less,88,33,65,South and Islands,3,1,0.4917643
1023365,0,0,0,30026.629,10.30984,Primary or less,90,35,-55,South and Islands,2,1,2.0759447
1023369,0,0,0,18901.742,9.84701,Upper secondary,60,5,25,South and Islands,5,0,1.8357248
1023377,1,1,0,55630.0,10.926478,Lower secondary,72,17,33,South and Islands,3,0,0.64398265
1023393,0,0,0,14408.815,9.575596,Primary or less,77,22,-28,South and Islands,1,1,0.7367689
1023396,0,0,0,17000.0,9.740969,Primary or less,66,11,121,South and Islands,1,0,2.0044794
1023399,0,0,0,16224.329,9.694267,Primary or less,80,25,113,South and Islands,1,1,0.26463497
1023401,0,0,0,14303.898,9.568288,Lower secondary,71,16,0,South and Islands,2,0,0.12440221
1023406,0,0,0,33800.25,10.428224,Upper secondary,58,3,9,South and Islands,3,1,0.13121499
1023407,0,0,0,11964.704,9.389716,Primary or less,84,29,73,South and Islands,2,1,0.32960713
1023413,0,0,0,21331.404,9.967936,Upper secondary,28,-27,-39,South and Islands,2,0,1.0185046
1023436,0,0,0,11508.165,9.350812,Primary or less,74,19,105,South and Islands,1,1,0.75610393
1023456,1,1,0,47047.363,10.75891,Upper secondary,64,9,81,South and Islands,3,0,0.22566794
1023467,0,0,0,24909.088,10.122988,Lower secondary,46,-9,81,South and Islands,4,1,0.30253527
1023476,0,0,0,46802.9,10.7537,Upper secondary,69,14,-60,South and Islands,2,0,0.17833711
1023548,0,0,0,85098.35,11.3515625,University,63,8,64,South and Islands,4,0,0.12155852
1023571,0,0,0,71140.305,11.172409,University,44,-11,121,South and Islands,1,0,0.117023915
1023576,0,0,0,20802.508,9.942829,Upper secondary,56,1,1,South and Islands,2,1,0.4574056
1023593,0,0,0,8404.704,9.036547,Upper secondary,38,-17,33,South and Islands,1,0,6.08358
1023595,0,0,0,32962.72,10.403132,University,74,19,105,South and Islands,1,1,1.8279662
1023599,0,0,0,25715.68,10.154856,Lower secondary,67,12,-112,South and Islands,3,0,2.2460175
1023609,0,0,0,21958.223,9.996897,Upper secondary,56,1,1,South and Islands,2,0,4.1424613
1023611,0,0,0,15647.039,9.658037,Upper secondary,57,2,4,South and Islands,1,1,3.0535057
1023613,0,0,0,46582.234,10.748975,Upper secondary,59,4,16,South and Islands,4,0,1.9592091
1023618,0,0,0,20347.205,9.920699,Upper secondary,64,9,81,South and Islands,2,0,1.6306044
1023620,0,0,0,36415.68,10.502755,Upper secondary,61,6,36,South and Islands,3,0,1.356713
1023621,0,0,0,15409.408,9.642734,Lower secondary,65,10,100,South and Islands,3,0,3.0428348
1023628,0,0,0,10050.376,9.215365,Upper secondary,42,-13,-87,South and Islands,4,1,5.2857842
1023634,0,0,0,30545.47,10.326972,Upper secondary,40,-15,-31,South and Islands,5,0,4.070081
1023650,0,0,0,21817.916,9.990487,Lower secondary,57,2,4,South and Islands,2,0,2.2408931
1023688,0,0,0,17200.0,9.752665,Upper secondary,38,-17,33,South and Islands,4,0,0.12770745
1023691,0,0,0,26381.36,10.180413,Primary or less,65,10,100,South and Islands,2,0,0.10668246
1023693,0,0,0,59520.383,10.994074,Upper secondary,62,7,49,South and Islands,4,0,0.13125457
1023698,0,0,0,14021.951,9.548379,Primary or less,78,23,17,South and Islands,2,0,0.11949459
1023740,0,0,0,38840.766,10.567225,University,57,2,4,South and Islands,2,0,0.2053635
1023748,0,0,0,19568.223,9.881662,Primary or less,71,16,0,South and Islands,2,0,0.4407405
1023749,0,0,0,12615.68,9.442696,Upper secondary,61,6,36,South and Islands,1,1,0.22254185
1023751,0,0,0,24269.68,10.096983,Lower secondary,79,24,64,South and Islands,2,0,0.112801515
1023764,0,0,0,45688.156,10.729594,Upper secondary,70,15,-31,South and Islands,2,0,0.15576945
1023768,0,0,0,21709.408,9.985501,Primary or less,62,7,49,South and Islands,2,1,1.1219761
1023775,0,0,0,43843.902,10.688391,Upper secondary,57,2,4,South and Islands,4,0,0.18889835
1023784,0,0,0,60444.953,11.009488,Lower secondary,63,8,64,South and Islands,3,0,0.20807895
1023791,0,0,0,19121.951,9.858592,Lower secondary,63,8,64,South and Islands,4,0,0.6448452
1023805,0,0,0,7000.0,8.853665,Lower secondary,46,-9,81,South and Islands,1,0,0.14913237
1023810,0,0,0,8000.0,8.987197,Lower secondary,39,-16,0,South and Islands,1,0,1.296693
1023864,1,0,1,33428.758,10.4171715,Upper secondary,74,19,105,South and Islands,1,0,0.1989938
1023885,0,0,0,21647.04,9.982624,Primary or less,69,14,-60,South and Islands,1,1,0.22960213
1023887,0,0,0,15331.359,9.637655,Primary or less,72,17,33,South and Islands,1,0,0.3783118
1023890,0,0,0,20475.68,9.926993,Primary or less,63,8,64,South and Islands,5,1,0.15429989
1023895,0,0,0,24494.078,10.106187,Upper secondary,77,22,-28,South and Islands,3,0,0.20615806
1023958,0,0,0,37120.383,10.521921,Lower secondary,34,-21,-71,South and Islands,5,0,0.67596453
1023966,0,0,0,43662.72,10.68425,Upper secondary,73,18,68,South and Islands,3,0,0.08717995
1023980,0,0,0,29540.477,10.293517,Upper secondary,53,-2,4,South and Islands,5,0,0.110843986
1023981,0,0,0,42427.04,10.655541,Upper secondary,65,10,100,South and Islands,2,0,0.10957743
1023986,0,0,0,50956.797,10.838734,Upper secondary,79,24,64,South and Islands,1,1,0.1885003
1023996,0,0,0,47887.04,10.7766,Upper secondary,68,13,-87,South and Islands,2,0,0.27188036
1024061,0,0,0,31031.36,10.342753,Upper secondary,54,-1,1,South and Islands,2,1,0.58930516
1024088,0,0,0,23066.621,10.046142,Lower secondary,67,12,-112,South and Islands,1,0,4.5886445
1024089,0,0,0,32756.271,10.39685,Upper secondary,72,17,33,South and Islands,2,0,3.4485104
1024091,0,0,0,11139.224,9.318228,Primary or less,69,14,-60,South and Islands,1,1,3.652454
1024094,0,0,0,24221.951,10.095015,Lower secondary,72,17,33,South and Islands,2,0,2.601015
1024107,0,0,0,31614.879,10.361383,Upper secondary,41,-14,-60,South and Islands,1,1,7.835798
1024164,0,0,0,59234.496,10.98926,University,62,7,49,South and Islands,4,0,0.111103274
1024165,0,0,0,23631.36,10.07033,Lower secondary,59,4,16,South and Islands,1,0,0.15900715
1024187,0,0,0,32894.08,10.401048,Lower secondary,73,18,68,South and Islands,1,0,0.2369254
1024191,0,0,0,52594.426,10.870365,Upper secondary,64,9,81,South and Islands,3,0,0.19773978
1024194,0,0,0,34271.953,10.442082,Lower secondary,68,13,-87,South and Islands,3,0,0.26170123
1024203,0,0,0,6000.0,8.699514,Primary or less,55,0,0,South and Islands,2,0,0.4485148
1024207,0,0,0,26021.951,10.166696,Primary or less,75,20,-112,South and Islands,2,0,0.14671844
1024218,1,1,1,83833.52,11.336588,University,61,6,36,South and Islands,4,0,0.09560158
1024224,0,0,0,28585.36,10.26065,Lower secondary,67,12,-112,South and Islands,2,0,0.131127
1024236,0,0,0,25325.438,10.1395645,Lower secondary,58,3,9,South and Islands,2,1,0.04940272
1024240,0,0,0,38554.88,10.559838,Upper secondary,53,-2,4,South and Islands,3,0,0.17687254
1024243,0,0,0,68288.16,11.131492,Lower secondary,67,12,-112,South and Islands,3,0,0.26943177
1024247,0,0,0,7281.3594,8.893073,Lower secondary,49,-6,36,South and Islands,4,0,0.07223645
1024261,1,1,0,111562.766,11.622343,University,53,-2,4,South and Islands,3,0,0.48781866
1024281,0,0,0,6600.0,8.794825,Lower secondary,48,-7,49,South and Islands,1,0,0.70957005
1024299,0,0,0,18725.645,9.837649,Lower secondary,49,-6,36,South and Islands,2,1,0.8082014
1024318,0,0,0,12600.0,9.441452,Upper secondary,25,-30,-124,South and Islands,1,1,0.8623182
1024328,0,0,0,15603.136,9.655228,Primary or less,88,33,65,South and Islands,1,1,0.055416726
1024332,0,0,0,20523.52,9.929327,Lower secondary,90,35,-55,South and Islands,1,0,0.42139116
1024337,0,0,0,15603.136,9.655228,Primary or less,84,29,73,South and Islands,1,1,0.45492554
1024345,0,0,0,17404.703,9.764496,Upper secondary,85,30,-124,South and Islands,1,1,0.4421337
1024358,0,0,0,18600.0,9.830917,Lower secondary,73,18,68,South and Islands,2,0,0.19831495
1024405,0,0,0,20409.408,9.923751,Upper secondary,91,36,16,South and Islands,1,1,0.15721543
1024428,1,1,1,72628.09,11.193107,University,77,22,-28,South and Islands,1,1,0.12041411
1024429,0,0,0,92948.39,11.439799,Lower secondary,69,14,-60,South and Islands,5,0,0.111717984
1024444,0,0,0,27156.52,10.2093725,Upper secondary,88,33,65,South and Islands,1,0,0.15309899
1024468,0,0,0,8901.254,9.093947,Primary or less,86,31,-63,South and Islands,1,1,0.45492554
1024473,0,0,0,15001.568,9.615911,Primary or less,78,23,17,South and Islands,1,0,0.15391707
1024484,0,0,0,10993.716,9.305079,Primary or less,87,32,0,South and Islands,1,1,0.16250804
1024488,0,0,0,44409.406,10.701206,Upper secondary,67,12,-112,South and Islands,2,0,0.13342208
1024495,1,1,0,40923.1,10.61945,University,54,-1,1,South and Islands,4,0,0.075867854
1024499,0,0,0,17763.764,9.784916,Primary or less,82,27,-39,South and Islands,1,0,0.087547556
1024503,0,0,0,14403.763,9.575245,Primary or less,75,20,-112,South and Islands,1,1,0.43980417
1024553,0,0,0,15853.136,9.671123,Primary or less,61,6,36,South and Islands,1,1,0.1839147
1024554,0,0,0,21731.36,9.986511,Primary or less,56,1,1,South and Islands,2,0,0.07478326
1024555,1,1,0,61864.8,11.032706,Upper secondary,61,6,36,South and Islands,5,0,0.14491965
1024566,0,0,0,25210.68,10.135023,Upper secondary,54,-1,1,South and Islands,4,0,0.13927245
1024570,0,0,0,8336.979,9.028456,Upper secondary,54,-1,1,South and Islands,2,1,0.7290037
1024571,0,0,0,28142.604,10.24504,Upper secondary,63,8,64,South and Islands,3,0,0.12138571
1024582,0,0,0,27859.16,10.234917,Upper secondary,53,-2,4,South and Islands,3,0,0.2546165
1024583,1,1,0,50738.96,10.83445,Upper secondary,56,1,1,South and Islands,3,0,0.11819757
1024616,0,0,0,19016.13,9.853043,Upper secondary,65,10,100,South and Islands,1,0,0.15150705
1024635,0,0,0,54392.906,10.903989,Lower secondary,51,-4,16,South and Islands,3,0,0.12963137
1024636,0,0,0,11760.905,9.372537,University,51,-4,16,South and Islands,5,0,0.51027256
1024652,1,1,0,78974.47,11.27688,University,56,1,1,South and Islands,3,0,0.41771668
1024653,0,0,0,23182.719,10.051163,Upper secondary,55,0,0,South and Islands,3,0,0.17495313
1024707,1,1,0,73120.5,11.199864,University,63,8,64,South and Islands,2,0,0.031311736
1024725,1,1,0,73391.59,11.203565,University,52,-3,9,South and Islands,4,0,0.2081295
1024731,0,0,0,23679.87,10.072381,Upper secondary,65,10,100,South and Islands,1,0,0.1475317
1024736,0,0,0,11602.136,9.358945,Lower secondary,75,20,-112,South and Islands,1,1,0.454879
1024743,0,0,0,47400.0,10.766377,University,75,20,-112,South and Islands,1,0,0.01778359
1024745,0,0,0,34656.445,10.453239,University,77,22,-28,South and Islands,1,1,0.30053493
1024752,0,0,0,55704.258,10.927812,Upper secondary,57,2,4,South and Islands,5,1,0.0859091
1024760,0,0,0,26144.424,10.1713915,University,52,-3,9,South and Islands,1,0,0.10557315
1024762,0,0,0,33894.08,10.430996,Upper secondary,54,-1,1,South and Islands,2,1,0.37033078
1024773,1,0,1,90754.305,11.415912,University,39,-16,0,South and Islands,3,1,0.16463408
1024784,0,0,0,10106.271,9.220911,Upper secondary,43,-12,-112,South and Islands,1,0,0.7670299
1024798,0,0,0,10250.0,9.235033,Lower secondary,65,10,100,South and Islands,2,1,0.7564997
1024813,0,0,0,10100.0,9.220291,Primary or less,85,30,-124,South and Islands,1,1,1.3329743
1024913,0,0,0,24800.0,10.118599,Lower secondary,46,-9,81,South and Islands,4,0,1.7927817
1024917,0,0,0,44970.0,10.713751,Upper secondary,37,-18,68,South and Islands,3,1,0.6412426
1024965,0,0,0,18803.137,9.841779,Primary or less,80,25,113,South and Islands,3,1,0.35181344
1024978,0,0,0,9601.388,9.169662,Primary or less,85,30,-124,South and Islands,1,1,0.17692752
1024980,0,0,0,10200.313,9.230174,Lower secondary,85,30,-124,South and Islands,1,0,0.3190802
1024990,0,0,0,23497.254,10.064639,Primary or less,81,26,-92,South and Islands,2,0,0.26446676
1025006,0,0,0,13200.157,9.487984,Primary or less,76,21,-71,South and Islands,2,0,0.14405262
1025007,0,0,0,13400.627,9.503057,Primary or less,77,22,-28,South and Islands,3,0,0.0740247
1025010,0,0,0,36002.508,10.4913435,University,78,23,17,South and Islands,2,0,0.03658512
1025023,0,0,0,23402.508,10.060598,University,74,19,105,South and Islands,1,1,0.023248222
1025033,0,0,0,15000.627,9.615848,Primary or less,71,16,0,South and Islands,2,0,0.20196071
1025052,0,0,0,17400.627,9.764261,University,71,16,0,South and Islands,3,0,0.17070824
1025053,0,0,0,13200.313,9.487996,Lower secondary,68,13,-87,South and Islands,2,0,0.28035608
1025101,0,0,0,13600.313,9.517848,Lower secondary,24,-31,-63,South and Islands,2,1,0.6695194
1025127,0,0,0,52003.137,10.859059,Lower secondary,57,2,4,South and Islands,4,0,0.11505757
1025155,0,0,0,9600.157,9.169535,Primary or less,53,-2,4,South and Islands,1,0,0.48933414
1025162,0,0,0,41179.96,10.625707,Upper secondary,52,-3,9,South and Islands,5,0,0.0960562
1025169,0,0,0,15900.627,9.674114,Lower secondary,49,-6,36,South and Islands,4,0,0.45349354
1025199,0,0,0,25001.254,10.126681,University,41,-14,-60,South and Islands,4,0,0.50747925
1025226,0,0,0,29801.408,10.302311,Lower secondary,31,-24,64,South and Islands,1,0,1.0356
1025234,0,0,0,34200.785,10.440004,Upper secondary,56,1,1,South and Islands,2,1,0.7985024
1025253,0,0,0,7200.1567,8.881858,Lower secondary,59,4,16,South and Islands,1,1,0.6364785
1025263,0,0,0,9000.313,9.105015,Primary or less,75,20,-112,South and Islands,1,1,0.35329387
1025266,0,0,0,13000.313,9.472729,Upper secondary,62,7,49,South and Islands,2,0,0.111277975
1025294,0,0,0,20808.803,9.943131,Lower secondary,54,-1,1,South and Islands,2,0,1.0521977
1025336,0,0,0,15602.509,9.655187,Lower secondary,72,17,33,South and Islands,2,0,0.1054372
1025338,0,0,0,700.0,6.55108,Upper secondary,64,9,81,South and Islands,1,1,0.37717304
1025400,0,0,0,16700.0,9.723164,Upper secondary,61,6,36,South and Islands,3,0,0.25417754
1025408,0,0,0,8590.0,9.058354,Lower secondary,75,20,-112,South and Islands,1,1,0.40922818
1025419,0,0,0,29254.127,10.283776,University,58,3,9,South and Islands,1,1,0.27620885
1025430,0,0,0,14700.0,9.595603,Primary or less,89,34,-124,South and Islands,2,0,0.4498673
1025465,0,0,0,7051.607,8.861011,Primary or less,84,29,73,South and Islands,1,1,0.40922818
1025468,0,0,0,8401.73,9.036193,Primary or less,86,31,-63,South and Islands,1,1,0.77035916
1025483,0,0,0,18648.93,9.833544,Upper secondary,86,31,-63,South and Islands,2,0,0.5910675
1025512,0,0,0,50400.0,10.827746,Upper secondary,73,18,68,South and Islands,2,1,0.88459367
1025519,1,1,0,17127.154,9.748421,Upper secondary,59,4,16,South and Islands,3,0,0.057585735
1025537,0,0,0,28223.049,10.247894,University,45,-10,100,South and Islands,3,1,1.0407767
1025551,0,0,0,16000.0,9.680344,Lower secondary,52,-3,9,South and Islands,3,0,0.9834247
1025568,0,0,0,80002.89,11.289818,Upper secondary,57,2,4,South and Islands,3,0,0.2968206
1025583,0,0,0,30280.0,10.318243,Upper secondary,52,-3,9,South and Islands,5,1,0.3771976
1025585,0,0,0,8400.0,9.035987,Upper secondary,74,19,105,South and Islands,1,1,0.59378797
1025589,0,0,0,10490.0,9.258178,Primary or less,67,12,-112,South and Islands,2,0,0.6215045
1025623,0,0,0,7000.0,8.853665,Lower secondary,23,-32,0,South and Islands,3,0,1.6877089
1025641,0,0,0,25425.088,10.143492,Primary or less,89,34,-124,South and Islands,3,0,0.41988382
1025645,0,0,0,21116.03,9.9577875,Upper secondary,82,27,-39,South and Islands,1,1,0.52180815
1025664,0,0,0,14349.408,9.571464,Primary or less,70,15,-31,South and Islands,2,0,0.93622464
1025794,0,0,0,4380.0,8.384804,Upper secondary,21,-34,-124,South and Islands,1,1,2.996176
1025813,0,0,0,13092.0,9.479756,Primary or less,74,19,105,South and Islands,1,1,0.49677515
1025822,0,0,0,10800.0,9.287301,Lower secondary,58,3,9,South and Islands,1,1,0.28173232
1025884,0,0,0,13200.0,9.487972,Lower secondary,42,-13,-87,South and Islands,3,0,0.99316585
1025887,0,0,0,26700.592,10.192441,Upper secondary,39,-16,0,South and Islands,5,1,0.65030766
1025899,0,0,0,26300.0,10.177324,Primary or less,82,27,-39,South and Islands,2,0,0.37028894
1025913,0,0,0,15600.197,9.655039,Primary or less,75,20,-112,South and Islands,2,1,0.54319537
1025920,0,0,0,29462.543,10.290875,Primary or less,77,22,-28,South and Islands,2,0,0.38814452
1025951,0,0,0,51552.72,10.85036,Primary or less,84,29,73,South and Islands,5,0,0.4490198
1025955,0,0,0,22602.305,10.025807,Lower secondary,98,43,57,South and Islands,1,1,0.49100164
1025974,0,0,0,45200.0,10.718852,Upper secondary,75,20,-112,South and Islands,3,1,0.090134785
1025979,0,0,0,12012.0,9.3936615,Upper secondary,35,-20,-112,South and Islands,4,1,0.76516193
1025992,0,0,0,19316.602,9.86872,Lower secondary,64,9,81,South and Islands,2,0,0.409575
1025997,0,0,0,21254.703,9.964334,Lower secondary,57,2,4,South and Islands,4,0,0.2747356
1026003,0,0,0,24243.902,10.095921,Lower secondary,65,10,100,South and Islands,1,0,0.4595766
1026021,0,0,0,46410.273,10.745276,Lower secondary,63,8,64,South and Islands,4,1,0.18934344
1026042,0,0,0,17050.0,9.743905,Primary or less,77,22,-28,South and Islands,1,1,0.4916717
1026059,0,0,0,37615.72,10.535177,Upper secondary,46,-9,81,South and Islands,2,1,0.0788822
1026060,0,0,0,14700.0,9.595603,Primary or less,85,30,-124,South and Islands,1,1,0.49677515
1026063,0,0,0,26900.0,10.199882,Primary or less,87,32,0,South and Islands,3,0,0.082278915
1026084,1,0,1,34299.758,10.442894,University,82,27,-39,South and Islands,1,0,0.041461762
1026101,0,0,0,34600.0,10.451609,Upper secondary,77,22,-28,South and Islands,2,0,0.06473943
1026108,0,0,0,16503.008,9.711298,Primary or less,84,29,73,South and Islands,1,1,0.49099252
1026109,0,0,0,11051.882,9.310356,Lower secondary,56,1,1,South and Islands,1,0,0.26990658
1026135,0,0,0,22002.508,9.998912,Primary or less,71,16,0,South and Islands,2,1,0.4061646
1026150,0,0,0,85547.836,11.356831,University,76,21,-71,South and Islands,4,0,0.05996545
1026153,0,0,0,17800.0,9.786954,Primary or less,72,17,33,South and Islands,3,0,0.09582492
1026158,0,0,0,37930.062,10.543499,Primary or less,76,21,-71,South and Islands,3,1,0.11016012
1026160,1,1,0,55119.016,10.91725,Lower secondary,56,1,1,South and Islands,2,1,0.12012326
1026162,0,0,0,62466.555,11.042387,University,84,29,73,South and Islands,2,0,0.047927093
1026164,0,0,0,96502.73,11.477326,University,78,23,17,South and Islands,6,0,0.06187787
1026174,0,0,0,38678.4,10.563037,University,47,-8,64,South and Islands,3,0,0.6155711
1026176,0,0,0,27160.064,10.209503,Primary or less,74,19,105,South and Islands,2,1,0.06329286
1026200,0,0,0,21776.621,9.988592,Primary or less,71,16,0,South and Islands,2,0,0.2938251
1026204,0,0,0,18216.508,9.810083,Upper secondary,77,22,-28,South and Islands,1,1,0.47775182
1026223,0,0,0,13009.408,9.473428,Lower secondary,81,26,-92,South and Islands,2,0,0.31162715
1026231,0,0,0,153758.27,11.943137,University,74,19,105,South and Islands,2,0,0.03248539
1026240,0,0,0,26821.951,10.196976,Primary or less,78,23,17,South and Islands,2,0,0.2802933
1026244,0,0,0,20001.586,9.903567,Lower secondary,71,16,0,South and Islands,2,0,0.39194107
1026253,0,0,0,21625.088,9.981609,Upper secondary,75,20,-112,South and Islands,2,0,0.31405482
1026258,0,0,0,26525.242,10.185852,Lower secondary,67,12,-112,South and Islands,2,0,0.28146002
1026276,0,0,0,15600.0,9.655026,Primary or less,58,3,9,South and Islands,8,1,0.67100775
1026295,0,0,0,12600.0,9.441452,Upper secondary,49,-6,36,South and Islands,1,1,0.49121794
1026299,0,0,0,6000.0,8.699514,Lower secondary,20,-35,-55,South and Islands,2,0,0.73575765
1026309,0,0,0,18855.68,9.844569,Primary or less,71,16,0,South and Islands,2,0,0.21486115
1026310,0,0,0,11000.0,9.305651,Upper secondary,53,-2,4,South and Islands,3,1,0.11118542
1026314,0,0,0,87755.51,11.38231,University,76,21,-71,South and Islands,4,0,0.05887712
1026319,0,0,0,11880.0,9.382611,Lower secondary,69,14,-60,South and Islands,1,1,0.2638956
1026340,1,1,0,93435.58,11.445027,University,70,15,-31,South and Islands,2,0,0.03993839
1026341,0,0,0,14600.0,9.588777,Primary or less,72,17,33,South and Islands,2,1,1.0277562
1026345,0,0,0,29400.0,10.28875,Upper secondary,40,-15,-31,South and Islands,4,0,0.10388295
1026348,1,0,1,124088.12,11.728747,University,76,21,-71,South and Islands,2,0,0.055638444
1026350,0,0,0,35456.445,10.47606,Upper secondary,79,24,64,South and Islands,1,1,0.092636876
1026375,0,0,0,24231.36,10.095403,Primary or less,74,19,105,South and Islands,3,0,0.07327581
1026401,0,0,0,27159.52,10.209483,Primary or less,68,13,-87,South and Islands,2,0,0.07355631
1026405,0,0,0,33557.84,10.421026,Upper secondary,71,16,0,South and Islands,3,0,0.4824501
1026443,0,0,0,41900.0,10.643041,Upper secondary,69,14,-60,South and Islands,2,0,0.043985505
1026454,0,0,0,22819.018,10.03535,Upper secondary,68,13,-87,South and Islands,2,1,0.6315805
1026459,0,0,0,32909.004,10.401502,Primary or less,74,19,105,South and Islands,2,1,0.40830293
1026460,0,0,0,74789.72,11.222436,Upper secondary,44,-11,121,South and Islands,4,0,0.08523073
1026487,0,0,0,77035.83,11.252026,University,74,19,105,South and Islands,2,0,0.03380532
1026493,0,0,0,63300.34,11.055646,University,70,15,-31,South and Islands,5,0,0.09410789
1026503,0,0,0,12350.455,9.421448,Primary or less,70,15,-31,South and Islands,2,1,0.21486115
1026512,0,0,0,19001.24,9.85226,Primary or less,84,29,73,South and Islands,2,0,0.39203042
1026516,0,0,0,21604.703,9.980666,Upper secondary,38,-17,33,South and Islands,3,0,1.0973423
1026518,0,0,0,27911.2,10.236783,Upper secondary,79,24,64,South and Islands,2,0,0.064254016
1026540,0,0,0,20500.977,9.928227,Lower secondary,64,9,81,South and Islands,2,1,0.7599162
1026551,0,0,0,20302.617,9.918505,Primary or less,68,13,-87,South and Islands,2,1,0.0683392
1026562,0,0,0,6500.0,8.779557,Lower secondary,63,8,64,South and Islands,2,1,0.22301243
1026565,0,0,0,42781.4,10.663858,Upper secondary,70,15,-31,South and Islands,3,0,0.10016251
1026566,0,0,0,33303.76,10.413425,Lower secondary,88,33,65,South and Islands,2,0,0.29369712
1026569,0,0,0,32904.0,10.401349,Lower secondary,69,14,-60,South and Islands,3,0,0.5084712
1026574,0,0,0,35708.805,10.483152,Upper secondary,72,17,33,South and Islands,2,0,0.30124435
1026592,0,0,0,47621.71,10.771044,University,68,13,-87,South and Islands,2,0,0.04382307
1026598,0,0,0,59278.4,10.990001,Upper secondary,69,14,-60,South and Islands,2,0,0.05610731
1026609,0,0,0,58415.324,10.975333,Upper secondary,70,15,-31,South and Islands,2,0,0.060171645
1026616,0,0,0,20315.68,9.919148,Primary or less,74,19,105,South and Islands,2,0,0.2873427
1026618,0,0,0,34963.652,10.462065,Lower secondary,69,14,-60,South and Islands,2,0,0.39047486
1026623,0,0,0,24221.951,10.095015,Lower secondary,64,9,81,South and Islands,2,0,0.29944342
1026633,0,0,0,14400.0,9.574984,Lower secondary,57,2,4,South and Islands,2,1,0.58142805
1026637,0,0,0,21459.408,9.973919,Lower secondary,67,12,-112,South and Islands,4,0,0.13427965
1026652,0,0,0,35400.0,10.474467,Upper secondary,65,10,100,South and Islands,2,0,0.049924355
1026655,1,1,0,138149.61,11.836093,University,71,16,0,South and Islands,2,0,0.039960664
1026658,0,0,0,29815.68,10.30279,Primary or less,68,13,-87,South and Islands,3,0,0.07393596
1026665,0,0,0,46693.777,10.751367,Upper secondary,69,14,-60,South and Islands,2,0,0.34235156
1026676,0,0,0,15100.0,9.62245,Primary or less,67,12,-112,South and Islands,2,1,0.41899312
1026682,0,0,0,14406.271,9.575418,Primary or less,56,1,1,South and Islands,1,1,0.54211104
1026687,0,0,0,36412.07,10.502656,University,64,9,81,South and Islands,2,1,0.31840187
1026693,0,0,0,53129.023,10.880479,University,72,17,33,South and Islands,3,0,0.07740832
1026696,0,0,0,23908.854,10.082005,Upper secondary,53,-2,4,South and Islands,3,0,0.78287554
1026697,0,0,0,128730.414,11.765475,University,65,10,100,South and Islands,2,0,0.24158603
1026713,0,0,0,39506.273,10.584215,Lower secondary,64,9,81,South and Islands,3,1,0.40246728
1026716,0,0,0,45712.203,10.730121,University,74,19,105,South and Islands,2,1,0.2605728
1026719,0,0,0,21000.0,9.952278,University,29,-26,-92,South and Islands,3,0,0.111261025
1026729,0,0,0,41809.406,10.640877,Lower secondary,58,3,9,South and Islands,6,0,0.53289884
1026738,0,0,0,33003.504,10.404369,Upper secondary,61,6,36,South and Islands,2,0,0.06677054
1026740,0,0,0,45009.758,10.714635,Upper secondary,63,8,64,South and Islands,2,0,0.12108324
1026756,0,0,0,10800.0,9.287301,Lower secondary,60,5,25,South and Islands,1,1,0.28173232
1026759,0,0,0,12150.627,9.405136,Lower secondary,54,-1,1,South and Islands,3,1,0.10251402
1026760,0,0,0,46021.953,10.736874,Upper secondary,34,-21,-71,South and Islands,2,0,1.0108775
1026782,0,0,0,35723.17,10.483555,Lower secondary,37,-18,68,South and Islands,4,0,0.6226517
1026796,0,0,0,46018.133,10.736791,Upper secondary,38,-17,33,South and Islands,3,1,0.10349026
1026808,0,0,0,42220.06,10.650651,Lower secondary,62,7,49,South and Islands,4,0,0.07017653
1026813,0,0,0,48130.39,10.781669,Upper secondary,65,10,100,South and Islands,2,0,0.32991782
1026816,0,0,0,78378.97,11.269311,Lower secondary,62,7,49,South and Islands,3,0,0.08520878
1026834,0,0,0,21898.111,9.994156,University,67,12,-112,South and Islands,3,0,0.33010727
1026860,0,0,0,8900.0,9.093806,Lower secondary,59,4,16,South and Islands,1,0,0.26990658
1026884,0,0,0,46616.45,10.749709,Upper secondary,59,4,16,South and Islands,3,0,0.09251706
1026885,0,0,0,35708.094,10.483132,Lower secondary,58,3,9,South and Islands,3,0,1.3022351
1026894,0,0,0,77246.86,11.254762,Upper secondary,59,4,16,South and Islands,4,0,0.08548508
1026897,0,0,0,52356.797,10.865837,Upper secondary,58,3,9,South and Islands,4,0,0.13839407
1026925,0,0,0,55523.52,10.924562,Upper secondary,56,1,1,South and Islands,4,0,0.10959278
1026946,1,0,1,58117.14,10.970216,Upper secondary,59,4,16,South and Islands,2,0,0.060134463
1026954,0,0,0,20800.37,9.942726,Lower secondary,49,-6,36,South and Islands,2,0,0.44356945
1026957,0,0,0,59173.47,10.988229,Upper secondary,51,-4,16,South and Islands,4,0,0.7773322
1026958,0,0,0,62609.758,11.044677,University,55,0,0,South and Islands,3,1,0.11194737
1026968,0,0,0,9600.0,9.169518,Lower secondary,46,-9,81,South and Islands,4,1,0.80492723
1026977,0,0,0,30509.758,10.325802,Upper secondary,76,21,-71,South and Islands,1,0,0.062109556
1026979,0,0,0,13201.17,9.488061,Lower secondary,53,-2,4,South and Islands,5,0,0.52363896
1026993,0,0,0,24009.408,10.086201,Upper secondary,55,0,0,South and Islands,4,0,0.67247325
1027011,0,0,0,17801.568,9.787042,Upper secondary,57,2,4,South and Islands,2,0,0.044008654
1027017,0,0,0,66062.72,11.09836,University,49,-6,36,South and Islands,4,0,0.08580441
1027037,0,0,0,23609.408,10.069401,Lower secondary,46,-9,81,South and Islands,4,0,0.78572226
1027043,0,0,0,12604.704,9.441826,Lower secondary,65,10,100,South and Islands,2,0,0.22301243
1027046,0,0,0,12000.0,9.392662,Lower secondary,59,4,16,South and Islands,2,0,0.05124835
1027054,0,0,0,19204.703,9.86291,Lower secondary,41,-14,-60,South and Islands,3,1,0.734607
1027067,0,0,0,70491.62,11.163249,Upper secondary,59,4,16,South and Islands,3,0,0.08292011
1027072,0,0,0,25015.68,10.127258,Upper secondary,35,-20,-112,South and Islands,1,0,0.5519481
1027092,0,0,0,9600.0,9.169518,Upper secondary,62,7,49,South and Islands,1,1,0.28173232
1027093,0,0,0,199123.83,12.201682,Upper secondary,66,11,121,South and Islands,4,1,0.07515751
1027096,0,0,0,51542.61,10.850164,Upper secondary,64,9,81,South and Islands,2,1,0.10705166
1027140,0,0,0,26602.822,10.188772,Upper secondary,40,-15,-31,South and Islands,5,1,0.58776045
1027166,0,0,0,33394.496,10.416146,Upper secondary,57,2,4,South and Islands,3,0,0.10635134
1027179,0,0,0,38521.023,10.558959,Upper secondary,51,-4,16,South and Islands,2,0,0.1670291
1027216,0,0,0,60008.375,11.002239,University,60,5,25,South and Islands,4,1,0.099977836
1027217,0,0,0,16200.617,9.692804,Primary or less,53,-2,4,South and Islands,2,1,0.42547125
1027239,0,0,0,52602.824,10.870525,University,57,2,4,South and Islands,5,0,0.48897222
1027242,0,0,0,15015.68,9.61685,Upper secondary,61,6,36,South and Islands,3,1,0.04386155
1027289,0,0,0,362092.34,12.799655,University,93,38,-92,South and Islands,2,0,0.10145103
1027296,0,0,0,29151.209,10.2802515,Upper secondary,50,-5,25,South and Islands,2,1,0.12526628
1027306,0,0,0,15407.84,9.642632,Lower secondary,45,-10,100,South and Islands,3,0,0.71968997
1027315,0,0,0,17847.271,9.789606,Upper secondary,52,-3,9,South and Islands,3,1,0.6121707
1027347,0,0,0,16800.0,9.729135,Lower secondary,43,-12,-112,South and Islands,4,1,0.7722734
1027348,0,0,0,37002.164,10.518732,Upper secondary,60,5,25,South and Islands,3,1,0.6155981
1027367,0,0,0,86212.55,11.364571,University,45,-10,100,South and Islands,2,0,0.16511057
1027375,0,0,0,16006.271,9.680736,Lower secondary,46,-9,81,South and Islands,4,1,0.6314966
1027384,0,0,0,22600.0,10.025705,Lower secondary,44,-11,121,South and Islands,4,1,0.5010473
1027408,0,0,0,28521.764,10.258423,University,41,-14,-60,South and Islands,2,1,0.86088055
1027440,0,0,0,30566.191,10.32765,Upper secondary,48,-7,49,South and Islands,4,0,0.67194045
1027452,0,0,0,28262.785,10.249301,Lower secondary,43,-12,-112,South and Islands,4,0,0.65069944
1027481,0,0,0,12003.136,9.392923,Upper secondary,40,-15,-31,South and Islands,1,0,0.83102626
1027488,0,0,0,76412.55,11.243902,University,49,-6,36,South and Islands,4,0,0.4581069
1027524,0,0,0,23200.0,10.051908,Lower secondary,44,-11,121,South and Islands,5,1,0.6397956
1027563,0,0,0,24225.088,10.095144,Lower secondary,65,10,100,South and Islands,3,1,0.07676969
1027589,0,0,0,12000.313,9.392688,University,46,-9,81,South and Islands,1,1,0.37237588
1027596,0,0,0,40814.953,10.616804,Upper secondary,70,15,-31,South and Islands,4,1,0.06996082
1027602,0,0,0,57796.445,10.964683,University,48,-7,49,South and Islands,3,0,0.16263042
1027616,0,0,0,15780.0,9.666498,Lower secondary,37,-18,68,South and Islands,4,1,0.66615385
1027629,0,0,0,18078.398,9.802473,Upper secondary,51,-4,16,South and Islands,1,0,0.5276623
1027669,0,0,0,7500.0,8.922658,Lower secondary,55,0,0,South and Islands,1,1,0.28173232
1027679,0,0,0,16800.0,9.729135,University,41,-14,-60,South and Islands,4,0,0.7058154
1027683,0,0,0,30708.602,10.332298,Upper secondary,41,-14,-60,South and Islands,2,0,1.2207172
1027686,0,0,0,81043.5,11.302741,University,45,-10,100,South and Islands,4,0,0.13064797
1027691,0,0,0,5001.568,8.517507,Lower secondary,35,-20,-112,South and Islands,1,0,1.4237196
1027709,0,0,0,13600.0,9.517825,Primary or less,29,-26,-92,South and Islands,2,1,1.2600116
1027712,0,0,0,39205.363,10.576569,Upper secondary,56,1,1,South and Islands,2,0,0.2951778
1027723,0,0,0,18690.0,9.835744,Lower secondary,21,-34,-124,South and Islands,4,1,0.68148524
1027753,0,0,0,6500.0,8.779557,Primary or less,75,20,-112,South and Islands,2,1,1.1595483
1027777,0,0,0,6000.0,8.699514,Primary or less,78,23,17,South and Islands,2,1,0.5784159
1027794,0,0,0,12700.313,9.449382,Lower secondary,31,-24,64,South and Islands,4,1,0.14555645
1027811,0,0,0,10200.0,9.230143,Upper secondary,34,-21,-71,South and Islands,1,1,0.9342649
1027818,0,0,0,86009.41,11.362212,Lower secondary,57,2,4,South and Islands,4,0,0.0615709
1027837,0,0,0,10400.0,9.249561,Primary or less,78,23,17,South and Islands,1,0,0.37138373
1027862,0,0,0,36168.816,10.495953,Upper secondary,36,-19,105,South and Islands,5,0,0.5645922
1027882,0,0,0,9500.0,9.159047,Lower secondary,66,11,121,South and Islands,1,1,0.2638956
1027887,0,0,0,84102.61,11.339793,University,55,0,0,South and Islands,3,0,0.097645245
1027908,0,0,0,41035.688,10.622197,University,53,-2,4,South and Islands,1,1,0.67164654
1027916,0,0,0,25100.0,10.130623,Lower secondary,77,22,-28,South and Islands,3,1,0.26477864
1027926,0,0,0,20812.543,9.943311,Lower secondary,48,-7,49,South and Islands,1,0,0.39066765
1027940,0,0,0,25780.0,10.157354,Primary or less,34,-21,-71,South and Islands,5,0,0.6533507
1027956,0,0,0,16015.68,9.681324,Lower secondary,62,7,49,South and Islands,1,0,0.11903726
1027965,0,0,0,17215.68,9.753576,Lower secondary,32,-23,17,South and Islands,2,0,0.7441719
1027966,0,0,0,46506.797,10.747354,University,52,-3,9,South and Islands,4,0,0.12176141
1027984,0,0,0,15604.269,9.6553,Lower secondary,22,-33,65,South and Islands,3,0,1.0880885
1027995,0,0,0,12012.544,9.393706,Upper secondary,44,-11,121,South and Islands,1,0,0.7362224
1027999,0,0,0,25004.812,10.126823,Upper secondary,63,8,64,South and Islands,1,1,0.5239913
1028039,0,0,0,16525.088,9.712635,Primary or less,76,21,-71,South and Islands,1,1,1.566792
1028053,0,0,0,14203.136,9.561218,Lower secondary,42,-13,-87,South and Islands,5,1,0.6300054
1028057,0,0,0,44619.32,10.705922,University,58,3,9,South and Islands,2,1,0.1075309
1028064,0,0,0,14160.0,9.558176,Primary or less,51,-4,16,South and Islands,3,0,0.50445545
1028071,0,0,0,24967.088,10.125314,Upper secondary,53,-2,4,South and Islands,4,0,0.77251583
1028080,0,0,0,20570.621,9.93162,Lower secondary,27,-28,16,South and Islands,4,0,0.79912657
1028097,0,0,0,19837.719,9.89534,University,59,4,16,South and Islands,3,0,0.16832574
1028105,1,1,0,69915.24,11.155039,University,46,-9,81,South and Islands,4,0,1.9643694
1028113,0,0,0,70135.68,11.158187,University,83,28,16,South and Islands,1,1,1.4087515
1028119,0,0,0,19201.568,9.862747,Lower secondary,26,-29,73,South and Islands,4,1,3.431611
1028146,0,0,0,32262.3,10.381655,Upper secondary,49,-6,36,South and Islands,2,0,3.3459117
1028162,1,1,0,54289.22,10.902081,University,64,9,81,South and Islands,2,0,0.34975836
1028198,0,0,0,27847.04,10.234482,Lower secondary,54,-1,1,South and Islands,4,1,0.68055946
1028204,0,0,0,41397.586,10.630978,Upper secondary,54,-1,1,South and Islands,4,0,0.32557425
1028205,0,0,0,28143.156,10.24506,Lower secondary,52,-3,9,South and Islands,4,0,2.6834118
1028207,1,1,0,160326.2,11.984966,University,53,-2,4,South and Islands,3,0,2.686585
1028233,0,0,0,33762.72,10.427113,Upper secondary,32,-23,17,South and Islands,2,0,5.054031
1028248,0,0,0,35240.926,10.469963,Lower secondary,74,19,105,South and Islands,2,0,4.3902817
1028296,0,0,0,24199.572,10.09409,Upper secondary,75,20,-112,South and Islands,2,1,0.4298346
1028322,0,0,0,13923.025,9.541299,Lower secondary,59,4,16,South and Islands,1,1,0.6443886
1028324,0,0,0,17062.324,9.744628,Lower secondary,88,33,65,South and Islands,1,1,0.5855343
1028330,0,0,0,16511.23,9.711796,Lower secondary,83,28,16,South and Islands,1,1,0.5733962
1028383,0,0,0,15073.145,9.62067,Primary or less,90,35,-55,South and Islands,1,1,0.5806282
1028402,0,0,0,44837.81,10.710807,University,82,27,-39,South and Islands,1,1,0.059457205
1028491,0,0,0,67288.16,11.116739,University,73,18,68,South and Islands,2,0,0.05653039
1028529,0,0,0,65063.36,11.083117,Upper secondary,68,13,-87,South and Islands,3,0,0.10170739
1028532,0,0,0,52853.312,10.875276,Upper secondary,69,14,-60,South and Islands,3,0,0.10173448
1028676,0,0,0,27476.775,10.221096,Upper secondary,54,-1,1,South and Islands,2,1,0.06746938
1028678,1,1,0,32621.049,10.392713,Upper secondary,61,6,36,South and Islands,1,0,0.02062143
1028701,0,0,0,23731.635,10.074564,Upper secondary,57,2,4,South and Islands,2,1,0.42585692
1028705,0,0,0,34678.4,10.453873,Upper secondary,56,1,1,South and Islands,3,1,0.5364041
1028744,0,0,0,90125.44,11.4089575,University,57,2,4,South and Islands,4,0,0.07545855
1028837,0,0,0,37478.4,10.53152,Upper secondary,56,1,1,South and Islands,2,0,0.41354704
1029015,0,0,0,4878.398,8.492572,Upper secondary,67,12,-112,South and Islands,1,0,0.30256006
1029354,0,0,0,50415.68,10.828057,Upper secondary,57,2,4,South and Islands,3,0,0.30654243
1029369,0,0,0,8160.0,9.006999,Lower secondary,66,11,121,South and Islands,1,1,1.1959745
1029560,0,0,0,28135.236,10.244778,Upper secondary,83,28,16,South and Islands,1,1,1.522294
1029575,0,0,0,29436.766,10.29,Upper secondary,72,17,33,South and Islands,2,1,0.9776823
1029576,0,0,0,12505.675,9.433938,Primary or less,85,30,-124,South and Islands,1,1,0.45395058
1029579,0,0,0,8900.0,9.093806,Primary or less,76,21,-71,South and Islands,1,1,1.7795516
1029580,0,0,0,36030.48,10.492121,Upper secondary,93,38,-92,South and Islands,2,0,0.3157214
1029650,0,0,0,33200.0,10.410305,Upper secondary,67,12,-112,South and Islands,2,0,0.2635124
1029674,0,0,0,55720.773,10.928108,University,59,4,16,South and Islands,1,1,0.83843833
1029751,0,0,0,25317.025,10.139233,Lower secondary,71,16,0,South and Islands,2,0,0.64186925
1029758,0,0,0,9223.136,9.129471,Primary or less,67,12,-112,South and Islands,2,0,0.8787611
1029760,0,0,0,22534.67,10.02281,Primary or less,88,33,65,South and Islands,1,1,1.9003917
1029772,0,0,0,8053.1357,8.993816,Primary or less,69,14,-60,South and Islands,2,0,2.7351756
1029773,0,0,0,30085.264,10.31179,Lower secondary,80,25,113,South and Islands,2,0,0.23828076
1029781,0,0,0,23234.11,10.053377,Upper secondary,65,10,100,South and Islands,2,0,0.64249337
1029789,0,0,0,10000.0,9.2103405,Lower secondary,68,13,-87,South and Islands,2,0,0.09490674
1029791,0,0,0,27831.36,10.233919,Lower secondary,68,13,-87,South and Islands,2,0,1.1232938
1029792,0,0,0,16411.477,9.705736,Primary or less,80,25,113,South and Islands,1,1,0.79215264
1029813,0,0,0,16617.662,9.718222,Primary or less,80,25,113,South and Islands,2,0,1.4911134
1029823,0,0,0,15104.848,9.622771,Primary or less,81,26,-92,South and Islands,1,1,1.9793543
1029827,0,0,0,41898.13,10.642997,Upper secondary,73,18,68,South and Islands,2,0,1.479274
1029830,0,0,0,21025.008,9.953468,Lower secondary,74,19,105,South and Islands,2,0,0.61846733
1029853,0,0,0,15206.058,9.629449,Primary or less,80,25,113,South and Islands,1,1,1.979628
1029854,0,0,0,21616.434,9.981209,Primary or less,77,22,-28,South and Islands,2,0,1.558712
1029869,0,0,0,10240.976,9.234152,Primary or less,86,31,-63,South and Islands,1,1,1.9583546
1029879,0,0,0,14497.823,9.581754,Primary or less,76,21,-71,South and Islands,1,1,1.9538215
1029893,0,0,0,10915.696,9.297957,Lower secondary,73,18,68,South and Islands,1,1,1.0398576
1029913,0,0,0,23006.646,10.043538,Primary or less,85,30,-124,South and Islands,1,1,1.9008766
1029914,0,0,0,33217.582,10.410834,Primary or less,75,20,-112,South and Islands,2,0,1.4788066
1029917,0,0,0,6505.3345,8.780377,Primary or less,89,34,-124,South and Islands,1,1,1.9560646
1029933,0,0,0,16317.082,9.699967,Primary or less,74,19,105,South and Islands,1,1,1.9589223
1029945,0,0,0,47736.125,10.773444,Upper secondary,82,27,-39,South and Islands,2,0,1.5151618
1029978,0,0,0,58156.797,10.970898,Upper secondary,62,7,49,South and Islands,3,0,2.1230657
1029979,0,0,0,42150.0,10.64899,Lower secondary,68,13,-87,South and Islands,3,0,0.75421566
1030000,0,0,0,41109.406,10.623992,Lower secondary,77,22,-28,South and Islands,3,0,0.89155674
1030006,0,0,0,106014.62,11.571332,Lower secondary,59,4,16,South and Islands,4,0,0.44252878
1030015,0,0,0,30850.176,10.336898,Upper secondary,74,19,105,South and Islands,2,1,1.4696238
1030020,0,0,0,16586.1,9.71632,Lower secondary,74,19,105,South and Islands,2,0,1.3650072
1030026,0,0,0,16800.314,9.729153,Lower secondary,60,5,25,South and Islands,2,0,1.9984218
1030074,1,0,1,51186.465,10.84323,Upper secondary,57,2,4,South and Islands,4,0,0.08782285
1030079,0,0,0,58140.113,10.970612,University,49,-6,36,South and Islands,4,0,0.43074626
1030084,0,0,0,15910.0,9.674704,Upper secondary,46,-9,81,South and Islands,3,1,0.51252484
1030092,0,0,0,37832.8,10.540932,Upper secondary,41,-14,-60,South and Islands,4,1,0.5407258
1030106,0,0,0,9503.139,9.159377,Upper secondary,65,10,100,South and Islands,2,0,0.6926353
1030118,0,0,0,9160.0,9.1226015,Lower secondary,60,5,25,South and Islands,1,1,0.3594268
1030122,0,0,0,24014.654,10.086419,Upper secondary,43,-12,-112,South and Islands,4,0,0.11981506
1030124,0,0,0,21936.295,9.995898,Upper secondary,67,12,-112,South and Islands,1,1,0.3598003
1030145,0,0,0,49856.363,10.816901,University,47,-8,64,South and Islands,2,1,0.058717865
1030151,0,0,0,4600.0,8.433811,Lower secondary,49,-6,36,South and Islands,1,0,1.1629875
1030161,0,0,0,35401.85,10.47452,Lower secondary,86,31,-63,South and Islands,1,1,0.35766104
1030162,0,0,0,90431.59,11.412349,Upper secondary,80,25,113,South and Islands,3,0,0.069841705
1030166,0,0,0,9900.0,9.20029,Upper secondary,84,29,73,South and Islands,1,1,0.37097615
1030170,0,0,0,15075.268,9.6208105,Upper secondary,69,14,-60,South and Islands,2,1,0.16036047
1030184,0,0,0,11600.037,9.358764,Primary or less,80,25,113,South and Islands,1,1,0.37121308
1030189,0,0,0,32006.02,10.373679,Lower secondary,65,10,100,South and Islands,3,0,0.3052676
1030190,0,0,0,35114.953,10.466382,Lower secondary,60,5,25,South and Islands,3,0,0.06562801
1030197,0,0,0,22306.271,10.012623,Upper secondary,75,20,-112,South and Islands,2,0,0.2110476
1030199,1,0,1,54482.71,10.905639,Lower secondary,70,15,-31,South and Islands,2,0,0.20454085
1030209,0,0,0,25501.568,10.146495,Lower secondary,59,4,16,South and Islands,5,0,0.07263145
1030216,0,0,0,32403.768,10.38603,Lower secondary,51,-4,16,South and Islands,4,1,0.08215645
1030228,0,0,0,72604.7,11.192785,Upper secondary,50,-5,25,South and Islands,5,0,0.108613715
1030254,0,0,0,8400.0,9.035987,Upper secondary,48,-7,49,South and Islands,1,1,0.39001727
1030262,0,0,0,17864.836,9.790589,Upper secondary,83,28,16,South and Islands,1,0,1.5247533
1030265,0,0,0,19000.627,9.852227,Primary or less,82,27,-39,South and Islands,2,0,0.27530384
1030266,0,0,0,10767.0,9.284242,Primary or less,70,15,-31,South and Islands,1,1,0.8574742
1030267,0,0,0,13280.0,9.494015,Primary or less,71,16,0,South and Islands,1,1,1.6128498
1030276,0,0,0,59218.816,10.988995,Lower secondary,67,12,-112,South and Islands,3,0,0.33070388
1030288,0,0,0,43897.04,10.689602,Upper secondary,66,11,121,South and Islands,2,0,0.7407553
1030293,0,0,0,32372.307,10.385058,Lower secondary,57,2,4,South and Islands,2,0,0.44270143
1030298,0,0,0,16800.0,9.729135,Upper secondary,57,2,4,South and Islands,2,1,1.2929894
1030317,0,0,0,17906.621,9.792926,Upper secondary,63,8,64,South and Islands,1,1,1.6862811
1030339,0,0,0,3500.6272,8.160697,Upper secondary,23,-32,0,South and Islands,4,1,2.5279226
1030370,0,0,0,21013.785,9.952934,Upper secondary,36,-19,105,South and Islands,1,1,1.2350783
1030382,0,0,0,11600.0,9.358761,Primary or less,89,34,-124,South and Islands,1,1,0.06801643
1030385,0,0,0,4200.0,8.34284,Primary or less,81,26,-92,South and Islands,1,1,0.41151404
1030414,0,0,0,28801.527,10.268184,Primary or less,92,37,89,South and Islands,2,1,0.06361095
1030416,0,0,0,5400.0,8.594154,Lower secondary,89,34,-124,South and Islands,1,1,0.40269408
1030433,0,0,0,16800.0,9.729135,Upper secondary,61,6,36,South and Islands,3,0,0.047590535
1030436,0,0,0,45606.168,10.727798,Primary or less,87,32,0,South and Islands,5,0,0.39578894
1030439,0,0,0,13870.0,9.537483,Primary or less,83,28,16,South and Islands,3,1,0.41351885
1030473,0,0,0,20400.0,9.92329,Lower secondary,84,29,73,South and Islands,1,1,0.38949654
1030476,0,0,0,8000.627,8.987275,Lower secondary,49,-6,36,South and Islands,1,0,0.22226445
1030484,0,0,0,17002.074,9.741091,Primary or less,76,21,-71,South and Islands,2,1,0.47089264
1030492,0,0,0,36321.844,10.5001745,Upper secondary,57,2,4,South and Islands,4,0,0.07999935
1030494,0,0,0,7200.0,8.881836,Primary or less,76,21,-71,South and Islands,2,0,0.3181257
1030503,0,0,0,23400.0,10.060492,Primary or less,77,22,-28,South and Islands,2,0,0.24273896
1030515,0,0,0,74000.0,11.211821,Primary or less,75,20,-112,South and Islands,3,0,0.07325503
1030529,0,0,0,10532.276,9.262199,Primary or less,83,28,16,South and Islands,2,1,0.044484615
1030531,0,0,0,21626.877,9.981692,Lower secondary,75,20,-112,South and Islands,3,0,0.3882689
1030539,0,0,0,32421.918,10.38659,University,79,24,64,South and Islands,1,1,0.037967186
1030542,0,0,0,24003.023,10.085935,Upper secondary,79,24,64,South and Islands,2,0,0.32045877
1030563,0,0,0,67205.87,11.115516,Lower secondary,88,33,65,South and Islands,3,0,0.05938722
1030573,0,0,0,33000.0,10.404263,Upper secondary,74,19,105,South and Islands,2,1,0.45859584
1030583,0,0,0,20319.408,9.919332,Upper secondary,72,17,33,South and Islands,2,0,0.31825572
1030593,0,0,0,50463.137,10.828999,Upper secondary,72,17,33,South and Islands,2,0,0.32160175
1030597,0,0,0,47500.0,10.768485,Lower secondary,72,17,33,South and Islands,4,0,0.044311013
1030611,0,0,0,19200.0,9.862665,Primary or less,70,15,-31,South and Islands,2,0,0.47582573
1030614,0,0,0,13200.0,9.487972,Primary or less,82,27,-39,South and Islands,1,1,0.39337128
1030623,0,0,0,24015.97,10.086474,Upper secondary,73,18,68,South and Islands,1,0,0.37338305
1030626,0,0,0,19880.0,9.8974695,Primary or less,73,18,68,South and Islands,9,0,0.0684907
1030631,0,0,0,44405.082,10.701109,University,70,15,-31,South and Islands,2,0,0.03136622
1030633,0,0,0,37459.406,10.5310135,Upper secondary,72,17,33,South and Islands,2,1,0.042258322
1030634,0,0,0,32351.254,10.384408,Lower secondary,82,27,-39,South and Islands,2,0,0.22366138
1030651,0,0,0,52690.766,10.872195,Upper secondary,82,27,-39,South and Islands,4,0,0.042620108
1030660,0,0,0,135769.14,11.818711,University,67,12,-112,South and Islands,5,0,0.035740748
1030665,0,0,0,33030.0,10.405171,Lower secondary,29,-26,-92,South and Islands,3,0,0.9034911
1030667,0,0,0,24000.0,10.085809,Upper secondary,70,15,-31,South and Islands,2,0,0.2491022
1030670,0,0,0,72800.0,11.195471,Upper secondary,71,16,0,South and Islands,2,0,0.29880896
1030683,0,0,0,42000.0,10.645425,Primary or less,78,23,17,South and Islands,2,0,0.04191931
1030688,0,0,0,34043.902,10.435407,Lower secondary,65,10,100,South and Islands,1,0,0.3567799
1030689,0,0,0,30029.945,10.309951,University,76,21,-71,South and Islands,2,0,0.037810106
1030690,0,0,0,23675.088,10.072179,Lower secondary,68,13,-87,South and Islands,2,0,0.24493991
1030700,0,0,0,59618.156,10.995715,University,72,17,33,South and Islands,2,0,0.03102592
1030703,0,0,0,56900.0,10.949051,Lower secondary,67,12,-112,South and Islands,6,0,0.050232545
1030709,0,0,0,26200.0,10.173514,Lower secondary,64,9,81,South and Islands,2,0,0.24165651
1030713,0,0,0,50000.0,10.819778,Upper secondary,65,10,100,South and Islands,3,0,0.10429746
1030717,0,0,0,35400.0,10.474467,Upper secondary,71,16,0,South and Islands,2,0,0.26044098
1030721,0,0,0,62802.207,11.047746,Lower secondary,69,14,-60,South and Islands,3,0,0.34603056
1030728,0,0,0,26519.408,10.185632,Upper secondary,72,17,33,South and Islands,2,0,0.23284912
1030735,0,0,0,52213.594,10.863098,University,65,10,100,South and Islands,2,1,0.04258018
1030741,0,0,0,45928.223,10.734835,Upper secondary,60,5,25,South and Islands,3,0,0.71248996
1030756,0,0,0,69279.13,11.145899,Upper secondary,63,8,64,South and Islands,3,0,0.05595876
1030761,0,0,0,4986.1416,8.514418,Primary or less,53,-2,4,South and Islands,2,1,0.35473648
1030762,0,0,0,44108.0,10.694396,Lower secondary,60,5,25,South and Islands,4,0,0.13300127
1030778,0,0,0,75048.31,11.225887,University,65,10,100,South and Islands,2,0,0.032393415
1030780,0,0,0,51700.35,10.85322,Upper secondary,70,15,-31,South and Islands,2,0,0.0431031
1030787,0,0,0,27204.443,10.211136,Lower secondary,59,4,16,South and Islands,4,0,0.41559726
1030794,0,0,0,41100.543,10.623776,Upper secondary,64,9,81,South and Islands,2,0,0.047838308
1030807,0,0,0,52677.36,10.871941,Lower secondary,65,10,100,South and Islands,3,1,0.06989464
1030818,0,0,0,132621.95,11.795258,University,68,13,-87,South and Islands,2,0,0.029952608
1030822,0,0,0,36200.0,10.496815,Lower secondary,53,-2,4,South and Islands,5,0,0.5148763
1030826,0,0,0,41092.902,10.62359,Lower secondary,56,1,1,South and Islands,5,0,0.06985817
1030830,0,0,0,24500.0,10.106428,Lower secondary,64,9,81,South and Islands,3,0,0.08270157
1030835,0,0,0,28835.44,10.269361,Lower secondary,61,6,36,South and Islands,3,0,0.07077687
1030871,0,0,0,10920.0,9.298351,Upper secondary,32,-23,17,South and Islands,3,1,0.6227987
1030874,0,0,0,53003.473,10.878113,Lower secondary,58,3,9,South and Islands,3,0,0.070764326
1030892,1,1,0,127339.99,11.754616,University,69,14,-60,South and Islands,1,0,0.040748257
1030896,0,0,0,46439.59,10.745908,Upper secondary,60,5,25,South and Islands,4,0,0.3983173
1030902,0,0,0,63602.42,11.060407,University,83,28,16,South and Islands,2,0,0.056736164
1030927,0,0,0,30000.0,10.308952,Lower secondary,52,-3,9,South and Islands,4,0,0.07029987
1030932,0,0,0,14000.0,9.546813,Lower secondary,60,5,25,South and Islands,3,0,0.2859051
1030940,0,0,0,6500.627,8.779654,Lower secondary,65,10,100,South and Islands,3,0,0.3450787
1030942,0,0,0,102831.98,11.540852,Lower secondary,50,-5,25,South and Islands,5,0,0.63278717
1030970,0,0,0,92230.29,11.432044,University,55,0,0,South and Islands,1,0,0.031145377
1030972,0,0,0,6500.0,8.779557,Lower secondary,60,5,25,South and Islands,5,0,0.068975955
1030975,1,1,1,220411.98,12.303254,University,73,18,68,South and Islands,5,1,0.07578534
1030990,0,0,0,51222.434,10.843933,Upper secondary,47,-8,64,South and Islands,5,0,0.08468889
1031001,0,0,0,28915.0,10.272116,Lower secondary,39,-16,0,South and Islands,4,0,0.61150223
1031005,1,1,0,101475.83,11.527576,University,60,5,25,South and Islands,5,0,0.057399046
1031006,0,0,0,27179.408,10.210215,Upper secondary,50,-5,25,South and Islands,4,0,0.6444593
1031014,0,0,0,24800.0,10.118599,Lower secondary,42,-13,-87,South and Islands,6,0,0.64956605
1031016,0,0,0,52587.445,10.870233,Upper secondary,43,-12,-112,South and Islands,3,1,0.75811166
1031022,0,0,0,25000.0,10.126631,Lower secondary,49,-6,36,South and Islands,3,1,0.095781386
1031024,1,1,0,65597.33,11.09129,University,43,-12,-112,South and Islands,4,1,0.11749239
1031078,0,0,0,54325.0,10.90274,University,64,9,81,South and Islands,1,0,0.2862814
1031098,0,0,0,107307.93,11.583458,Upper secondary,43,-12,-112,South and Islands,1,0,0.07631295
1031111,0,0,0,9000.0,9.1049795,Lower secondary,61,6,36,South and Islands,1,1,0.23328695
1031122,0,0,0,53259.406,10.88293,Upper secondary,37,-18,68,South and Islands,4,1,0.06868121
1031124,0,0,0,26015.01,10.166429,University,28,-27,-39,South and Islands,1,1,0.23391418
1031130,1,0,1,81404.64,11.307188,University,66,11,121,South and Islands,3,0,0.21762718
1031156,0,0,0,65482.445,11.089538,University,73,18,68,South and Islands,3,0,0.20910046
1031173,0,0,0,6000.0,8.699514,Lower secondary,57,2,4,South and Islands,1,1,0.23328695
1031175,0,0,0,6001.963,8.6998415,Lower secondary,60,5,25,South and Islands,1,0,0.09189703
1031191,0,0,0,13644.0,9.521055,Lower secondary,47,-8,64,South and Islands,2,1,0.48247683
1031211,0,0,0,15004.576,9.616111,Lower secondary,47,-8,64,South and Islands,4,0,0.43975294
1031213,0,0,0,81658.66,11.310303,University,53,-2,4,South and Islands,3,1,0.07830945
1031214,0,0,0,20000.0,9.903487,Upper secondary,51,-4,16,South and Islands,1,0,0.7977831
1031220,0,0,0,7200.397,8.881891,Upper secondary,47,-8,64,South and Islands,3,1,0.6425394
1031223,0,0,0,13200.0,9.487972,Lower secondary,69,14,-60,South and Islands,2,1,0.45810735
1031237,0,0,0,11000.0,9.305651,Lower secondary,56,1,1,South and Islands,1,0,1.1892956
1031241,0,0,0,33708.508,10.425506,Upper secondary,35,-20,-112,South and Islands,4,0,1.5180544
1031245,0,0,0,57628.723,10.961777,University,70,15,-31,South and Islands,2,0,0.01410718
1031247,0,0,0,38586.22,10.560651,Upper secondary,44,-11,121,South and Islands,4,0,0.05600307
1031261,0,0,0,47222.605,10.762628,University,34,-21,-71,South and Islands,2,0,0.75305516
1031279,0,0,0,16100.244,9.68659,Upper secondary,47,-8,64,South and Islands,1,1,0.7410417
1031282,0,0,0,46560.977,10.748518,Lower secondary,41,-14,-60,South and Islands,5,1,0.5413897
1031296,0,0,0,8980.0,9.102756,Lower secondary,32,-23,17,South and Islands,4,1,0.5495034
1031315,0,0,0,39616.273,10.586995,Upper secondary,71,16,0,South and Islands,2,0,0.28839716
1031328,0,0,0,39064.652,10.572973,Upper secondary,60,5,25,South and Islands,3,0,0.058305472
1031330,0,0,0,94107.086,11.4521885,University,58,3,9,South and Islands,3,0,0.07972256
1031337,0,0,0,6078.398,8.712497,Lower secondary,62,7,49,South and Islands,2,1,0.1899399
1031359,0,0,0,8900.313,9.093842,Lower secondary,66,11,121,South and Islands,1,1,0.21851733
1031364,0,0,0,25274.0,10.137531,Lower secondary,50,-5,25,South and Islands,2,1,0.6270309
1031372,0,0,0,9206.271,9.12764,University,29,-26,-92,South and Islands,1,0,0.91731215
1031377,0,0,0,15402.509,9.642285,Upper secondary,59,4,16,South and Islands,2,0,0.34869322
1031384,0,0,0,20400.0,9.92329,Lower secondary,56,1,1,South and Islands,1,0,0.2234947
1031394,0,0,0,11500.0,9.350102,Lower secondary,51,-4,16,South and Islands,1,1,0.43271124
1031401,0,0,0,13603.136,9.518056,Lower secondary,69,14,-60,South and Islands,1,1,0.37416258
1031414,0,0,0,9360.0,9.1442,Lower secondary,35,-20,-112,South and Islands,2,0,0.60929143
1031421,0,0,0,6500.0,8.779557,Primary or less,65,10,100,South and Islands,1,1,0.411352
1031425,0,0,0,24009.812,10.086218,Upper secondary,29,-26,-92,South and Islands,1,0,1.2664884
1031427,0,0,0,12053.566,9.397116,Upper secondary,31,-24,64,South and Islands,1,0,1.4323232
1031430,0,0,0,39214.54,10.576803,University,63,8,64,South and Islands,4,0,0.32332534
1031436,0,0,0,11900.0,9.384294,Upper secondary,22,-33,65,South and Islands,3,0,0.7415852
1031477,0,0,0,5850.784,8.674331,Lower secondary,35,-20,-112,South and Islands,1,1,3.8328693
1031490,0,0,0,24255.543,10.0964,Upper secondary,77,22,-28,South and Islands,1,1,2.1194866
1031543,0,0,0,25641.617,10.151972,Upper secondary,54,-1,1,South and Islands,2,1,2.2548683
1031579,0,0,0,13901.899,9.539781,Primary or less,73,18,68,South and Islands,1,1,0.068357445
1031582,0,0,0,10800.0,9.287301,Primary or less,77,22,-28,South and Islands,1,1,0.26211455
1031587,0,0,0,12700.0,9.449357,Lower secondary,73,18,68,South and Islands,2,0,0.15541032
1031590,0,0,0,13649.408,9.521452,Upper secondary,74,19,105,South and Islands,1,0,0.1333952
1031591,0,0,0,38960.0,10.570291,Primary or less,75,20,-112,South and Islands,3,0,0.052990176
1031594,0,0,0,148404.22,11.907695,University,67,12,-112,South and Islands,2,0,0.146636
1031600,0,0,0,28869.703,10.270548,Primary or less,61,6,36,South and Islands,3,1,0.07344676
1031613,0,0,0,10202.822,9.23042,Lower secondary,55,0,0,South and Islands,3,1,0.24546021
1031616,0,0,0,34600.0,10.451609,Upper secondary,80,25,113,South and Islands,3,0,0.042108722
1031630,0,0,0,3000.0,8.006368,Lower secondary,54,-1,1,South and Islands,2,0,0.31807896
1031631,0,0,0,22100.0,10.003333,Lower secondary,54,-1,1,South and Islands,4,0,0.5223663
1031632,0,0,0,32143.25,10.377957,University,51,-4,16,South and Islands,1,1,0.17979513
1031638,0,0,0,33393.137,10.416105,Primary or less,78,23,17,South and Islands,3,0,0.06496113
1031648,0,0,0,21618.816,9.981319,Lower secondary,54,-1,1,South and Islands,2,0,0.091577426
1031669,0,0,0,6001.568,8.699776,Lower secondary,56,1,1,South and Islands,2,0,0.30586794
1031670,0,0,0,68406.27,11.13322,University,41,-14,-60,South and Islands,3,0,0.35904664
1031672,0,0,0,10800.0,9.287301,Lower secondary,51,-4,16,South and Islands,1,1,0.4700706
1031678,0,0,0,16861.14,9.732767,Lower secondary,51,-4,16,South and Islands,3,0,0.11203772
1031683,0,0,0,55012.895,10.915323,Upper secondary,71,16,0,South and Islands,2,0,0.03545965
1031686,0,0,0,10010.0,9.21134,Lower secondary,70,15,-31,South and Islands,1,1,0.26146865
1031688,0,0,0,16550.0,9.714142,Primary or less,47,-8,64,South and Islands,6,1,0.07757539
1031690,0,0,0,21552.508,9.978248,Lower secondary,49,-6,36,South and Islands,3,1,0.3931491
1031695,0,0,0,8388.0,9.034557,Upper secondary,41,-14,-60,South and Islands,3,1,0.36211434
1031698,0,0,0,15302.509,9.635772,Lower secondary,71,16,0,South and Islands,1,0,0.13007382
1031717,0,0,0,33025.445,10.405034,Lower secondary,34,-21,-71,South and Islands,2,0,0.58891344
1031744,0,0,0,41943.668,10.644083,Upper secondary,40,-15,-31,South and Islands,4,0,0.09293506
1031752,0,0,0,19902.508,9.898601,Lower secondary,28,-27,-39,South and Islands,4,0,0.42392915
1031789,0,0,0,17006.271,9.741338,Primary or less,74,19,105,South and Islands,2,0,0.21900643
1031837,0,0,0,16760.0,9.72675,Upper secondary,65,10,100,South and Islands,2,1,0.15668607
1031840,0,0,0,38240.0,10.551638,Upper secondary,75,20,-112,South and Islands,2,0,0.20438795
1031846,0,0,0,34800.0,10.457373,University,51,-4,16,South and Islands,3,1,0.09274714
1031854,0,0,0,35312.543,10.471993,Upper secondary,64,9,81,South and Islands,5,0,0.085501365
1031856,0,0,0,79079.18,11.278205,University,52,-3,9,South and Islands,4,1,0.09026135
1031887,0,0,0,47300.0,10.764266,Upper secondary,67,12,-112,South and Islands,4,0,0.10327293
1031890,0,0,0,35500.0,10.477288,Lower secondary,69,14,-60,South and Islands,3,0,0.09429729
1031899,0,0,0,18002.822,9.798284,Primary or less,74,19,105,South and Islands,2,0,0.1648433
1031902,0,0,0,131370.03,11.785773,Upper secondary,73,18,68,South and Islands,2,0,0.101295784
1031938,0,0,0,36877.863,10.515367,University,29,-26,-92,South and Islands,2,1,0.21038537
1031981,0,0,0,22100.0,10.003333,Lower secondary,62,7,49,South and Islands,3,1,0.27747926
1032028,0,0,0,13010.0,9.473474,Primary or less,76,21,-71,South and Islands,2,0,0.16332462
1032053,0,0,0,16475.164,9.709609,University,41,-14,-60,South and Islands,3,0,0.36801976
1032089,0,0,0,19801.621,9.893519,Lower secondary,46,-9,81,South and Islands,2,0,1.2722857
1032091,0,0,0,19823.85,9.894641,Lower secondary,81,26,-92,South and Islands,1,0,0.56628954
1032113,0,0,0,12710.382,9.450174,Primary or less,81,26,-92,South and Islands,1,1,0.6261996
1032115,0,0,0,19205.13,9.862933,Lower secondary,73,18,68,South and Islands,1,1,0.6107441
1032118,0,0,0,75655.016,11.233939,Upper secondary,63,8,64,South and Islands,8,1,0.2245824
1032124,0,0,0,22583.137,10.024959,Lower secondary,69,14,-60,South and Islands,3,1,0.17500779
1032145,0,0,0,47506.707,10.768626,University,58,3,9,South and Islands,2,0,0.10489035
1032163,0,0,0,27705.049,10.22937,Lower secondary,57,2,4,South and Islands,4,0,0.64759064
1032165,0,0,0,10000.0,9.2103405,Lower secondary,43,-12,-112,South and Islands,1,0,1.7984866
1032170,0,0,0,26010.139,10.166242,University,48,-7,49,South and Islands,3,0,0.6403612
1032178,0,0,0,13205.153,9.488362,Lower secondary,80,25,113,South and Islands,1,1,0.617604
1032179,0,0,0,60647.04,11.012826,Upper secondary,73,18,68,South and Islands,2,0,0.097976334
1032192,0,0,0,16140.0,9.689056,Lower secondary,63,8,64,South and Islands,1,1,0.35630018
1032195,0,0,0,19100.0,9.857444,Lower secondary,73,18,68,South and Islands,2,0,0.3599625
1032201,0,0,0,21701.88,9.985154,Primary or less,79,24,64,South and Islands,2,1,0.36236015
1032210,0,0,0,59496.445,10.993671,Lower secondary,60,5,25,South and Islands,2,0,0.102372736
1032211,0,0,0,15008.443,9.616368,Primary or less,79,24,64,South and Islands,1,0,0.5975916
1032216,0,0,0,51106.273,10.841662,Upper secondary,71,16,0,South and Islands,2,0,0.16323024
1032241,0,0,0,13078.0,9.478686,Lower secondary,65,10,100,South and Islands,2,0,0.38880292
1032254,0,0,0,41491.055,10.633233,Upper secondary,39,-16,0,South and Islands,4,1,2.304597
1032260,0,0,0,19100.0,9.857444,Lower secondary,57,2,4,South and Islands,2,0,0.4002046
1032269,0,0,0,34001.914,10.434172,Primary or less,90,35,-55,South and Islands,2,0,0.48712197
1032276,0,0,0,18600.0,9.830917,Lower secondary,63,8,64,South and Islands,1,0,0.5826532
1032278,0,0,0,39874.58,10.593494,Primary or less,73,18,68,South and Islands,6,0,0.23447905
1032284,0,0,0,24240.0,10.095759,Lower secondary,65,10,100,South and Islands,2,0,0.19409999
1032289,0,0,0,37000.0,10.518673,Lower secondary,65,10,100,South and Islands,3,1,0.25173104
1032308,0,0,0,3602.9434,8.189507,Lower secondary,78,23,17,South and Islands,1,1,0.1414946
1032313,0,0,0,19151.6,9.860142,Primary or less,70,15,-31,South and Islands,1,0,0.58499986
1032324,0,0,0,14846.037,9.605488,Primary or less,76,21,-71,South and Islands,1,0,0.119643696
1032332,0,0,0,4515.134,8.41519,Primary or less,94,39,-15,South and Islands,1,1,0.6225259
1032361,1,0,0,19579.162,9.882221,Primary or less,75,20,-112,South and Islands,1,0,0.6099349
1032362,0,0,0,18329.96,9.816292,Primary or less,89,34,-124,South and Islands,1,1,0.096235886
1032363,0,0,0,51035.504,10.840277,Primary or less,73,18,68,South and Islands,5,0,0.33049282
1032365,0,0,0,20316.75,9.919201,Upper secondary,66,11,121,South and Islands,2,0,0.36795738
1032369,0,0,0,32408.602,10.386179,Primary or less,58,3,9,South and Islands,2,0,0.21289863
1032370,0,0,0,7423.1357,8.912357,Primary or less,71,16,0,South and Islands,1,1,0.64222395
1032375,0,0,0,18436.79,9.8221035,Lower secondary,87,32,0,South and Islands,2,0,0.523507
1032376,0,0,0,23117.455,10.048344,Primary or less,68,13,-87,South and Islands,1,1,0.64222395
1032378,0,0,0,12602.018,9.441612,Primary or less,73,18,68,South and Islands,1,1,0.64258367
1032385,0,0,0,26673.67,10.191432,Primary or less,78,23,17,South and Islands,3,0,0.26554346
1032387,0,0,0,27322.934,10.215482,Upper secondary,78,23,17,South and Islands,1,1,0.103703335
1032394,0,0,0,26435.754,10.182473,Upper secondary,67,12,-112,South and Islands,3,0,0.6735602
1032402,0,0,0,27309.354,10.214985,Primary or less,86,31,-63,South and Islands,3,1,0.37999934
1032405,0,0,0,25105.68,10.13085,Primary or less,73,18,68,South and Islands,2,0,0.37825087
1032406,0,0,0,16509.408,9.711686,Primary or less,78,23,17,South and Islands,1,1,0.63084906
1032408,0,0,0,13693.763,9.524695,Lower secondary,73,18,68,South and Islands,2,0,0.19758183
1032410,0,0,0,38923.973,10.5693655,Primary or less,86,31,-63,South and Islands,2,0,0.5090998
1032413,0,0,0,15809.774,9.668384,Lower secondary,72,17,33,South and Islands,1,1,0.6426214
1032415,0,0,0,30492.297,10.32523,Lower secondary,65,10,100,South and Islands,4,0,0.09015028
1032417,0,0,0,25572.543,10.149275,Primary or less,61,6,36,South and Islands,4,0,0.29616266
1032420,0,0,0,128458.5,11.763361,Primary or less,86,31,-63,South and Islands,2,0,0.09569766
1032425,0,0,0,26635.473,10.19,Lower secondary,82,27,-39,South and Islands,2,0,0.19815764
1032427,0,0,0,15349.408,9.638832,Primary or less,71,16,0,South and Islands,3,0,0.24392909
1032430,0,0,0,25215.52,10.135215,Primary or less,69,14,-60,South and Islands,3,0,0.20568784
1032432,0,0,0,17609.299,9.776182,Primary or less,74,19,105,South and Islands,2,0,0.39192036
1032434,0,0,0,74682.38,11.221,University,98,43,57,South and Islands,1,1,0.5031805
1032437,0,0,0,30135.684,10.313465,Lower secondary,64,9,81,South and Islands,2,0,0.20646334
1032443,0,0,0,19618.7,9.884238,Lower secondary,60,5,25,South and Islands,1,1,0.69502455
1032447,0,0,0,102844.71,11.540976,University,66,11,121,South and Islands,3,0,0.37703025
1032460,0,0,0,45629.355,10.728307,Upper secondary,68,13,-87,South and Islands,1,0,0.17220742
1032461,0,0,0,40533.477,10.609883,Primary or less,55,0,0,South and Islands,6,0,0.89341664
1032487,0,0,0,24881.271,10.121871,Lower secondary,53,-2,4,South and Islands,4,0,0.66764826
1032489,0,0,0,25248.125,10.136507,Lower secondary,46,-9,81,South and Islands,2,0,1.3333285
1032490,0,0,0,18834.014,9.84342,Lower secondary,54,-1,1,South and Islands,1,0,3.4496682
1032499,0,0,0,23514.854,10.065388,Lower secondary,48,-7,49,South and Islands,2,1,0.53265667
1032511,0,0,0,26009.408,10.166214,Primary or less,58,3,9,South and Islands,2,1,0.9708077
1032512,0,0,0,67859.97,11.125201,Upper secondary,39,-16,0,South and Islands,4,0,0.32289487
1032521,0,0,0,43422.402,10.678731,Lower secondary,44,-11,121,South and Islands,3,1,0.77495944
1032523,0,0,0,40155.613,10.600517,Upper secondary,42,-13,-87,South and Islands,3,0,0.4370282
1032530,0,0,0,18012.543,9.798823,Upper secondary,60,5,25,South and Islands,5,0,0.83174384
1032532,0,0,0,17312.543,9.759187,Upper secondary,34,-21,-71,South and Islands,4,0,0.4101124
1032544,0,0,0,25915.68,10.162603,Lower secondary,48,-7,49,South and Islands,6,1,0.8634072
1032549,0,0,0,12800.0,9.4572,Lower secondary,50,-5,25,South and Islands,1,0,0.240072
1032555,0,0,0,31017.49,10.342306,Lower secondary,53,-2,4,South and Islands,2,1,0.14341173
1032558,0,0,0,17803.137,9.78713,Primary or less,28,-27,-39,South and Islands,2,0,1.6808256
1032565,0,0,0,24617.812,10.111225,Upper secondary,30,-25,113,South and Islands,1,0,1.9792635
1032672,0,0,0,18600.0,9.830917,Lower secondary,78,23,17,South and Islands,2,0,3.7259848
1032704,0,0,0,28902.195,10.271673,Lower secondary,51,-4,16,South and Islands,4,0,7.6771297
1033023,0,0,0,46051.984,10.737526,University,68,13,-87,South and Islands,1,1,0.24770235
1033041,0,0,0,95306.27,11.464851,University,43,-12,-112,South and Islands,3,1,0.09454277
1033101,0,0,0,34338.156,10.444013,University,40,-15,-31,South and Islands,3,1,0.70482314
1033218,0,0,0,39974.035,10.595985,Lower secondary,79,24,64,South and Islands,2,0,0.06702358
1033237,0,0,0,38515.906,10.558826,University,68,13,-87,South and Islands,2,1,0.050508894
1033252,0,0,0,87283.44,11.376916,Upper secondary,65,10,100,South and Islands,2,0,0.07081976
1033262,0,0,0,9360.0,9.1442,Primary or less,62,7,49,South and Islands,2,1,0.5331499
1033299,0,0,0,22801.438,10.034579,Upper secondary,78,23,17,South and Islands,3,0,0.38569835
1033313,0,0,0,25800.0,10.15813,Lower secondary,47,-8,64,South and Islands,4,0,0.6339967
1033347,0,0,0,15418.398,9.643317,Primary or less,84,29,73,South and Islands,3,1,1.6563071
1033351,0,0,0,25821.873,10.1589775,Lower secondary,58,3,9,South and Islands,5,0,3.2382958
1033388,0,0,0,29480.0,10.291468,Primary or less,71,16,0,South and Islands,3,0,2.0252612
1033396,0,0,0,19905.016,9.898727,Upper secondary,64,9,81,South and Islands,2,0,1.4891741
1033400,0,0,0,41673.047,10.6376095,Upper secondary,49,-6,36,South and Islands,5,1,2.3473833
1033412,0,0,0,11892.958,9.383701,Lower secondary,51,-4,16,South and Islands,1,0,4.9077578
1033418,0,0,0,23934.916,10.083094,Upper secondary,71,16,0,South and Islands,2,1,0.0771812
1033428,1,0,1,76172.78,11.24076,Upper secondary,70,15,-31,South and Islands,2,0,0.074396186
1033430,0,0,0,47784.145,10.774449,Lower secondary,71,16,0,South and Islands,4,1,0.11464507
1033431,0,0,0,23612.098,10.069514,University,50,-5,25,South and Islands,3,1,0.39436433
1033457,0,0,0,42900.0,10.666627,Lower secondary,70,15,-31,South and Islands,3,1,0.1087202
1033469,0,0,0,28848.719,10.269821,Lower secondary,81,26,-92,South and Islands,2,0,0.07953775
1033476,1,1,0,29752.855,10.30068,Upper secondary,54,-1,1,South and Islands,3,1,0.56088644
1033482,0,0,0,47644.83,10.771529,Lower secondary,54,-1,1,South and Islands,3,1,0.14940904
1033484,0,0,0,56165.47,10.936057,Lower secondary,62,7,49,South and Islands,2,1,0.078188114
1033496,0,0,0,34231.57,10.440904,Lower secondary,58,3,9,South and Islands,2,0,0.27587005
1033517,0,0,0,36211.88,10.497143,Upper secondary,63,8,64,South and Islands,2,0,0.5301324
1033530,0,0,0,50953.094,10.838661,University,67,12,-112,South and Islands,1,0,0.2780835
1033541,0,0,0,176507.12,12.081117,University,48,-7,49,South and Islands,3,1,0.16492951
1033542,0,0,0,58832.984,10.982458,University,47,-8,64,South and Islands,1,0,0.62307775
1033546,0,0,0,39809.04,10.591849,University,51,-4,16,South and Islands,1,1,0.15095846
1033584,0,0,0,56561.297,10.94308,Upper secondary,51,-4,16,South and Islands,1,0,0.42127424
1033595,0,0,0,42924.254,10.667192,Upper secondary,33,-22,-28,South and Islands,2,0,0.8742495
1033612,0,0,0,82240.11,11.317398,Lower secondary,61,6,36,South and Islands,4,0,0.12790194
1033616,0,0,0,121361.4,11.706528,University,52,-3,9,South and Islands,4,0,0.08245774
1033624,0,0,0,42000.598,10.645439,Upper secondary,60,5,25,South and Islands,3,0,0.3827857
1033625,0,0,0,53161.61,10.881092,Lower secondary,54,-1,1,South and Islands,4,0,0.13114202
1033669,0,0,0,19505.281,9.878441,Upper secondary,41,-14,-60,South and Islands,2,0,0.6069707
1033686,0,0,0,26962.719,10.20221,Lower secondary,73,18,68,South and Islands,2,1,1.6454653
1033692,0,0,0,50476.152,10.829256,University,74,19,105,South and Islands,3,0,3.2313173
1033697,0,0,0,38926.0,10.569418,Upper secondary,57,2,4,South and Islands,3,1,2.7409656
1033704,0,0,0,33100.0,10.407289,Upper secondary,59,4,16,South and Islands,3,1,2.119675
1033732,0,0,0,26015.92,10.166464,Upper secondary,79,24,64,South and Islands,2,0,0.36718217
1033778,0,0,0,27546.271,10.223622,Lower secondary,50,-5,25,South and Islands,3,1,0.79621035
1033826,0,0,0,53170.74,10.881264,Upper secondary,85,30,-124,South and Islands,2,0,0.36134142
1033866,0,0,0,15220.0,9.630365,Lower secondary,78,23,17,South and Islands,2,0,0.059091423
1033886,1,1,0,81218.11,11.3048935,University,76,21,-71,South and Islands,2,0,0.020734942
1033897,0,0,0,33910.547,10.431481,Upper secondary,84,29,73,South and Islands,1,1,0.44861814
1033929,0,0,0,38696.67,10.563509,Primary or less,72,17,33,South and Islands,2,0,0.07606002
1033963,0,0,0,64100.0,11.0682,Upper secondary,75,20,-112,South and Islands,3,0,0.10913157
1033987,0,0,0,69909.81,11.154962,University,68,13,-87,South and Islands,1,1,0.07723011
1034000,0,0,0,48400.0,10.787255,Lower secondary,59,4,16,South and Islands,5,0,0.11852822
1034008,0,0,0,79789.695,11.287149,Upper secondary,58,3,9,South and Islands,3,0,0.11371047
1034016,0,0,0,34600.0,10.451609,University,61,6,36,South and Islands,3,0,0.27921173
1034082,0,0,0,21495.63,9.975605,Lower secondary,53,-2,4,South and Islands,4,0,0.5345351
1034090,0,0,0,8400.0,9.035987,Lower secondary,62,7,49,South and Islands,1,0,0.09725937
1034095,0,0,0,15065.68,9.620174,Primary or less,87,32,0,South and Islands,1,1,0.4832965
1034121,0,0,0,5760.0,8.658692,Lower secondary,46,-9,81,South and Islands,2,1,0.74147207
1034123,1,1,1,90097.0,11.408642,Upper secondary,55,0,0,South and Islands,4,0,0.49020126
1034148,0,0,0,48889.516,10.797318,Lower secondary,60,5,25,South and Islands,2,0,0.37874913
1034161,0,0,0,66284.08,11.101705,Primary or less,75,20,-112,South and Islands,4,0,0.09510866
1034162,0,0,0,34973.223,10.462338,Lower secondary,58,3,9,South and Islands,3,0,0.60361266
1034183,0,0,0,40634.496,10.612372,Lower secondary,53,-2,4,South and Islands,4,0,0.13888921
1034185,0,0,0,25228.547,10.135732,Upper secondary,62,7,49,South and Islands,2,1,0.58224547
1034188,0,0,0,23828.398,10.078633,Upper secondary,72,17,33,South and Islands,1,1,0.48355553
1034225,0,0,0,19515.68,9.878974,Lower secondary,79,24,64,South and Islands,2,0,0.33221906
1034235,0,0,0,45016.49,10.714785,Upper secondary,63,8,64,South and Islands,2,0,0.09692154
1034237,0,0,0,4254.704,8.355781,Lower secondary,46,-9,81,South and Islands,1,0,0.48924085
1034242,0,0,0,28062.719,10.242197,University,30,-25,113,South and Islands,1,0,1.0580149
1034272,0,0,0,23706.36,10.073499,University,37,-18,68,South and Islands,1,0,0.99577135
1034311,0,0,0,22601.68,10.02578,Lower secondary,60,5,25,South and Islands,3,1,0.4922831
1034319,0,0,0,25658.447,10.152628,Upper secondary,65,10,100,South and Islands,2,1,4.462212
1034323,0,0,0,15003.401,9.616033,Lower secondary,67,12,-112,South and Islands,3,0,0.84366095
1034341,0,0,0,27860.371,10.234961,Lower secondary,42,-13,-87,South and Islands,5,1,6.364594
1034347,0,0,0,139425.61,11.845286,University,54,-1,1,South and Islands,4,0,2.1118488
1034350,0,0,0,32204.045,10.379848,Upper secondary,48,-7,49,South and Islands,4,1,6.5933
1034358,0,0,0,29765.934,10.30112,University,56,1,1,South and Islands,2,1,5.0183043
1034374,0,0,0,45518.383,10.725872,Upper secondary,73,18,68,South and Islands,2,0,0.068832584
1034420,1,1,0,109236.74,11.601273,University,73,18,68,South and Islands,2,1,0.048002094
1034428,0,0,0,77686.97,11.260443,University,59,4,16,South and Islands,2,1,0.079870984
1034432,0,0,0,55411.16,10.922536,Upper secondary,64,9,81,South and Islands,4,0,0.26430377
1034434,0,0,0,31904.035,10.370488,Primary or less,82,27,-39,South and Islands,1,1,0.36659497
1034441,0,0,0,56199.633,10.936666,University,66,11,121,South and Islands,3,0,0.08101327
1034449,0,0,0,54036.05,10.897407,Upper secondary,64,9,81,South and Islands,3,0,0.08466528
1034463,0,0,0,30005.6,10.309139,Upper secondary,58,3,9,South and Islands,2,1,0.30349177
1034488,0,0,0,45048.402,10.715493,University,47,-8,64,South and Islands,2,0,0.14882816
1034500,0,0,0,57842.89,10.965486,Lower secondary,42,-13,-87,South and Islands,4,0,0.45022866
1034505,0,0,0,50635.7,10.832412,Upper secondary,66,11,121,South and Islands,2,0,0.28356355
1034510,0,0,0,21615.648,9.981173,University,70,15,-31,South and Islands,1,1,1.6828939
1034520,0,0,0,32065.037,10.375522,Primary or less,77,22,-28,South and Islands,3,1,2.4756153
1034533,0,0,0,36200.0,10.496815,Lower secondary,49,-6,36,South and Islands,4,0,2.1031368
1034535,0,0,0,29053.838,10.276906,Upper secondary,48,-7,49,South and Islands,5,0,2.855999
1034537,0,0,0,24269.01,10.096955,Upper secondary,44,-11,121,South and Islands,4,0,4.421094
1034540,0,0,0,4950.0,8.507143,Primary or less,55,0,0,South and Islands,1,0,3.556985
1034541,0,0,0,11900.0,9.384294,Upper secondary,44,-11,121,South and Islands,1,1,3.6727564
1034551,0,0,0,62304.703,11.039792,Primary or less,76,21,-71,South and Islands,2,0,0.67769045
1034557,0,0,0,52323.52,10.865201,Lower secondary,60,5,25,South and Islands,3,0,0.9527296
1034574,0,0,0,95814.2,11.470166,Upper secondary,55,0,0,South and Islands,4,0,0.88929486
1034585,0,0,0,14852.509,9.605924,Lower secondary,66,11,121,South and Islands,2,0,5.0697336
1034608,0,0,0,130948.59,11.78256,University,50,-5,25,South and Islands,1,0,0.04933846
1034631,0,0,0,24954.268,10.1248,Upper secondary,47,-8,64,South and Islands,2,1,0.4781208
1034634,1,1,0,41396.24,10.630945,Upper secondary,65,10,100,South and Islands,1,0,0.28454196
1034645,0,0,0,8701.001,9.071194,Lower secondary,75,20,-112,South and Islands,1,1,0.16723907
1034656,0,0,0,48846.86,10.796446,Upper secondary,58,3,9,South and Islands,2,0,0.25096768
1034683,0,0,0,35610.92,10.480408,Upper secondary,86,31,-63,South and Islands,1,1,0.28810275
1034699,0,0,0,167911.17,12.031191,University,79,24,64,South and Islands,2,0,0.013890821
1034710,0,0,0,12634.637,9.444198,Lower secondary,78,23,17,South and Islands,1,0,0.29470977
1034711,0,0,0,41947.953,10.644185,Upper secondary,71,16,0,South and Islands,2,0,0.06240224
1034735,0,0,0,62981.566,11.050597,University,74,19,105,South and Islands,3,0,0.033133954
1034745,1,1,0,68473.84,11.134207,University,63,8,64,South and Islands,1,0,0.24876493
1034758,0,0,0,47604.094,10.770674,Upper secondary,76,21,-71,South and Islands,2,0,0.22819296
1034773,0,0,0,21603.113,9.980593,Lower secondary,71,16,0,South and Islands,2,1,0.3560239
1034778,0,0,0,33136.74,10.408398,Lower secondary,79,24,64,South and Islands,1,0,0.27477318
1034785,0,0,0,75962.19,11.237991,Upper secondary,68,13,-87,South and Islands,3,0,0.054594103
1034788,0,0,0,31869.562,10.369407,Upper secondary,86,31,-63,South and Islands,1,1,0.28866965
1034794,0,0,0,112590.35,11.631512,University,74,19,105,South and Islands,2,0,0.04381115
1034831,0,0,0,55302.426,10.920572,Upper secondary,45,-10,100,South and Islands,3,1,0.064646944
1034855,0,0,0,26550.729,10.186812,Upper secondary,76,21,-71,South and Islands,2,0,0.18014392
1034868,0,0,0,31601.025,10.360945,Primary or less,87,32,0,South and Islands,3,1,0.054843027
1034886,0,0,0,60023.992,11.0025,Upper secondary,68,13,-87,South and Islands,2,0,0.040330753
1034888,0,0,0,61524.434,11.027189,Upper secondary,68,13,-87,South and Islands,3,0,0.05705133
1034895,0,0,0,59935.867,11.00103,Upper secondary,80,25,113,South and Islands,2,0,0.041915
1034902,0,0,0,39643.293,10.587677,University,62,7,49,South and Islands,2,1,0.093504086
1034904,1,1,0,139932.6,11.848916,University,70,15,-31,South and Islands,2,0,0.021678953
1034910,1,1,0,159738.38,11.981293,Upper secondary,68,13,-87,South and Islands,4,0,0.06495048
1034916,0,0,0,80391.16,11.29466,Upper secondary,65,10,100,South and Islands,2,0,0.040938586
1034934,0,0,0,40818.47,10.61689,Upper secondary,66,11,121,South and Islands,1,0,0.07706678
1034938,0,0,0,64032.168,11.067141,Upper secondary,59,4,16,South and Islands,2,0,0.21844158
1034945,0,0,0,59200.0,10.988677,University,67,12,-112,South and Islands,1,1,0.2167585
1034966,0,0,0,58517.203,10.977077,University,68,13,-87,South and Islands,3,0,0.05094571
1034978,0,0,0,22016.896,9.999565,University,61,6,36,South and Islands,1,1,0.21400858
1034979,0,0,0,72294.195,11.188499,Upper secondary,53,-2,4,South and Islands,4,1,0.076844074
1034990,0,0,0,57125.984,10.953014,University,37,-18,68,South and Islands,4,1,0.26623157
1035001,0,0,0,45150.625,10.717759,University,71,16,0,South and Islands,1,0,0.043913588
1035016,0,0,0,64991.137,11.082006,Upper secondary,49,-6,36,South and Islands,4,1,0.09554442
1035021,0,0,0,47294.883,10.764157,Upper secondary,62,7,49,South and Islands,2,1,0.042548727
1035025,0,0,0,115304.76,11.655334,University,56,1,1,South and Islands,2,1,0.04068272
1035049,0,0,0,55317.754,10.920849,Upper secondary,59,4,16,South and Islands,4,0,0.079108156
1035052,0,0,0,76325.22,11.242759,University,60,5,25,South and Islands,4,0,0.2694069
1035060,0,0,0,62132.434,11.037024,University,57,2,4,South and Islands,1,1,0.12959217
1035071,0,0,0,35670.484,10.482079,University,75,20,-112,South and Islands,1,1,0.20663999
1035072,0,0,0,10627.598,9.27121,Upper secondary,50,-5,25,South and Islands,2,1,0.51161045
1035077,0,0,0,51659.24,10.852425,University,42,-13,-87,South and Islands,3,0,0.32988188
1035083,0,0,0,134453.92,11.808977,University,51,-4,16,South and Islands,4,0,0.046807166
1035088,0,0,0,55892.367,10.931183,University,54,-1,1,South and Islands,1,1,0.3981866
1035103,0,0,0,59833.555,10.999322,University,43,-12,-112,South and Islands,3,1,0.107609086
1035122,0,0,0,79355.83,11.281697,University,65,10,100,South and Islands,2,1,0.2013688
1035125,0,0,0,29510.725,10.292509,Upper secondary,63,8,64,South and Islands,1,0,0.16071098
1035138,0,0,0,32161.31,10.378519,University,42,-13,-87,South and Islands,1,1,0.12524183
1035140,0,0,0,112548.01,11.631135,University,56,1,1,South and Islands,1,0,0.06121388
1035143,0,0,0,29514.957,10.292652,University,49,-6,36,South and Islands,2,1,0.40539095
1035153,0,0,0,109121.64,11.600219,Upper secondary,63,8,64,South and Islands,4,0,0.05626132
1035154,0,0,0,157059.8,11.964382,University,39,-16,0,South and Islands,5,0,0.46673098
1035160,1,1,0,29099.307,10.27847,University,45,-10,100,South and Islands,1,1,0.31706125
1035162,0,0,0,60163.035,11.004813,University,53,-2,4,South and Islands,5,0,0.11018079
1035163,0,0,0,40124.043,10.599731,University,75,20,-112,South and Islands,1,1,0.21388005
1035217,0,0,0,13201.437,9.488081,Upper secondary,25,-30,-124,South and Islands,1,1,0.8152833
1035221,0,0,0,25536.11,10.147849,Upper secondary,41,-14,-60,South and Islands,1,1,0.6734006
1035222,0,0,0,103056.125,11.543029,University,50,-5,25,South and Islands,4,1,0.062486134
1035228,0,0,0,32611.8,10.392429,Primary or less,72,17,33,South and Islands,1,1,0.31088337
1035283,1,1,0,22810.158,10.034962,University,46,-9,81,South and Islands,3,0,0.07543714
1035320,0,0,0,7100.424,8.867909,Upper secondary,31,-24,64,South and Islands,1,1,1.0092337
1035331,0,0,0,27477.463,10.221122,Upper secondary,57,2,4,South and Islands,1,1,0.06518875
1035351,0,0,0,42618.64,10.660048,Lower secondary,67,12,-112,South and Islands,4,0,0.060012933
1035360,0,0,0,38135.965,10.548913,Upper secondary,76,21,-71,South and Islands,1,1,0.64508826
1035371,0,0,0,71409.45,11.176186,Upper secondary,64,9,81,South and Islands,4,1,0.10678506
1035375,0,0,0,24704.318,10.114734,Upper secondary,56,1,1,South and Islands,4,0,0.84787214
1035389,0,0,0,37711.52,10.537721,Upper secondary,49,-6,36,South and Islands,4,1,0.993328
1035398,0,0,0,12501.681,9.433619,Upper secondary,47,-8,64,South and Islands,1,0,0.7138687
1035426,0,0,0,14923.469,9.61069,Upper secondary,34,-21,-71,South and Islands,1,0,1.21985
1035433,0,0,0,39209.234,10.576668,Lower secondary,63,8,64,South and Islands,2,0,0.19264956
1035460,0,0,0,74699.61,11.2212305,Upper secondary,41,-14,-60,South and Islands,4,1,0.061100353
1035481,0,0,0,13910.586,9.540405,Primary or less,74,19,105,South and Islands,3,1,0.05865605
1035495,0,0,0,34280.355,10.4423275,Upper secondary,71,16,0,South and Islands,3,0,0.05528511
1035518,0,0,0,76423.66,11.244047,University,87,32,0,South and Islands,2,0,0.03988707
1035521,0,0,0,8439.0,9.040619,Primary or less,69,14,-60,South and Islands,2,0,0.09958544
1035529,0,0,0,13802.631,9.532615,Primary or less,72,17,33,South and Islands,1,1,0.2192829
1035539,0,0,0,98435.08,11.497152,Lower secondary,58,3,9,South and Islands,3,0,0.23783377
1035546,0,0,0,2154.4468,7.675289,Lower secondary,67,12,-112,South and Islands,3,0,0.28293622
1035560,0,0,0,40878.883,10.618369,Upper secondary,54,-1,1,South and Islands,3,1,0.22118092
1035561,0,0,0,64503.16,11.07447,Upper secondary,58,3,9,South and Islands,3,0,0.06333056
1035569,0,0,0,33631.082,10.423206,Upper secondary,51,-4,16,South and Islands,3,1,0.054256365
1035599,0,0,0,58007.387,10.968326,University,47,-8,64,South and Islands,4,1,0.067996524
1035604,0,0,0,53803.832,10.8931,Upper secondary,53,-2,4,South and Islands,4,1,0.09449247
1035614,0,0,0,28999.395,10.27503,University,54,-1,1,South and Islands,1,1,0.02054251
1035642,0,0,0,14284.749,9.566948,Lower secondary,58,3,9,South and Islands,3,1,0.20090054
1035683,0,0,0,27605.018,10.225753,Upper secondary,66,11,121,South and Islands,2,0,0.13178673
1035687,0,0,0,98513.88,11.497952,Upper secondary,50,-5,25,South and Islands,5,1,0.1827053
1035699,0,0,0,22804.406,10.034709,Upper secondary,44,-11,121,South and Islands,1,1,0.6640765
1035703,0,0,0,21608.52,9.980843,Upper secondary,33,-22,-28,South and Islands,2,1,0.56665295
1035714,0,0,0,22698.137,10.030038,Primary or less,75,20,-112,South and Islands,2,1,0.13536969
1035735,0,0,0,80358.42,11.294252,Upper secondary,56,1,1,South and Islands,5,0,0.064704195
1035738,0,0,0,37500.0,10.532096,Upper secondary,58,3,9,South and Islands,4,0,0.2196476
1035748,0,0,0,40558.727,10.610506,Lower secondary,57,2,4,South and Islands,3,0,0.047786433
1035756,0,0,0,41060.0,10.622789,Lower secondary,62,7,49,South and Islands,2,0,0.046009865
1035769,0,0,0,63815.68,11.063754,Upper secondary,66,11,121,South and Islands,2,0,0.064904846
1035771,0,0,0,47521.953,10.768947,Upper secondary,62,7,49,South and Islands,2,1,0.038418077
1035781,0,0,0,45850.746,10.733147,Upper secondary,56,1,1,South and Islands,5,0,0.08710171
1035810,0,0,0,36210.0,10.49709,Upper secondary,45,-10,100,South and Islands,3,1,0.34109426
1035812,0,0,0,13895.0,9.539285,University,82,27,-39,South and Islands,1,0,0.08303625
1035846,0,0,0,61257.348,11.02284,Lower secondary,62,7,49,South and Islands,3,0,0.44608384
1035853,0,0,0,54066.918,10.897978,Upper secondary,76,21,-71,South and Islands,3,1,0.36555856
1035896,0,0,0,60625.387,11.012469,University,50,-5,25,South and Islands,4,0,1.1562009
1035903,0,0,0,53910.74,10.895085,Upper secondary,41,-14,-60,South and Islands,3,0,2.4298062
1035910,0,0,0,41197.098,10.626123,Primary or less,81,26,-92,North,2,0,2.1626568
1035912,0,0,0,33524.496,10.420032,Lower secondary,79,24,64,North,2,0,2.2239046
1035922,0,0,0,56562.61,10.943104,Upper secondary,53,-2,4,North,4,1,3.9169366
1035929,0,0,0,56016.3,10.933398,Upper secondary,49,-6,36,North,4,0,4.093987
1035942,0,0,0,52107.855,10.861071,Upper secondary,35,-20,-112,North,2,0,3.8824153
1036015,0,0,0,48990.164,10.799375,University,54,-1,1,North,3,0,0.25153562
1036037,0,0,0,43524.836,10.6810875,Upper secondary,52,-3,9,North,3,0,2.0030315
1036046,0,0,0,73583.984,11.2061825,University,40,-15,-31,North,2,1,0.94712174
1036077,0,0,0,138100.0,11.835733,University,68,13,-87,South and Islands,2,0,0.035937525
1036085,0,0,0,59353.137,10.991261,Upper secondary,80,25,113,South and Islands,2,0,0.037759446
1036092,0,0,0,33133.98,10.408315,Upper secondary,63,8,64,South and Islands,3,0,0.06414486
1036093,0,0,0,64425.438,11.073264,Upper secondary,61,6,36,South and Islands,2,1,0.11323533
1036102,0,0,0,69872.26,11.154424,Upper secondary,71,16,0,South and Islands,2,0,0.10318355
1036115,1,0,1,80417.97,11.294993,University,64,9,81,South and Islands,2,1,0.16009964
1036119,0,0,0,35111.918,10.466296,Upper secondary,38,-17,33,South and Islands,5,1,0.12746537
1036129,0,0,0,38106.953,10.548152,University,49,-6,36,South and Islands,4,1,0.16484328
1036130,0,0,0,57048.645,10.951659,University,50,-5,25,South and Islands,3,0,0.38492802
1036136,0,0,0,6000.627,8.699619,Upper secondary,35,-20,-112,South and Islands,2,1,0.47090206
1036150,0,0,0,25565.656,10.149005,Lower secondary,61,6,36,South and Islands,3,0,0.2643383
1036155,0,0,0,37900.0,10.5427065,Upper secondary,70,15,-31,South and Islands,5,0,0.18601577
1036157,0,0,0,37456.695,10.530941,Primary or less,86,31,-63,South and Islands,3,1,0.15051445
1036160,0,0,0,60422.242,11.009112,Upper secondary,41,-14,-60,South and Islands,5,0,0.1405394
1036172,0,0,0,79227.14,11.280074,Upper secondary,85,30,-124,South and Islands,4,0,0.14092766
1036174,0,0,0,48757.29,10.79461,Lower secondary,63,8,64,South and Islands,3,1,0.1827176
1036198,0,0,0,17905.166,9.792845,Lower secondary,85,30,-124,South and Islands,1,1,0.36744532
1036209,0,0,0,22124.562,10.004444,Lower secondary,58,3,9,South and Islands,4,0,0.17254876
1036215,0,0,0,12500.0,9.433484,Primary or less,59,4,16,South and Islands,1,0,0.20432936
1036219,0,0,0,36284.01,10.499132,Upper secondary,54,-1,1,South and Islands,4,0,0.5194255
1036250,0,0,0,26709.324,10.192768,Upper secondary,77,22,-28,South and Islands,1,0,0.3430532
1036251,0,0,0,21335.492,9.968127,Upper secondary,74,19,105,South and Islands,1,1,0.37765974
1036274,0,0,0,14001.223,9.5469,University,30,-25,113,South and Islands,1,1,0.5039929
1036283,1,1,1,118864.41,11.685739,University,47,-8,64,North,4,1,0.6944074
1036319,0,0,0,25294.955,10.13836,Upper secondary,48,-7,49,North,1,1,1.2924118
1036321,1,1,0,105489.36,11.566365,Upper secondary,66,11,121,North,2,1,0.068961814
1036322,0,0,0,40430.473,10.607339,Upper secondary,79,24,64,North,2,0,0.5177308
1036354,0,0,0,64384.34,11.072626,Upper secondary,31,-24,64,North,3,0,2.2469525
1036358,0,0,0,22402.822,10.016942,Primary or less,83,28,16,North,1,0,0.45164952
1036378,0,0,0,23728.85,10.074447,Upper secondary,74,19,105,North,2,0,0.6889815
1036387,0,0,0,53709.76,10.89135,Lower secondary,73,18,68,North,2,1,0.8318533
1036401,0,0,0,8009.4077,8.988372,Upper secondary,51,-4,16,North,1,1,1.2395948
1036408,0,0,0,17100.0,9.746834,Upper secondary,63,8,64,North,1,0,0.98273396
1036410,1,1,0,32129.652,10.377535,University,51,-4,16,North,1,0,1.7822341
1036412,0,0,0,103851.31,11.550715,University,42,-13,-87,North,2,1,0.03601071
1036430,0,0,0,14000.313,9.546835,Primary or less,47,-8,64,North,1,0,2.021186
1036433,0,0,0,39447.04,10.582714,Upper secondary,46,-9,81,North,3,0,2.8288565
1036471,0,0,0,177859.3,12.088748,University,80,25,113,North,2,0,0.026980596
1036584,1,1,0,120967.84,11.70328,University,51,-4,16,North,1,0,1.871548
1036602,1,1,1,93289.49,11.443462,University,65,10,100,North,1,0,0.03521369
1036631,0,0,0,23807.56,10.077759,Primary or less,78,23,17,North,2,0,0.77996445
1036667,0,0,0,17225.262,9.754132,Primary or less,86,31,-63,North,1,1,0.6630637
1036729,1,1,0,89633.64,11.403486,Upper secondary,55,0,0,North,3,0,0.80639386
1036924,1,1,0,52265.727,10.864096,Upper secondary,34,-21,-71,North,3,0,1.4593198
1036931,1,1,0,51738.39,10.853955,Upper secondary,31,-24,64,North,2,1,1.3331397
1036932,1,1,0,18254.62,9.812174,University,26,-29,73,North,1,1,3.1155255
1036961,0,0,0,40121.953,10.599679,Upper secondary,89,34,-124,Centre,2,0,1.1499822
1036971,0,0,0,23080.0,10.046721,Upper secondary,79,24,64,Centre,2,0,1.2123679
1036979,0,0,0,67531.57,11.120351,Lower secondary,72,17,33,Centre,4,1,0.43381855
1036981,0,0,0,227914.44,12.336725,University,44,-11,121,Centre,4,0,0.2553919
1036995,0,0,0,55819.516,10.929879,Upper secondary,71,16,0,Centre,1,0,1.2882092
1036996,1,0,1,21840.879,9.991539,Primary or less,69,14,-60,Centre,2,0,0.8975155
1037016,0,0,0,51371.605,10.846841,Lower secondary,58,3,9,Centre,4,0,0.6780641
1037020,1,1,0,330082.38,12.707098,University,55,0,0,Centre,4,0,0.17635459
1037044,0,0,0,77448.02,11.257362,Upper secondary,52,-3,9,Centre,2,0,2.0102506
1037121,0,0,0,18109.408,9.804187,Primary or less,69,14,-60,South and Islands,3,0,0.26276693
1037141,0,0,0,25115.68,10.1312475,Lower secondary,71,16,0,South and Islands,2,1,0.15912443
1037157,0,0,0,8320.0,9.026418,Primary or less,68,13,-87,South and Islands,2,0,0.51996356
1037159,0,0,0,47862.72,10.776093,Upper secondary,72,17,33,South and Islands,2,0,0.09845392
1037161,0,0,0,40221.953,10.602168,Upper secondary,51,-4,16,South and Islands,3,0,0.14717075
1037165,0,0,0,57326.246,10.956513,University,61,6,36,South and Islands,2,0,0.11186443
1037169,0,0,0,38747.04,10.56481,Upper secondary,60,5,25,South and Islands,3,0,0.21282321
1037183,0,0,0,69555.6,11.149881,University,58,3,9,South and Islands,3,0,0.20639336
1037205,0,0,0,18695.68,9.836048,Lower secondary,46,-9,81,South and Islands,4,0,1.1345353
1037210,1,1,0,67939.555,11.126373,University,50,-5,25,South and Islands,5,0,0.27436823
1037269,0,0,0,59294.08,10.990265,Upper secondary,71,16,0,South and Islands,2,0,1.3728071
1037270,1,0,1,42598.695,10.659579,University,57,2,4,South and Islands,5,0,1.8370675
1037271,0,0,0,24101.88,10.090045,Lower secondary,57,2,4,South and Islands,3,0,3.9898703
1037280,0,0,0,11821.951,9.377713,Lower secondary,47,-8,64,South and Islands,1,0,8.023832
1037283,0,0,0,20509.408,9.928639,Upper secondary,54,-1,1,South and Islands,2,0,4.0990067
1037292,0,0,0,37568.992,10.533935,Upper secondary,67,12,-112,South and Islands,2,0,0.2608734
1037319,0,0,0,25026.656,10.127697,Lower secondary,60,5,25,South and Islands,3,0,0.36922732
1037341,0,0,0,30620.625,10.329429,Upper secondary,45,-10,100,South and Islands,5,0,1.1250426
1037349,0,0,0,24050.19,10.087898,Upper secondary,38,-17,33,South and Islands,3,0,1.8669623
1037366,0,0,0,48064.67,10.780303,University,74,19,105,South and Islands,1,1,0.41611308
1037392,1,1,1,353903.1,12.776778,University,73,18,68,North,2,1,4.392805
1037427,0,0,0,41232.53,10.626983,Lower secondary,77,22,-28,North,2,0,0.7663358
1037435,1,1,1,127324.44,11.754494,Upper secondary,59,4,16,North,4,0,0.44654006
1037443,0,0,0,28049.37,10.241721,Lower secondary,52,-3,9,North,4,0,1.2899486
1037455,0,0,0,24707.84,10.114876,Upper secondary,85,30,-124,North,1,1,0.88853544
1037458,0,0,0,36809.406,10.513509,Lower secondary,42,-13,-87,North,4,0,1.6279997
1037460,1,1,0,40322.81,10.604672,Upper secondary,40,-15,-31,North,1,0,1.2102973
1037476,0,0,0,41035.945,10.622204,Upper secondary,57,2,4,North,3,1,0.7720506
1037480,0,0,0,24754.703,10.116771,Lower secondary,47,-8,64,North,3,0,1.3578568
1037501,0,0,0,26681.36,10.191721,Lower secondary,75,20,-112,North,1,0,0.9502934
1037513,0,0,0,23011.664,10.0437565,Upper secondary,65,10,100,North,1,0,0.48629403
1037515,0,0,0,84272.65,11.341813,University,65,10,100,North,6,0,0.25632977
1037527,1,1,1,72914.18,11.197039,University,57,2,4,North,3,0,0.31868678
1037538,0,0,0,34085.902,10.436639,University,71,16,0,North,1,0,0.71928006
1037543,1,0,1,66633.64,11.106965,Upper secondary,57,2,4,North,4,0,0.13498744
1037576,0,0,0,37273.312,10.526032,Upper secondary,65,10,100,North,2,0,4.2276583
1037588,0,0,0,70633.51,11.16526,Upper secondary,64,9,81,North,4,0,6.8027234
1037608,0,0,0,31747.04,10.365555,Upper secondary,68,13,-87,North,1,0,1.279012
1037614,0,0,0,54794.08,10.911338,Upper secondary,66,11,121,North,2,0,0.9324326
1037636,0,0,0,125413.59,11.739372,University,39,-16,0,North,1,0,0.5916357
1037646,0,0,0,101434.0,11.5271635,University,59,4,16,North,2,0,0.25314498
1037647,0,0,0,75737.234,11.235025,University,53,-2,4,North,2,0,1.1423131
1037654,0,0,0,64202.938,11.069804,University,49,-6,36,North,3,0,1.7451831
1037678,0,0,0,68802.94,11.139002,University,59,4,16,North,2,0,0.5498667
1037750,0,0,0,60505.55,11.01049,Upper secondary,69,14,-60,North,3,0,0.9153282
1037761,1,1,0,45956.613,10.735453,Upper secondary,83,28,16,North,1,0,0.97440183
1037768,0,0,0,51447.04,10.848309,University,85,30,-124,North,2,0,0.2477459
1037776,1,1,1,91819.05,11.427575,Upper secondary,65,10,100,North,2,0,0.83648306
1037810,0,0,0,12004.704,9.393054,Lower secondary,54,-1,1,North,1,1,0.6975532
1037827,0,0,0,28022.002,10.240746,Upper secondary,50,-5,25,North,1,1,0.62385905
1037845,1,1,1,64767.32,11.078556,University,62,7,49,North,2,0,0.7534235
1037850,0,0,0,20266.355,9.916718,Lower secondary,48,-7,49,North,4,0,1.5299134
1037893,0,0,0,10002.603,9.210601,Lower secondary,36,-19,105,North,1,0,1.8826207
1037914,0,0,0,28720.68,10.265372,Primary or less,88,33,65,North,2,0,0.48978046
1037943,0,0,0,42239.832,10.651119,Upper secondary,59,4,16,North,3,0,0.45899314
1037953,1,0,1,51635.055,10.851956,University,53,-2,4,North,1,0,0.81265336
1037954,0,0,0,51971.117,10.858443,Upper secondary,41,-14,-60,North,4,0,0.9579841
1037959,0,0,0,57580.09,10.960932,Lower secondary,36,-19,105,North,3,0,1.0710055
1037965,0,0,0,92163.266,11.431317,University,42,-13,-87,North,4,0,0.90521145
1037978,0,0,0,44515.68,10.703597,Lower secondary,30,-25,113,North,3,0,1.3363277
1037983,0,0,0,31824.557,10.367993,Primary or less,91,36,16,Centre,2,0,3.591142
1037987,0,0,0,45495.81,10.725375,Lower secondary,58,3,9,Centre,4,0,3.1478624
1037988,0,0,0,33024.73,10.405012,Primary or less,66,11,121,Centre,4,1,6.207887
1038000,0,0,0,66888.375,11.110781,Upper secondary,64,9,81,Centre,4,0,4.835532
1038027,0,0,0,36706.633,10.510713,University,68,13,-87,Centre,1,0,0.22207025
1038034,0,0,0,45021.953,10.714906,Lower secondary,84,29,73,Centre,2,0,0.2033893
1038043,0,0,0,42340.94,10.65351,Upper secondary,51,-4,16,Centre,4,0,1.4549166
1038073,0,0,0,18793.52,9.841268,Upper secondary,56,1,1,Centre,1,0,4.378622
1038085,0,0,0,44145.105,10.695237,Upper secondary,63,8,64,Centre,3,1,3.3946502
1038095,0,0,0,15604.719,9.655329,Lower secondary,58,3,9,Centre,6,0,5.590143
1038097,1,0,0,65193.996,11.085123,University,61,6,36,Centre,3,0,2.1525383
1038104,0,0,0,31247.04,10.34968,Upper secondary,68,13,-87,South and Islands,2,1,0.14287782
1038108,0,0,0,32909.406,10.401514,Upper secondary,56,1,1,South and Islands,2,1,0.5954499
1038110,0,0,0,16560.0,9.7147455,Primary or less,70,15,-31,South and Islands,2,1,0.07746958
1038112,0,0,0,71015.68,11.170656,Upper secondary,65,10,100,South and Islands,4,1,0.11566253
1038113,0,0,0,20431.36,9.924827,Primary or less,66,11,121,South and Islands,2,1,0.31894058
1038116,0,0,0,30015.68,10.309475,Lower secondary,41,-14,-60,South and Islands,2,1,0.6191037
1038135,0,0,0,9607.84,9.170335,Lower secondary,73,18,68,South and Islands,2,0,0.24230485
1038143,0,0,0,20215.68,9.914214,Primary or less,63,8,64,South and Islands,2,1,0.4982794
1038146,0,0,0,20431.36,9.924827,Primary or less,77,22,-28,South and Islands,2,1,0.31140324
1038161,0,0,0,28002.822,10.240061,Lower secondary,63,8,64,South and Islands,3,1,0.09853729
1038168,0,0,0,19231.36,9.864298,Primary or less,82,27,-39,South and Islands,1,0,0.0926045
1038181,0,0,0,24847.04,10.120494,Lower secondary,58,3,9,South and Islands,2,1,0.24993993
1038185,0,0,0,46462.72,10.746406,Primary or less,63,8,64,South and Islands,4,1,0.12302011
1038188,0,0,0,58031.36,10.968739,Primary or less,60,5,25,South and Islands,4,1,0.09300759
1038193,0,0,0,43431.36,10.678937,Primary or less,60,5,25,South and Islands,3,1,0.072181046
1038205,0,0,0,21000.0,9.952278,Primary or less,58,3,9,South and Islands,4,1,0.47161782
1038212,0,0,0,31007.84,10.341995,Primary or less,56,1,1,South and Islands,4,1,0.11168914
1038214,0,0,0,40047.04,10.59781,Primary or less,52,-3,9,South and Islands,3,1,0.14271265
1038218,0,0,0,40015.68,10.597027,Lower secondary,53,-2,4,South and Islands,5,1,0.12665628
1038233,0,0,0,36015.68,10.49171,Upper secondary,67,12,-112,South and Islands,3,0,0.118524134
1038235,0,0,0,37221.953,10.524654,Lower secondary,51,-4,16,South and Islands,3,1,0.5290357
1038238,0,0,0,37916.414,10.543139,Lower secondary,55,0,0,South and Islands,3,0,0.13761832
1038245,0,0,0,40115.68,10.599523,Upper secondary,48,-7,49,South and Islands,5,1,0.1715345
1038246,0,0,0,74859.586,11.22337,Lower secondary,45,-10,100,South and Islands,4,1,0.15129551
1038257,0,0,0,81094.08,11.303366,Upper secondary,22,-33,65,South and Islands,4,1,0.22702837
1038270,0,0,0,33521.953,10.419956,Lower secondary,52,-3,9,South and Islands,5,1,0.11863808
1038272,0,0,0,53431.36,10.886153,Upper secondary,49,-6,36,South and Islands,4,1,0.5490565
1038278,0,0,0,28631.36,10.262258,Lower secondary,43,-12,-112,South and Islands,5,0,0.593618
1038281,0,0,0,89331.36,11.400108,Upper secondary,55,0,0,South and Islands,3,0,0.20341063
1038285,0,0,0,59414.113,10.992287,Upper secondary,22,-33,65,South and Islands,4,0,0.09389334
1038307,1,1,0,44782.617,10.709576,University,46,-9,81,South and Islands,2,0,0.48924327
1038314,0,0,0,11403.136,9.341643,Lower secondary,40,-15,-31,South and Islands,2,1,0.58727735
1038323,0,0,0,42200.0,10.650175,University,64,9,81,South and Islands,1,0,0.27326235
1038331,0,0,0,82631.36,11.3221445,Primary or less,53,-2,4,South and Islands,5,1,0.13506706
1038335,0,0,0,12735.68,9.452163,Lower secondary,53,-2,4,South and Islands,1,0,1.0228233
1038336,0,0,0,16585.79,9.716302,Lower secondary,81,26,-92,South and Islands,2,0,0.07126339
1038337,0,0,0,17159.408,9.750302,Primary or less,74,19,105,South and Islands,2,0,0.30756858
1038338,1,1,0,29462.516,10.2908745,University,76,21,-71,South and Islands,2,0,0.14024447
1038339,0,0,0,13412.171,9.503918,Lower secondary,84,29,73,South and Islands,2,0,0.08367569
1038340,0,0,0,6500.0,8.779557,Primary or less,71,16,0,South and Islands,1,1,0.52676463
1038346,0,0,0,18052.508,9.80104,Upper secondary,87,32,0,South and Islands,1,1,0.2155708
1038367,0,0,0,7610.0,8.937219,Lower secondary,65,10,100,South and Islands,2,0,0.3130647
1038374,0,0,0,10755.136,9.283138,Upper secondary,64,9,81,South and Islands,1,1,0.09570405
1038378,0,0,0,18721.97,9.837453,Lower secondary,64,9,81,South and Islands,2,0,0.053762924
1038386,0,0,0,37262.72,10.525748,Primary or less,74,19,105,South and Islands,3,0,0.08692706
1038394,0,0,0,10409.408,9.250465,Lower secondary,72,17,33,South and Islands,2,0,0.40756175
1038397,0,0,0,11450.94,9.345827,Primary or less,75,20,-112,South and Islands,1,1,0.52676463
1038400,0,0,0,13951.568,9.543347,Lower secondary,65,10,100,South and Islands,2,1,0.30920574
1038402,0,0,0,38617.84,10.56147,Primary or less,62,7,49,South and Islands,4,1,0.15108716
1038411,0,0,0,68450.23,11.1338625,University,68,13,-87,South and Islands,1,1,0.037815984
1038419,0,0,0,38258.332,10.552116,Upper secondary,67,12,-112,South and Islands,2,0,0.06040055
1038425,0,0,0,30500.0,10.325482,University,70,15,-31,South and Islands,2,0,0.13862565
1038432,0,0,0,38631.36,10.56182,Upper secondary,62,7,49,South and Islands,3,0,0.090464845
1038435,0,0,0,23157.373,10.050069,Upper secondary,59,4,16,South and Islands,2,0,0.17870131
1038437,0,0,0,63325.086,11.056037,Primary or less,56,1,1,South and Islands,5,0,0.11301778
1038440,0,0,0,58420.383,10.97542,Upper secondary,61,6,36,South and Islands,5,0,0.10830735
1038444,0,0,0,43804.703,10.687496,Lower secondary,50,-5,25,South and Islands,4,0,0.13288628
1038450,0,0,0,68604.7,11.136116,Lower secondary,55,0,0,South and Islands,6,0,0.13560568
1038454,0,0,0,86410.98,11.36687,Upper secondary,58,3,9,South and Islands,4,1,0.0687535
1038462,0,0,0,11701.568,9.367478,Primary or less,78,23,17,South and Islands,2,0,0.30077237
1038463,0,0,0,27807.84,10.233073,Primary or less,50,-5,25,South and Islands,3,0,0.1489827
1038465,0,0,0,33407.84,10.416546,Lower secondary,53,-2,4,South and Islands,5,0,0.11051437
1038467,0,0,0,26906.271,10.200114,Lower secondary,50,-5,25,South and Islands,3,0,0.16027854
1038468,1,1,0,37471.438,10.531334,Lower secondary,57,2,4,South and Islands,4,0,0.2967798
1038474,0,0,0,29115.68,10.279032,Lower secondary,59,4,16,South and Islands,5,0,0.09791882
1038494,0,0,0,8000.0,8.987197,Upper secondary,48,-7,49,South and Islands,3,0,0.11122218
1038497,0,0,0,12240.0,9.412464,Primary or less,49,-6,36,South and Islands,4,0,0.62279135
1038503,0,0,0,36815.68,10.5136795,Upper secondary,47,-8,64,South and Islands,4,0,0.26651096
1038511,0,0,0,32688.664,10.394784,Upper secondary,49,-6,36,South and Islands,4,0,0.21845789
1038513,0,0,0,112156.8,11.627653,University,39,-16,0,South and Islands,4,1,1.1258923
1038527,0,0,0,19209.408,9.863155,Lower secondary,53,-2,4,South and Islands,1,1,0.9330985
1038534,0,0,0,8001.0977,8.987334,Upper secondary,29,-26,-92,South and Islands,1,1,1.7011615
1038538,1,1,0,28859.238,10.270185,Upper secondary,32,-23,17,South and Islands,5,0,0.74073476
1038545,0,0,0,24508.139,10.106761,University,48,-7,49,South and Islands,1,0,0.38397688
1038546,0,0,0,43030.992,10.669676,Upper secondary,41,-14,-60,South and Islands,4,1,0.27965477
1038560,0,0,0,61411.72,11.025356,Lower secondary,74,19,105,South and Islands,2,0,0.13902721
1038564,0,0,0,16160.0,9.690294,Lower secondary,66,11,121,South and Islands,2,0,0.096399315
1038567,0,0,0,24094.893,10.089755,Lower secondary,55,0,0,South and Islands,4,0,0.45908308
1038591,0,0,0,24700.0,10.114558,Lower secondary,67,12,-112,South and Islands,3,0,0.14024334
1038600,0,0,0,38168.816,10.549774,Upper secondary,73,18,68,South and Islands,2,0,0.1730506
1038613,0,0,0,27795.387,10.232625,Lower secondary,46,-9,81,South and Islands,4,0,0.62856585
1038625,0,0,0,26691.568,10.192103,Primary or less,85,30,-124,South and Islands,2,1,0.55767804
1038631,1,1,0,77134.016,11.2533,Upper secondary,73,18,68,South and Islands,2,0,0.12924355
1038642,0,0,0,85631.36,11.357807,Upper secondary,70,15,-31,South and Islands,3,0,0.1264154
1038651,0,0,0,22917.354,10.03965,Lower secondary,56,1,1,South and Islands,3,0,0.13964422
1038656,0,0,0,16301.568,9.699017,Primary or less,83,28,16,South and Islands,1,1,0.48458537
1038664,0,0,0,52955.777,10.877213,Upper secondary,54,-1,1,South and Islands,2,0,0.27945283
1038668,0,0,0,72218.81,11.187456,Upper secondary,69,14,-60,South and Islands,2,0,0.14751779
1038677,0,0,0,16250.0,9.695848,Primary or less,76,21,-71,South and Islands,3,0,0.09441684
1038688,0,0,0,21320.314,9.967416,Lower secondary,65,10,100,South and Islands,2,0,0.28902876
1038702,0,0,0,54015.68,10.89703,Upper secondary,21,-34,-124,South and Islands,4,1,0.16278537
1038711,0,0,0,43278.4,10.675409,University,71,16,0,South and Islands,2,0,0.15949723
1038719,0,0,0,34815.68,10.457823,Lower secondary,61,6,36,South and Islands,4,0,0.16991015
1038722,0,0,0,30009.408,10.309266,Primary or less,60,5,25,South and Islands,4,0,0.17801593
1038728,0,0,0,62821.953,11.048059,Lower secondary,60,5,25,South and Islands,4,1,0.3036757
1038735,0,0,0,28815.68,10.268675,Lower secondary,59,4,16,South and Islands,2,0,0.11777366
1038748,0,0,0,67247.04,11.116128,Upper secondary,57,2,4,South and Islands,3,1,0.04156004
1038752,0,0,0,70581.51,11.164523,Upper secondary,62,7,49,South and Islands,4,0,0.1843473
1038756,0,0,0,19215.68,9.8634815,Lower secondary,59,4,16,South and Islands,2,0,0.31054178
1038758,1,1,0,39512.555,10.584373,University,78,23,17,South and Islands,2,0,0.16687657
1038767,0,0,0,25215.68,10.1352215,Lower secondary,58,3,9,South and Islands,3,0,0.18163761
1038768,0,0,0,37421.953,10.530013,University,53,-2,4,South and Islands,4,0,0.095212184
1038780,0,0,0,52820.383,10.874653,Primary or less,48,-7,49,South and Islands,4,1,0.36465994
1038789,0,0,0,57447.04,10.958619,University,50,-5,25,South and Islands,2,1,0.2712366
1038807,0,0,0,54031.36,10.89732,Upper secondary,53,-2,4,South and Islands,3,1,0.37417504
1038817,0,0,0,37212.72,10.5244055,University,38,-17,33,South and Islands,4,1,0.33056197
1038819,0,0,0,67011.65,11.112621,University,49,-6,36,South and Islands,3,0,0.089644454
1038825,0,0,0,63740.766,11.062579,Upper secondary,51,-4,16,South and Islands,4,0,0.5000815
1038844,0,0,0,20694.078,9.937603,Primary or less,83,28,16,South and Islands,1,1,0.29447412
1038862,0,0,0,27423.486,10.219155,Upper secondary,68,13,-87,South and Islands,2,0,0.17184606
1038866,0,0,0,15417.408,9.643252,Primary or less,74,19,105,South and Islands,1,0,0.2856479
1038887,1,1,0,290440.22,12.579153,Upper secondary,72,17,33,South and Islands,2,0,0.059565287
1038893,0,0,0,23677.262,10.07227,Upper secondary,74,19,105,South and Islands,1,1,0.29290983
1038917,0,0,0,27401.568,10.218355,Lower secondary,81,26,-92,South and Islands,5,0,0.07850931
1038939,0,0,0,62451.47,11.042145,Upper secondary,61,6,36,South and Islands,3,1,0.06799903
1038954,0,0,0,78194.2,11.266951,Upper secondary,77,22,-28,South and Islands,2,0,0.08811872
1038961,0,0,0,30293.764,10.318697,Primary or less,66,11,121,South and Islands,2,0,0.11071549
1038980,0,0,0,42265.0,10.651714,Upper secondary,74,19,105,South and Islands,2,0,0.20471807
1038999,0,0,0,52247.04,10.863738,Upper secondary,29,-26,-92,South and Islands,3,0,0.2099869
1039012,0,0,0,4200.3135,8.342915,Lower secondary,45,-10,100,South and Islands,5,0,0.63176185
1039039,0,0,0,25529.684,10.147597,Upper secondary,32,-23,17,South and Islands,3,0,1.2387109
1039048,0,0,0,53150.0,10.880874,Lower secondary,63,8,64,South and Islands,3,0,2.3631248
1039050,0,0,0,44762.113,10.709118,Lower secondary,73,18,68,South and Islands,3,0,3.5682278
1039068,0,0,0,12202.509,9.409397,Lower secondary,33,-22,-28,South and Islands,1,0,6.1408963
1039072,0,0,0,30508.398,10.325757,Upper secondary,73,18,68,South and Islands,2,0,1.507768
1039078,0,0,0,18809.408,9.842113,Lower secondary,67,12,-112,South and Islands,2,0,0.932648
1039084,0,0,0,16206.271,9.693153,Upper secondary,29,-26,-92,South and Islands,1,0,4.772113
1039087,0,0,0,22802.508,10.034626,Primary or less,91,36,16,South and Islands,1,1,1.5077695
1039096,0,0,0,19356.797,9.870799,Primary or less,79,24,64,South and Islands,2,0,1.2221509
1039102,0,0,0,51119.406,10.84192,Primary or less,55,0,0,South and Islands,4,0,2.0966442
1039104,0,0,0,57376.797,10.957396,Upper secondary,52,-3,9,South and Islands,3,0,2.0602865
1039121,0,0,0,18805.795,9.841921,Upper secondary,31,-24,64,Centre,1,1,2.4328644
1039122,0,0,0,30202.328,10.315675,Upper secondary,45,-10,100,North,1,1,1.4425553
1039123,1,1,0,34237.312,10.4410715,Upper secondary,27,-28,16,Centre,1,0,2.1310842
1039125,0,0,0,148358.58,11.907388,University,53,-2,4,Centre,1,1,1.737739
1039126,0,0,0,42154.637,10.6491,Upper secondary,28,-27,-39,North,1,0,0.90518594
1039128,0,0,0,24821.951,10.119484,Upper secondary,36,-19,105,Centre,4,1,8.25953
1039131,0,0,0,10907.286,9.297186,Upper secondary,26,-29,73,South and Islands,1,1,0.9431022
1039138,1,1,1,28482.215,10.257035,Upper secondary,33,-22,-28,South and Islands,1,0,1.2435011
1039139,1,1,0,22132.697,10.004811,Upper secondary,25,-30,-124,Centre,2,1,1.824426
1039161,1,1,1,48713.766,10.793717,University,57,2,4,South and Islands,4,0,0.3893722
1039168,0,0,0,12648.29,9.445277,Upper secondary,42,-13,-87,South and Islands,1,1,0.16501562
1039179,0,0,0,35702.508,10.482976,Lower secondary,57,2,4,South and Islands,4,1,0.35301873
1039188,0,0,0,80183.46,11.292072,Upper secondary,48,-7,49,Centre,3,0,0.5564213
1039189,0,0,0,23015.68,10.043931,Lower secondary,69,14,-60,South and Islands,2,1,0.38006794
1039190,0,0,0,22719.096,10.030961,Upper secondary,21,-34,-124,North,1,0,1.0669017
1039192,0,0,0,33021.953,10.404928,Upper secondary,59,4,16,North,2,0,1.7248117
1039195,0,0,0,21417.875,9.971981,Lower secondary,54,-1,1,South and Islands,1,0,6.1288705
1039196,0,0,0,35183.67,10.468337,Upper secondary,70,15,-31,South and Islands,3,0,0.2356792
1039197,0,0,0,14004.704,9.547149,Primary or less,88,33,65,South and Islands,1,0,0.48714426
1039198,0,0,0,39215.68,10.576832,Primary or less,73,18,68,South and Islands,3,0,0.28701726
1039200,0,0,0,31609.338,10.361208,Lower secondary,76,21,-71,North,2,0,0.9242834
1039201,1,0,1,39284.79,10.578592,Upper secondary,59,4,16,South and Islands,1,0,0.06462734
1039248,0,0,0,38775.68,10.565549,Upper secondary,82,27,-39,North,2,0,0.2919492
1039249,0,0,0,12660.0,9.446202,Primary or less,82,27,-39,North,1,1,1.0868113
1039252,0,0,0,34802.94,10.457458,Upper secondary,71,16,0,North,2,0,0.825955
1039265,0,0,0,4200.0,8.34284,Upper secondary,66,11,121,North,1,1,1.2130548
1039274,0,0,0,60777.184,11.01497,Lower secondary,80,25,113,North,2,0,0.49709058
1039280,0,0,0,82520.89,11.3208065,University,61,6,36,North,2,1,0.50361377
1039282,0,0,0,40008.688,10.596852,Primary or less,59,4,16,North,3,0,0.7489115
1039286,0,0,0,29908.156,10.305886,Upper secondary,61,6,36,North,2,1,1.1330934
1039288,0,0,0,18201.254,9.809246,Lower secondary,58,3,9,North,2,1,0.8150921
1039289,1,1,1,83703.88,11.335041,University,56,1,1,North,8,1,0.7567574
1039292,0,0,0,30449.57,10.323827,Lower secondary,81,26,-92,North,2,1,0.16828173
1039302,0,0,0,12806.271,9.45769,University,43,-12,-112,North,1,1,1.7219326
1039474,1,1,1,67279.64,11.116613,Upper secondary,71,16,0,North,2,0,5.061773
1039476,0,0,0,48909.742,10.797732,Lower secondary,59,4,16,North,3,0,6.412428
1039495,0,0,0,33564.363,10.42122,Primary or less,74,19,105,North,2,1,0.7628229
1039496,0,0,0,42317.668,10.65296,Upper secondary,50,-5,25,North,3,0,0.66267604
1039502,0,0,0,37856.04,10.541546,Primary or less,68,13,-87,North,2,1,0.52766937
1039505,0,0,0,80410.98,11.294906,Upper secondary,63,8,64,North,5,0,0.097248785
1039506,1,1,1,102558.3,11.538187,University,64,9,81,North,2,0,0.4076572
1039510,0,0,0,17343.291,9.760962,Lower secondary,62,7,49,North,1,1,0.7546116
1039519,1,1,0,22870.902,10.037621,Lower secondary,49,-6,36,North,2,1,0.6997907
1039522,1,1,0,52976.99,10.877613,University,45,-10,100,North,3,1,0.8252108
1039523,0,0,0,19809.188,9.893901,Upper secondary,46,-9,81,North,5,0,0.8638683
1039526,0,0,0,18757.84,9.839367,Lower secondary,46,-9,81,North,3,1,1.2584463
1039542,0,0,0,42851.82,10.6655035,Primary or less,86,31,-63,North,3,0,0.16286843
1039546,0,0,0,17950.176,9.795355,Primary or less,82,27,-39,North,1,1,1.0286673
1039593,0,0,0,44411.496,10.701254,Upper secondary,65,10,100,North,3,0,0.31139377
1039675,1,1,1,146106.38,11.89209,University,77,22,-28,North,2,0,0.02665402
1039680,1,1,0,42409.44,10.655127,Lower secondary,74,19,105,North,2,0,0.7615181
1039709,0,0,0,12085.229,9.399739,Lower secondary,71,16,0,North,1,0,1.0008694
1039713,0,0,0,32426.781,10.38674,Lower secondary,71,16,0,North,2,0,0.85564107
1039747,0,0,0,32141.117,10.377892,Upper secondary,63,8,64,North,2,1,0.6383645
1039754,0,0,0,48084.125,10.780707,Upper secondary,55,0,0,North,4,0,1.2554185
1039755,1,1,1,67489.0,11.1197195,Upper secondary,56,1,1,North,4,0,0.89858234
1039757,0,0,0,40759.336,10.61544,University,68,13,-87,North,2,1,0.98977906
1039789,0,0,0,68898.66,11.140392,Upper secondary,55,0,0,North,3,1,0.3038863
1039817,0,0,0,8009.4077,8.988372,Upper secondary,54,-1,1,North,1,0,2.100463
1039829,0,0,0,80355.06,11.29421,University,55,0,0,North,1,0,0.79902846
1039837,0,0,0,41608.945,10.63607,Upper secondary,68,13,-87,North,2,0,1.2203742
1039842,0,0,0,89421.125,11.401113,University,46,-9,81,North,4,1,0.93743813
1039847,0,0,0,42400.016,10.654904,Upper secondary,51,-4,16,North,2,0,3.298149
1039849,0,0,0,30409.408,10.322507,Lower secondary,47,-8,64,North,4,1,0.96296316
1039895,0,0,0,19809.756,9.8939295,Upper secondary,61,6,36,North,1,0,2.040367
1039925,0,0,0,68841.42,11.139561,Upper secondary,37,-18,68,North,3,1,1.6401414
1039987,0,0,0,42006.797,10.645587,University,45,-10,100,North,3,0,1.4212903
1039993,0,0,0,39217.13,10.576869,Upper secondary,37,-18,68,North,4,0,1.4914294
1040044,0,0,0,25007.84,10.126945,Upper secondary,20,-35,-55,North,4,1,1.9654595
1040045,0,0,0,8031.3594,8.991109,Upper secondary,53,-2,4,North,2,1,0.92739916
1040080,0,0,0,32081.764,10.376043,Primary or less,66,11,121,North,1,0,1.8653976
1040093,0,0,0,47539.484,10.769316,Upper secondary,43,-12,-112,North,4,0,1.6693481
1040125,0,0,0,19031.154,9.853832,Lower secondary,32,-23,17,North,5,1,1.3051757
1040168,0,0,0,44678.06,10.707238,Upper secondary,60,5,25,North,2,0,0.7442904
1040183,0,0,0,25287.04,10.138047,Upper secondary,42,-13,-87,North,2,1,1.620634
1040210,0,0,0,56215.68,10.936951,Upper secondary,72,17,33,North,3,0,1.2031267
1040279,0,0,0,31094.768,10.344795,Upper secondary,30,-25,113,North,4,1,1.3880843
1040319,0,0,0,13153.52,9.484445,Lower secondary,28,-27,-39,North,4,1,1.932923
1040417,0,0,0,34415.74,10.446269,Upper secondary,34,-21,-71,North,2,0,2.246413
1040421,0,0,0,103623.836,11.548523,Upper secondary,66,11,121,North,3,0,0.4916918
1040432,0,0,0,60912.72,11.017198,Upper secondary,83,28,16,North,2,0,0.47495252
1040435,0,0,0,112621.65,11.631789,Lower secondary,50,-5,25,North,4,0,0.07157269
1040438,1,1,1,115466.92,11.656739,University,53,-2,4,North,4,0,0.30642247
1040451,0,0,0,23796.96,10.077313,Upper secondary,57,2,4,North,1,0,0.66646624
1040455,0,0,0,19737.213,9.890261,Upper secondary,41,-14,-60,North,4,1,1.1319035
1040459,0,0,0,31892.648,10.370131,Lower secondary,65,10,100,North,2,0,0.65272266
1040461,0,0,0,10166.655,9.226869,Primary or less,85,30,-124,North,1,1,0.8439041
1040466,0,0,0,35329.793,10.472482,University,80,25,113,North,1,1,0.56596345
1040475,0,0,0,18869.443,9.845299,Primary or less,68,13,-87,North,3,0,0.9727797
1040482,0,0,0,19970.662,9.9020195,Primary or less,86,31,-63,North,1,1,0.869609
1040497,0,0,0,49813.03,10.816032,Lower secondary,59,4,16,North,2,1,0.69065225
1040502,0,0,0,44665.855,10.7069645,Upper secondary,32,-23,17,North,1,0,2.627474
1040553,1,1,0,30019.06,10.3095875,Upper secondary,69,14,-60,North,2,1,0.94636095
1040554,0,0,0,40395.26,10.606468,Upper secondary,74,19,105,North,2,1,0.9284314
1040555,0,0,0,71822.12,11.181948,Lower secondary,71,16,0,North,3,1,1.3647647
1040557,1,1,0,61938.902,11.033904,University,63,8,64,North,2,0,0.78782016
1040560,0,0,0,38004.703,10.545465,Lower secondary,61,6,36,North,3,0,1.4740233
1040565,1,1,0,44070.35,10.6935425,Upper secondary,51,-4,16,North,4,0,1.0949239
1040566,0,0,0,24504.703,10.106621,Upper secondary,25,-30,-124,North,2,1,2.4416542
1040588,0,0,0,64343.902,11.071998,Primary or less,63,8,64,North,3,0,0.15836614
1040590,0,0,0,29859.69,10.304265,Lower secondary,67,12,-112,North,2,0,0.88213134
1040593,0,0,0,26934.846,10.201176,Upper secondary,60,5,25,North,3,0,0.26797733
1040631,0,0,0,30812.357,10.335671,Lower secondary,75,20,-112,North,2,0,1.0086915
1040635,1,1,0,35185.992,10.468404,Upper secondary,70,15,-31,North,2,0,0.9840207
1040636,0,0,0,53100.87,10.879949,University,73,18,68,North,2,1,0.6494515
1040646,0,0,0,55342.74,10.921301,University,68,13,-87,North,4,0,1.2119356
1040659,0,0,0,18958.969,9.850033,Upper secondary,40,-15,-31,North,4,0,1.7288406
1040672,0,0,0,28054.846,10.241917,Primary or less,89,34,-124,North,1,1,1.4739228
1040678,0,0,0,55448.316,10.923206,Upper secondary,61,6,36,North,1,0,1.4630181
1040687,0,0,0,34903.066,10.46033,Primary or less,84,29,73,North,1,1,7.195743
1040699,0,0,0,40586.418,10.611189,Lower secondary,47,-8,64,North,2,1,8.105764
1040775,0,0,0,52038.957,10.859748,Lower secondary,58,3,9,North,2,1,0.52614206
1040776,0,0,0,25046.55,10.128491,Primary or less,87,32,0,North,1,1,0.62784964
1040778,1,0,1,83172.234,11.328669,University,82,27,-39,North,2,0,0.34775054
1040779,0,0,0,29782.025,10.301661,Primary or less,75,20,-112,North,3,0,0.17085397
1040792,1,1,0,28953.281,10.273438,Upper secondary,67,12,-112,North,1,0,0.6075838
1040830,0,0,0,28033.533,10.241157,Upper secondary,54,-1,1,North,1,1,0.89993155
1040843,1,1,0,60977.504,11.01826,Upper secondary,50,-5,25,North,4,0,0.13145044
1040862,0,0,0,26887.816,10.199429,Lower secondary,74,19,105,North,2,0,6.446406
1040866,0,0,0,31446.865,10.356054,Upper secondary,71,16,0,North,1,0,7.3572626
1040870,0,0,0,30309.408,10.319214,Upper secondary,33,-22,-28,North,4,1,8.25467
1040889,0,0,0,24031.36,10.087115,Upper secondary,58,3,9,North,1,0,1.1718198
1040906,0,0,0,46659.13,10.750624,Lower secondary,78,23,17,North,2,0,6.3523474
1040916,0,0,0,58883.453,10.983315,Lower secondary,80,25,113,North,2,0,3.3349807
1040940,1,1,0,46106.83,10.738716,University,36,-19,105,North,4,1,1.8864104
1040942,0,0,0,10754.371,9.283068,Upper secondary,61,6,36,North,1,1,1.4548573
1040944,0,0,0,110756.8,11.615092,University,55,0,0,North,4,1,0.44992405
1040951,1,1,0,50900.176,10.837622,Upper secondary,55,0,0,North,1,0,0.09541353
1040957,0,0,0,24162.988,10.092577,Lower secondary,66,11,121,North,1,0,1.3510228
1040961,0,0,0,26252.572,10.175519,Primary or less,85,30,-124,North,1,1,7.7275496
1040962,0,0,0,19605.68,9.8835745,Primary or less,78,23,17,North,1,1,7.649901
1040963,0,0,0,38750.676,10.564903,Primary or less,71,16,0,North,2,0,6.5073404
1040965,0,0,0,37307.996,10.526963,Lower secondary,72,17,33,North,2,0,6.3045793
1040968,0,0,0,24090.623,10.089578,University,64,9,81,North,1,1,6.4685087
1040973,0,0,0,31915.557,10.370849,Primary or less,63,8,64,North,2,0,5.86536
1040974,0,0,0,34222.72,10.440645,Lower secondary,51,-4,16,North,1,0,8.005312
1040975,0,0,0,40545.934,10.61019,Upper secondary,64,9,81,North,2,0,5.3211164
1040976,0,0,0,45117.04,10.717015,Upper secondary,67,12,-112,North,2,0,3.9703302
1040977,1,1,0,39120.11,10.574392,Lower secondary,76,21,-71,North,2,0,4.536737
1040979,1,1,0,22372.22,10.015575,Upper secondary,61,6,36,North,2,0,6.25521
1041000,0,0,0,9064.117,9.112079,University,59,4,16,North,1,0,5.511822
1041005,0,0,0,62177.355,11.037746,Upper secondary,70,15,-31,North,2,1,0.11253037
1041008,0,0,0,28731.36,10.265744,Lower secondary,82,27,-39,North,2,0,0.48236653
1041019,1,1,1,138424.4,11.838079,University,55,0,0,North,3,0,0.070102245
1041025,0,0,0,20029.266,9.90495,University,36,-19,105,North,1,0,1.2742966
1041028,0,0,0,27783.49,10.232197,Lower secondary,67,12,-112,North,1,1,0.53115505
1041030,0,0,0,23888.002,10.081132,Upper secondary,71,16,0,North,1,1,0.603078
1041036,1,1,1,181371.44,12.108302,University,66,11,121,North,2,0,0.0641306
1041065,0,0,0,24000.0,10.085809,Lower secondary,58,3,9,North,3,0,1.4120643
1041143,0,0,0,23214.54,10.052534,Primary or less,73,18,68,North,2,0,4.8201647
1041147,1,1,0,55752.844,10.928683,Upper secondary,39,-16,0,North,5,0,8.346259
1041152,1,1,0,31377.822,10.353857,Lower secondary,42,-13,-87,North,2,0,8.115061
1041154,1,0,1,28867.379,10.270468,Lower secondary,62,7,49,North,1,1,7.453295
1041164,0,0,0,35796.6,10.485608,Lower secondary,75,20,-112,North,3,0,0.65466356
1041165,0,0,0,30608.781,10.329042,Lower secondary,75,20,-112,North,2,1,0.39077702
1041168,1,1,0,87564.37,11.38013,Upper secondary,68,13,-87,North,2,0,0.09385231
1041176,0,0,0,74120.38,11.213446,Lower secondary,61,6,36,North,3,0,0.70614773
1041181,0,0,0,62429.164,11.041788,Upper secondary,55,0,0,North,3,1,0.8740048
1041184,0,0,0,3050.0,8.022897,Lower secondary,23,-32,0,North,1,0,2.1732428
1041221,1,1,0,63754.984,11.062802,Upper secondary,62,7,49,North,3,0,7.5287366
1041258,1,1,0,37884.08,10.542286,University,50,-5,25,North,3,0,1.5107577
1041259,0,0,0,11181.39,9.322006,Upper secondary,52,-3,9,North,1,1,2.0103025
1041272,0,0,0,14950.0,9.612467,Lower secondary,62,7,49,North,1,1,0.63712525
1041802,0,0,0,22221.156,10.0088005,Upper secondary,35,-20,-112,North,1,0,5.051096
1041937,0,0,0,20280.756,9.917428,Primary or less,69,14,-60,North,2,1,0.6180283
1041958,0,0,0,17692.195,9.780879,Lower secondary,34,-21,-71,North,3,0,1.2873346
1042341,0,0,0,27789.422,10.23241,Primary or less,83,28,16,North,1,1,7.585897
1042342,0,0,0,30459.582,10.324156,Upper secondary,66,11,121,North,1,1,7.1595445
1042346,0,0,0,57603.902,10.961346,Upper secondary,64,9,81,North,2,0,6.260612
1042456,1,1,1,71895.4,11.182967,University,81,26,-92,North,1,0,0.42373505
1042592,0,0,0,15728.015,9.663198,Lower secondary,63,8,64,North,2,1,0.42873013
1042597,0,0,0,43914.207,10.689993,Lower secondary,54,-1,1,North,5,0,1.033141
1042605,0,0,0,58886.836,10.983373,Upper secondary,61,6,36,North,3,0,0.8835591
1042607,0,0,0,10832.418,9.290298,Upper secondary,65,10,100,North,2,1,0.24214487
1042613,0,0,0,40483.242,10.608644,Upper secondary,52,-3,9,North,4,1,0.9710466
1042617,0,0,0,28613.26,10.261625,Lower secondary,32,-23,17,North,3,1,1.5482947
1042623,1,1,1,201033.58,12.211227,Upper secondary,44,-11,121,North,2,0,0.039637458
1042630,0,0,0,25544.195,10.148166,Upper secondary,38,-17,33,North,5,1,0.8726029
1042631,0,0,0,65489.44,11.089644,University,33,-22,-28,North,1,0,0.34893876
1042639,0,0,0,62810.113,11.047872,Lower secondary,81,26,-92,North,2,1,0.39539632
1042645,0,0,0,89164.01,11.398232,University,57,2,4,North,3,0,0.355628
1042694,0,0,0,17940.348,9.794807,Primary or less,65,10,100,North,4,1,0.98058444
1042700,0,0,0,38182.04,10.55012,Upper secondary,68,13,-87,North,1,0,1.138537
1042749,0,0,0,25807.84,10.158434,Upper secondary,28,-27,-39,North,3,0,1.2902591
1042758,1,1,0,64708.36,11.077645,University,64,9,81,North,2,1,0.21396819
1042811,0,0,0,34772.918,10.456594,University,64,9,81,North,1,0,0.80474114
1042813,0,0,0,21204.234,9.961956,Lower secondary,72,17,33,North,1,0,1.1407726
1042820,0,0,0,102020.28,11.532927,University,70,15,-31,North,1,0,0.27083817
1042851,1,1,0,34799.363,10.457355,Lower secondary,77,22,-28,North,1,0,1.1513162
1042858,0,0,0,21591.951,9.980076,Primary or less,93,38,-92,North,2,0,0.30641198
1042863,0,0,0,8191.2876,9.010826,Lower secondary,74,19,105,North,1,1,1.2532271
1042897,0,0,0,90932.45,11.417872,Upper secondary,59,4,16,North,1,0,1.1825082
1042965,1,1,0,741027.4,13.515793,University,62,7,49,North,2,0,0.059580788
1042978,1,1,0,59433.105,10.992607,Upper secondary,52,-3,9,North,3,1,0.49443513
1043025,0,0,0,29310.04,10.285686,Lower secondary,80,25,113,North,1,0,1.1553615
1043026,0,0,0,27953.31,10.238291,Primary or less,87,32,0,North,1,1,1.1826046
1043035,0,0,0,29030.773,10.276112,Lower secondary,74,19,105,North,1,1,1.1330328
1043048,1,1,1,88144.625,11.386734,Upper secondary,75,20,-112,North,1,0,0.18169144
1043052,1,0,1,34740.49,10.455661,Upper secondary,78,23,17,North,2,0,0.96545106
1043071,0,0,0,22346.162,10.01441,Lower secondary,76,21,-71,North,2,0,0.94778425
1043085,1,0,1,30048.844,10.310579,Lower secondary,70,15,-31,North,1,1,1.16398
1043105,0,0,0,40187.84,10.601319,Primary or less,77,22,-28,North,2,0,0.9450791
1043121,0,0,0,76996.945,11.251521,University,81,26,-92,North,2,0,0.7313951
1043130,0,0,0,32466.111,10.387952,Upper secondary,74,19,105,North,2,0,0.9381804
1043160,0,0,0,2.2896995e+06,14.643931,University,54,-1,1,North,2,0,0.09145675
1043179,0,0,0,33287.023,10.412923,Lower secondary,79,24,64,North,2,1,0.9755141
1043248,0,0,0,72614.5,11.19292,University,75,20,-112,North,2,0,0.16868237
1043250,1,1,0,200242.8,12.207286,University,74,19,105,North,2,0,0.039068338
1043263,0,0,0,263505.34,12.481829,University,68,13,-87,North,2,0,0.0059833033
1043276,1,1,1,66314.03,11.102157,University,53,-2,4,North,5,0,0.10806991
1043311,0,0,0,201828.72,12.215175,University,76,21,-71,North,2,0,0.17459638
1043320,0,0,0,90721.305,11.415547,Lower secondary,54,-1,1,North,4,0,1.6742005
1043392,0,0,0,26046.348,10.167633,Upper secondary,60,5,25,North,2,0,1.0653694
1043402,0,0,0,26105.607,10.169906,Upper secondary,60,5,25,North,2,0,0.65440005
1043425,1,0,1,52772.113,10.873738,Upper secondary,56,1,1,North,4,1,0.44218445
1043490,0,0,0,7800.627,8.96196,Upper secondary,63,8,64,North,3,0,0.8742736
1043497,0,0,0,37086.4,10.521006,Upper secondary,34,-21,-71,North,1,0,0.5054698
1043538,0,0,0,50016.355,10.820106,Lower secondary,53,-2,4,North,2,1,1.0026321
1043666,0,0,0,82466.85,11.320151,Lower secondary,64,9,81,North,4,0,1.0043796
1043669,0,0,0,24337.84,10.099788,Primary or less,79,24,64,North,1,1,1.2008322
1043670,0,0,0,27621.137,10.2263365,Upper secondary,66,11,121,North,1,1,1.085797
1043683,0,0,0,26854.555,10.198191,Upper secondary,65,10,100,North,1,0,0.6030875
1043687,0,0,0,86112.7,11.363412,Upper secondary,47,-8,64,North,4,1,1.6722769
1043702,0,0,0,42097.188,10.647737,Upper secondary,51,-4,16,North,2,1,1.5974671
1043764,1,0,1,38042.27,10.546453,Upper secondary,42,-13,-87,North,1,0,2.4789572
1043775,1,1,0,294719.94,12.5937805,University,66,11,121,North,2,0,0.009161234
1043782,0,0,0,175469.42,12.07522,University,52,-3,9,North,1,0,0.02244934
1043799,0,0,0,52062.72,10.860205,Upper secondary,56,1,1,North,1,0,0.64633834
1043828,0,0,0,13000.0,9.472705,Lower secondary,45,-10,100,North,4,0,1.7005179
1043905,1,1,0,32946.395,10.4026375,University,36,-19,105,North,1,0,1.3858744
1043933,0,0,0,20612.44,9.93365,Lower secondary,39,-16,0,North,4,0,2.11841
1043934,0,0,0,18400.0,9.820106,Lower secondary,29,-26,-92,North,5,0,1.850341
1044006,0,0,0,19354.14,9.870662,Upper secondary,73,18,68,North,2,0,0.7006502
1044036,0,0,0,152387.39,11.934181,University,61,6,36,North,1,0,0.23342723
1044105,0,0,0,19801.23,9.893499,Lower secondary,25,-30,-124,North,1,0,3.8513062
1044106,1,0,1,32413.527,10.386332,Upper secondary,23,-32,0,North,1,0,1.6149651
1044119,0,0,0,6028.4707,8.704248,Upper secondary,27,-28,16,North,2,0,2.537672
1044189,0,0,0,9355.039,9.14367,University,25,-30,-124,North,1,0,0.67065287
1044223,1,1,0,85971.19,11.361768,University,35,-20,-112,North,2,1,0.2268434
1044240,0,0,0,20050.977,9.9060335,Upper secondary,87,32,0,North,1,1,0.71412706
1044243,1,0,0,63008.637,11.051027,Upper secondary,67,12,-112,North,2,0,0.3770233
1044246,0,0,0,53047.84,10.878949,Primary or less,87,32,0,North,2,0,0.5185715
1044247,0,0,0,50540.68,10.830534,Lower secondary,59,4,16,North,4,0,0.8038166
1044254,0,0,0,26615.68,10.189256,Upper secondary,64,9,81,North,1,0,0.4987589
1044262,0,0,0,16000.0,9.680344,Lower secondary,53,-2,4,North,1,0,0.94574475
1044469,0,0,0,168010.97,12.031785,Upper secondary,62,7,49,North,5,0,0.1282348
1044533,1,1,1,239600.62,12.386729,University,54,-1,1,North,2,0,0.13712639
1044781,0,0,0,32200.145,10.379726,Upper secondary,55,0,0,North,1,1,8.023353
1044804,0,0,0,25673.436,10.153213,Lower secondary,76,21,-71,North,1,1,1.096985
1044831,0,0,0,57356.285,10.957038,Upper secondary,58,3,9,North,3,0,1.1153387
1044869,0,0,0,28081.883,10.24288,Lower secondary,87,32,0,North,1,1,0.70257556
1044880,0,0,0,24981.156,10.125877,Lower secondary,57,2,4,North,1,0,0.6843812
1044883,0,0,0,24543.75,10.108212,Lower secondary,90,35,-55,North,2,0,0.57189965
1044887,0,0,0,36194.08,10.496651,Lower secondary,67,12,-112,North,2,1,0.5613075
1044914,0,0,0,18054.242,9.801136,University,48,-7,49,North,5,0,0.7708919
1044917,0,0,0,22059.582,10.001502,Upper secondary,34,-21,-71,North,2,0,0.7865723
1044932,0,0,0,10000.931,9.210433,Lower secondary,46,-9,81,North,5,0,3.4277756
1044962,0,0,0,15094.662,9.622096,Primary or less,79,24,64,North,1,1,2.548037
1045251,0,0,0,44901.03,10.712216,Lower secondary,78,23,17,North,2,0,1.134654
1045252,0,0,0,35510.457,10.477583,Primary or less,79,24,64,North,1,1,0.46048725
1045253,0,0,0,49382.31,10.807347,Primary or less,84,29,73,North,2,0,1.2284987
1045254,0,0,0,18913.484,9.8476305,Primary or less,79,24,64,North,1,1,3.3309593
1045256,0,0,0,32834.08,10.399222,Upper secondary,82,27,-39,North,2,0,1.3024787
1045257,0,0,0,20830.105,9.944155,Upper secondary,76,21,-71,North,2,0,1.9286556
1045262,0,0,0,31457.086,10.3563795,Primary or less,60,5,25,North,2,1,1.1607794
1045266,0,0,0,31315.68,10.351874,Upper secondary,45,-10,100,North,5,0,2.3302498
1045460,0,0,0,52630.14,10.871044,Primary or less,67,12,-112,North,3,0,0.8683743
1045463,0,0,0,70069.34,11.157241,University,79,24,64,North,2,0,0.5522022
1045464,0,0,0,64851.832,11.079861,University,75,20,-112,North,1,0,0.5995184
1045466,0,0,0,30059.547,10.310936,Primary or less,81,26,-92,North,2,0,1.132921
1045478,0,0,0,66830.36,11.109913,Upper secondary,45,-10,100,North,2,1,2.2212431
1045480,0,0,0,35834.496,10.486667,Lower secondary,50,-5,25,North,3,0,2.1734087
1045482,0,0,0,39628.223,10.5872965,University,42,-13,-87,North,3,1,2.7391622
1045562,1,1,0,71807.53,11.181745,Upper secondary,68,13,-87,North,2,0,0.038448557
1045598,0,0,0,27847.04,10.234482,Upper secondary,60,5,25,North,1,1,0.53506136
1045607,0,0,0,87088.445,11.37468,Lower secondary,63,8,64,North,2,0,0.024696946
1045613,1,1,1,38359.504,10.554758,Upper secondary,57,2,4,North,2,0,0.2933672
1045620,0,0,0,172964.9,12.060844,Upper secondary,52,-3,9,North,3,0,0.05625181
1045622,0,0,0,72527.93,11.191727,University,82,27,-39,North,2,0,0.025045777
1045627,0,0,0,42985.316,10.668613,Upper secondary,62,7,49,North,3,0,0.29649398
1045634,0,0,0,34353.188,10.44445,Upper secondary,76,21,-71,North,2,0,0.13199846
1045637,0,0,0,82600.06,11.321766,Primary or less,81,26,-92,North,4,0,0.044172738
1045639,0,0,0,13210.102,9.488737,Primary or less,80,25,113,North,1,1,0.548611
1045642,0,0,0,56503.508,10.942058,Upper secondary,79,24,64,North,3,0,0.17903425
1045650,0,0,0,18915.227,9.847723,Primary or less,87,32,0,North,1,1,0.54416233
1045662,0,0,0,48499.12,10.789301,Upper secondary,33,-22,-28,North,2,1,0.32105505
1045677,0,0,0,20554.703,9.930845,Upper secondary,71,16,0,North,1,1,0.38772368
1045678,0,0,0,21515.68,9.976538,Upper secondary,35,-20,-112,North,1,0,0.6897731
1045681,0,0,0,96955.664,11.482009,University,49,-6,36,North,5,0,0.21249512
1045683,0,0,0,64262.426,11.07073,Upper secondary,53,-2,4,North,4,1,0.26037508
1045710,0,0,0,39856.797,10.593048,University,67,12,-112,North,1,1,0.16695155
1045729,0,0,0,31784.252,10.366726,Primary or less,84,29,73,North,2,1,1.0120138
1045731,0,0,0,33277.94,10.41265,Primary or less,79,24,64,North,2,0,1.0271659
1045734,0,0,0,22586.725,10.025118,Upper secondary,71,16,0,North,1,1,2.4158862
1045739,0,0,0,54006.973,10.896869,Upper secondary,50,-5,25,North,3,0,1.7209753
1045742,0,0,0,26228.223,10.174591,Upper secondary,52,-3,9,North,1,0,4.4603734
1045748,0,0,0,24931.533,10.123889,Lower secondary,68,13,-87,North,2,0,1.5026788
1045750,0,0,0,17128.223,9.748483,Primary or less,87,32,0,North,1,1,5.409779
1045758,0,0,0,35043.59,10.464348,Upper secondary,61,6,36,North,2,0,3.3862271
1045770,0,0,0,23084.67,10.046924,Primary or less,89,34,-124,North,2,0,0.68961716
1045771,0,0,0,23719.285,10.074043,Primary or less,87,32,0,North,2,1,0.7616946
1045775,0,0,0,7931.568,8.978606,Primary or less,87,32,0,North,1,1,1.0087513
1045790,0,0,0,76829.15,11.249339,University,61,6,36,North,4,0,0.6213518
1045792,0,0,0,116068.72,11.661938,Lower secondary,52,-3,9,North,4,0,0.40376326
1045822,0,0,0,26316.555,10.177954,Upper secondary,67,12,-112,North,1,1,0.64305025
1045824,0,0,0,34934.78,10.461238,Lower secondary,81,26,-92,North,1,1,0.65077996
1045828,0,0,0,42844.254,10.665327,Lower secondary,66,11,121,North,2,0,0.14517044
1045835,0,0,0,23716.92,10.073944,Lower secondary,75,20,-112,North,1,1,1.0376036
1045841,0,0,0,45308.7,10.721254,Upper secondary,35,-20,-112,North,3,0,1.213173
1045846,0,0,0,14509.878,9.582585,Upper secondary,23,-32,0,North,1,0,2.1164188
1045873,0,0,0,28448.002,10.255834,Upper secondary,89,34,-124,North,1,0,0.37075388
1045922,1,1,1,167386.23,12.028059,Upper secondary,78,23,17,North,2,0,0.072990775
1045946,1,0,1,49329.457,10.806276,Lower secondary,74,19,105,North,2,0,0.29524708
1046004,1,0,1,400734.47,12.901054,University,65,10,100,North,3,0,0.1292314
1046130,0,0,0,83079.08,11.327548,University,54,-1,1,North,2,0,0.5085676
1046146,0,0,0,31700.941,10.364101,Primary or less,45,-10,100,North,4,0,1.6415408
1046231,0,0,0,24622.84,10.11143,Primary or less,89,34,-124,North,1,0,0.47926244
1046238,0,0,0,28050.176,10.24175,Lower secondary,79,24,64,North,2,0,0.28513768
1046243,0,0,0,15290.941,9.6350155,Primary or less,77,22,-28,North,1,0,0.4847996
1046247,0,0,0,52358.844,10.865876,Upper secondary,63,8,64,North,2,0,0.3247155
1046262,0,0,0,17217.248,9.753667,Upper secondary,65,10,100,North,5,0,0.4854818
1046266,0,0,0,16005.645,9.6806965,Upper secondary,51,-4,16,North,3,1,0.6567164
1046552,0,0,0,29311.346,10.28573,Lower secondary,88,33,65,North,2,0,0.19937354
1046557,0,0,0,9100.0,9.11603,Lower secondary,89,34,-124,North,1,1,1.2172332
1046559,0,0,0,20061.951,9.90658,Lower secondary,82,27,-39,North,1,1,0.35606083
1046567,0,0,0,35365.438,10.473491,Primary or less,78,23,17,North,2,0,0.5217312
1046581,0,0,0,23972.719,10.084672,Lower secondary,86,31,-63,North,2,1,0.27924773
1046586,0,0,0,55394.08,10.922228,Lower secondary,74,19,105,North,3,0,0.37863496
1046599,0,0,0,78050.875,11.265116,University,69,14,-60,North,2,0,0.054638006
1046634,0,0,0,15009.408,9.616432,Upper secondary,42,-13,-87,North,1,1,0.9771392
1046676,0,0,0,15015.68,9.61685,Upper secondary,49,-6,36,North,1,0,2.0982177
1046721,0,0,0,29983.213,10.308393,Primary or less,91,36,16,North,2,0,0.50415426
1046819,0,0,0,14033.326,9.5491905,Lower secondary,48,-7,49,North,1,1,0.24036688
1046890,0,0,0,22508.223,10.021636,Lower secondary,69,14,-60,North,1,0,0.7743105
1046896,0,0,0,35142.824,10.4671755,Primary or less,70,15,-31,North,4,0,0.32106137
1046902,0,0,0,35003.77,10.463211,University,83,28,16,North,2,0,0.13583924
1046905,0,0,0,85588.16,11.357303,University,70,15,-31,North,2,1,0.025878675
1046909,1,0,1,129160.16,11.768808,University,34,-21,-71,North,5,1,0.07634435
1046913,0,0,0,24444.078,10.104143,Primary or less,73,18,68,North,1,1,0.27866974
1046930,1,0,1,30003.598,10.3090725,University,81,26,-92,North,1,0,0.17736422
1046934,0,0,0,16275.088,9.697391,Lower secondary,77,22,-28,North,2,1,0.41535226
1046937,0,0,0,42341.117,10.653514,Lower secondary,79,24,64,North,2,0,0.21417038
1047013,0,0,0,29050.926,10.276806,Lower secondary,75,20,-112,North,2,0,0.48532796
1047020,0,0,0,21651.299,9.9828205,Primary or less,85,30,-124,North,1,1,0.8897441
1047051,0,0,0,40294.08,10.60396,Upper secondary,45,-10,100,North,4,1,1.4436713
1047067,0,0,0,21723.52,9.986151,Primary or less,92,37,89,North,1,0,0.37647852
1047069,1,1,0,41218.477,10.626642,Upper secondary,79,24,64,North,2,0,0.21365653
1047079,0,0,0,39202.094,10.576486,Lower secondary,62,7,49,North,3,1,0.41654435
1047085,0,0,0,67943.45,11.126431,Lower secondary,71,16,0,North,5,1,0.12669602
1047091,0,0,0,27101.117,10.207331,Primary or less,77,22,-28,North,2,0,0.31697485
1047092,0,0,0,25547.04,10.148276,Upper secondary,65,10,100,North,1,1,0.3505878
1047097,0,0,0,47878.4,10.77642,Lower secondary,54,-1,1,North,3,1,0.31605676
1047098,0,0,0,30365.68,10.321069,Primary or less,62,7,49,North,4,1,0.39619008
1047104,0,0,0,51494.08,10.849222,Lower secondary,50,-5,25,North,3,1,0.5585986
1047162,0,0,0,46615.68,10.749692,Upper secondary,57,2,4,North,3,0,2.6034687
1047167,0,0,0,2491.5679,7.8206673,Lower secondary,40,-15,-31,North,1,1,8.040787
1047183,0,0,0,23932.143,10.082977,Upper secondary,73,18,68,North,2,0,0.19240952
1047192,0,0,0,19172.246,9.861219,Primary or less,84,29,73,North,1,1,0.22620876
1047231,0,0,0,34494.08,10.448543,Lower secondary,88,33,65,North,1,0,0.45258003
1047233,0,0,0,29178.398,10.281184,Lower secondary,67,12,-112,North,2,1,0.39046472
1047234,0,0,0,21265.088,9.964822,Primary or less,72,17,33,North,1,1,0.39949608
1047242,0,0,0,30356.797,10.320776,Primary or less,81,26,-92,North,2,0,0.11862373
1047249,0,0,0,46681.117,10.751095,Primary or less,78,23,17,North,3,0,0.37481776
1047250,0,0,0,11959.408,9.389274,Lower secondary,84,29,73,North,1,1,1.1283365
1047252,0,0,0,13865.68,9.537172,Primary or less,85,30,-124,North,1,0,1.0787239
1047265,0,0,0,20865.68,9.945861,Primary or less,88,33,65,North,1,1,1.1011405
1047269,0,0,0,19015.68,9.853019,Lower secondary,71,16,0,North,2,1,0.5815932
1047281,0,0,0,35950.176,10.489889,Upper secondary,94,39,-15,North,1,1,0.46430227
1047283,0,0,0,35144.08,10.467212,Upper secondary,72,17,33,North,1,1,0.47552416
1047289,0,0,0,111622.65,11.622879,University,75,20,-112,North,2,0,0.07641046
1047355,0,0,0,47456.797,10.767575,Upper secondary,64,9,81,North,2,0,0.29273152
1047392,0,0,0,61688.156,11.029847,Upper secondary,65,10,100,North,3,1,0.13510999
1047428,0,0,0,58906.797,10.983712,Upper secondary,83,28,16,North,2,1,0.3067875
1047443,0,0,0,26081.36,10.168976,Lower secondary,63,8,64,North,1,0,1.111832
1047604,0,0,0,19581.36,9.882334,Upper secondary,64,9,81,North,1,0,1.0273122
1047613,0,0,0,29825.438,10.303117,University,83,28,16,North,1,1,0.300638
1047619,0,0,0,40339.605,10.605089,University,73,18,68,North,1,0,0.018542038
1047655,0,0,0,20220.383,9.914447,Primary or less,87,32,0,North,1,1,1.3980612
1047662,0,0,0,61094.08,11.02017,Primary or less,72,17,33,North,4,1,0.5335633
1047667,0,0,0,48856.797,10.796649,University,73,18,68,North,2,1,0.24272664
1047669,0,0,0,26490.176,10.184529,Lower secondary,72,17,33,North,1,1,0.42567348
1047671,0,0,0,63794.08,11.063416,Upper secondary,43,-12,-112,North,4,0,0.7016468
1047674,0,0,0,81582.234,11.309367,University,77,22,-28,North,2,1,0.03499765
1047688,0,0,0,108386.73,11.593461,University,69,14,-60,North,2,1,0.028363371
1047691,0,0,0,128323.26,11.762308,Upper secondary,67,12,-112,North,4,1,0.05343867
1047714,0,0,0,47435.195,10.767119,University,85,30,-124,North,2,0,0.049500156
1047778,0,0,0,72188.16,11.187032,Lower secondary,51,-4,16,North,8,0,0.8513779
1047821,0,0,0,69703.25,11.152002,University,40,-15,-31,North,4,0,0.5516133
1047877,0,0,0,25609.498,10.150719,Upper secondary,28,-27,-39,North,3,1,0.81436837
1048134,0,0,0,32950.312,10.402756,Upper secondary,79,24,64,North,2,0,0.50613326
1048162,0,0,0,36787.805,10.512921,Upper secondary,82,27,-39,North,2,0,0.261855
1048276,0,0,0,24709.408,10.11494,University,34,-21,-71,North,1,1,1.0659916
1048710,1,1,1,90314.94,11.411058,University,77,22,-28,North,2,0,0.031550977
1048712,0,0,0,47341.78,10.765148,Upper secondary,71,16,0,North,1,0,0.040644377
1048719,0,0,0,42231.49,10.650922,Upper secondary,64,9,81,North,2,0,0.04959017
1048740,0,0,0,23917.367,10.08236,Upper secondary,35,-20,-112,North,2,0,1.3838813
1048749,0,0,0,12000.0,9.392662,Upper secondary,53,-2,4,North,1,1,0.51455355
1048758,0,0,0,79748.586,11.286634,Upper secondary,68,13,-87,North,3,0,0.25313658
1048764,0,0,0,36262.605,10.498543,Lower secondary,75,20,-112,North,2,0,0.054346424
1048789,0,0,0,69033.74,11.142351,Upper secondary,52,-3,9,North,2,0,0.8050417
1048808,0,0,0,52898.707,10.876134,Lower secondary,42,-13,-87,North,4,1,0.37476024
1048810,0,0,0,12008.644,9.393382,Upper secondary,61,6,36,North,1,1,0.43170404
1048816,0,0,0,11005.167,9.30612,Lower secondary,62,7,49,North,1,1,0.7342433
1048824,0,0,0,14437.187,9.577562,Lower secondary,40,-15,-31,North,2,0,0.72113293
1048855,0,0,0,39999.055,10.596611,Lower secondary,73,18,68,North,2,0,0.4220828
1048863,1,1,1,76834.27,11.249406,Upper secondary,72,17,33,North,2,1,1.0991563
1048865,1,1,0,28302.795,10.250716,Lower secondary,80,25,113,North,2,0,0.45485526
1048884,0,0,0,53731.52,10.891755,Upper secondary,71,16,0,North,2,0,0.38290334
1049015,1,1,0,30684.209,10.331504,Upper secondary,46,-9,81,North,1,0,1.0050749
1049090,0,0,0,15030.588,9.617843,Lower secondary,35,-20,-112,North,2,0,1.4521661
1049118,0,0,0,18031.36,9.799868,University,52,-3,9,North,1,1,1.9916108
1049648,0,0,0,99303.48,11.505936,University,59,4,16,North,4,0,0.13325758
1049651,0,0,0,57420.383,10.958155,Upper secondary,73,18,68,North,2,0,0.122508176
1049652,0,0,0,83063.59,11.327362,Upper secondary,83,28,16,North,3,0,0.35605833
1049660,0,0,0,24456.217,10.10464,Primary or less,89,34,-124,North,1,0,0.53382033
1049664,0,0,0,49796.207,10.815694,Upper secondary,66,11,121,North,3,0,0.443391
1049667,0,0,0,29850.068,10.303943,Upper secondary,66,11,121,North,1,1,1.0422704
1049686,0,0,0,28409.143,10.254466,Lower secondary,76,21,-71,North,1,0,0.53076863
1050146,0,0,0,26045.262,10.167591,University,64,9,81,North,1,0,0.53531986
1050186,0,0,0,28902.822,10.271694,Upper secondary,37,-18,68,North,3,1,0.53470993
1050222,1,1,0,93709.23,11.447952,University,70,15,-31,North,2,0,0.031320848
1050295,1,1,0,56977.47,10.950411,Upper secondary,60,5,25,North,3,0,0.17687485
1050372,0,0,0,27658.744,10.227697,University,71,16,0,North,1,0,0.48927316
1050412,0,0,0,116718.56,11.6675205,University,61,6,36,North,3,0,0.028062155
1050466,0,0,0,39074.438,10.573224,University,48,-7,49,North,1,0,0.45772368
1050498,0,0,0,46083.895,10.738219,Upper secondary,44,-11,121,North,3,0,0.5674594
1050501,0,0,0,19508.623,9.878612,Upper secondary,50,-5,25,North,1,1,0.20281611
1050515,0,0,0,32323.78,10.383558,University,50,-5,25,North,1,1,0.9309738
1050522,0,0,0,45131.844,10.717343,University,49,-6,36,North,3,1,0.93549716
1050562,0,0,0,37515.047,10.532497,University,50,-5,25,North,2,1,0.8020428
1050566,0,0,0,34569.848,10.450737,Lower secondary,39,-16,0,North,4,0,1.1337239
1050600,0,0,0,17220.0,9.753827,Lower secondary,32,-23,17,North,1,0,2.242676
1050628,0,0,0,13007.296,9.473266,University,32,-23,17,North,1,0,1.5968772
1050757,0,0,0,54880.766,10.912918,Primary or less,92,37,89,North,3,0,0.05717607
1050806,0,0,0,23688.375,10.07274,University,75,20,-112,North,1,1,0.19570553
1050862,0,0,0,95164.6,11.463364,Upper secondary,58,3,9,North,2,0,0.5347594
1050872,0,0,0,52914.492,10.876432,University,70,15,-31,North,2,0,0.013084742
1051075,0,0,0,31235.195,10.3493,Upper secondary,45,-10,100,North,1,1,7.492749
1051076,1,1,0,14210.64,9.561747,Lower secondary,73,18,68,North,1,0,3.392947
1051080,1,1,0,25615.191,10.150941,Upper secondary,54,-1,1,North,1,1,6.6298356
1051083,0,0,0,39203.137,10.576512,Upper secondary,50,-5,25,North,1,0,6.841906
1051213,0,0,0,24747.04,10.116461,Upper secondary,24,-31,-63,North,1,1,3.1073737
1051598,0,0,0,27843.291,10.234347,Lower secondary,74,19,105,North,2,0,0.30763146
1051891,0,0,0,32252.508,10.381351,Upper secondary,74,19,105,Centre,2,0,0.24188179
1051894,0,0,0,35822.72,10.486338,Primary or less,85,30,-124,Centre,2,0,0.35070318
1051901,1,1,0,45960.14,10.73553,Upper secondary,64,9,81,Centre,3,0,0.41907012
1051911,0,0,0,31512.543,10.358141,Upper secondary,64,9,81,Centre,2,0,0.2794835
1051912,0,0,0,26803.45,10.196286,Upper secondary,33,-22,-28,Centre,5,0,0.6693609
1051947,0,0,0,30660.2,10.330721,Primary or less,71,16,0,Centre,2,0,0.51688874
1051948,0,0,0,56934.25,10.949653,Lower secondary,64,9,81,Centre,3,1,0.7681914
1051950,0,0,0,22515.68,10.021967,Upper secondary,62,7,49,Centre,1,0,0.6280836
1051952,1,1,0,94196.734,11.453141,University,68,13,-87,Centre,3,0,0.14819698
1051954,0,0,0,16406.271,9.705419,Primary or less,56,1,1,Centre,1,0,0.6273361
1051955,1,1,0,154914.39,11.950628,University,53,-2,4,Centre,4,0,0.040229756
1051958,1,1,0,47302.797,10.764325,University,48,-7,49,Centre,4,1,0.8596308
1052122,1,1,0,77515.91,11.258239,Lower secondary,58,3,9,Centre,3,0,0.40512106
1052125,1,1,1,66383.195,11.103199,University,47,-8,64,Centre,4,0,0.25607568
1052141,0,0,0,44126.5,10.694816,Upper secondary,65,10,100,Centre,2,0,0.21068251
1052147,1,1,0,56057.97,10.934141,Lower secondary,67,12,-112,Centre,2,0,0.29258797
1052152,0,0,0,19004.703,9.852442,Lower secondary,29,-26,-92,Centre,1,0,1.1575841
1052339,0,0,0,29417.785,10.289354,Upper secondary,53,-2,4,Centre,3,0,0.31699082
1052473,0,0,0,29284.88,10.284826,Lower secondary,50,-5,25,Centre,4,0,0.2870757
1052590,0,0,0,92272.125,11.432497,Upper secondary,25,-30,-124,Centre,3,0,0.37561062
1052609,0,0,0,17002.855,9.741137,Lower secondary,55,0,0,Centre,1,1,0.60876095
1052649,0,0,0,55008.617,10.915245,Upper secondary,75,20,-112,Centre,2,1,0.50902987
1052652,0,0,0,50199.363,10.823757,Lower secondary,86,31,-63,Centre,1,0,0.58070517
1052664,0,0,0,48058.094,10.780166,Upper secondary,77,22,-28,Centre,2,1,0.37335497
1052887,0,0,0,43021.508,10.669456,Lower secondary,86,31,-63,Centre,2,0,0.6153769
1052957,0,0,0,19603.764,9.883477,Lower secondary,64,9,81,Centre,3,0,5.4684815
1052961,0,0,0,64330.004,11.071781,Upper secondary,42,-13,-87,Centre,4,0,7.4714546
1052964,0,0,0,46971.31,10.757292,Primary or less,71,16,0,Centre,2,0,3.5911458
1052965,0,0,0,25633.553,10.151657,Upper secondary,46,-9,81,Centre,4,0,6.6744523
1052970,0,0,0,45681.69,10.729453,Upper secondary,36,-19,105,Centre,3,0,8.140154
1052978,0,0,0,13154.704,9.484534,Lower secondary,47,-8,64,Centre,2,1,3.8969948
1053212,0,0,0,48864.71,10.796811,Lower secondary,40,-15,-31,Centre,4,0,5.237171
1053213,0,0,0,27915.68,10.236944,Primary or less,72,17,33,Centre,2,0,3.6435351
1053215,0,0,0,25530.941,10.147647,Lower secondary,71,16,0,Centre,1,1,4.3218813
1053248,0,0,0,35259.87,10.470501,University,72,17,33,Centre,1,1,0.45322028
1053254,1,1,0,84654.5,11.3463335,Upper secondary,70,15,-31,Centre,2,0,0.43431866
1053256,0,0,0,97312.05,11.485678,University,76,21,-71,Centre,2,0,0.07683101
1053257,0,0,0,22215.852,10.008561,Lower secondary,63,8,64,Centre,1,0,0.64948905
1053261,1,1,0,73997.02,11.211781,University,77,22,-28,Centre,2,0,0.09191078
1053309,1,1,0,58696.68,10.980139,Upper secondary,75,20,-112,Centre,2,0,0.46446815
1053318,0,0,0,15212.544,9.629875,University,70,15,-31,Centre,2,1,0.27005315
1053320,0,0,0,21437.137,9.97288,Lower secondary,66,11,121,Centre,3,0,0.52239305
1053329,1,1,0,51278.45,10.845026,Upper secondary,81,26,-92,Centre,2,0,0.3747961
1053334,0,0,0,38003.137,10.545424,Primary or less,55,0,0,Centre,4,0,0.68112993
1053340,0,0,0,33526.74,10.420098,University,80,25,113,Centre,2,0,0.18635005
1053341,0,0,0,25110.094,10.131025,Lower secondary,73,18,68,Centre,2,0,0.3130556
1053349,0,0,0,26608.83,10.188998,Lower secondary,49,-6,36,Centre,5,0,0.6727782
1053371,0,0,0,63375.98,11.05684,Upper secondary,52,-3,9,Centre,4,0,1.1574657
1053374,0,0,0,48000.0,10.778956,University,40,-15,-31,Centre,12,0,0.99464923
1053381,0,0,0,79220.0,11.279984,Upper secondary,67,12,-112,Centre,3,0,0.525241
1053385,0,0,0,39019.14,10.571808,Upper secondary,62,7,49,Centre,4,0,0.77180254
1053390,0,0,0,102000.0,11.532728,Upper secondary,54,-1,1,Centre,3,1,0.88171583
1053391,0,0,0,44029.27,10.69261,Lower secondary,78,23,17,Centre,2,0,0.35495126
1053415,0,0,0,19011.26,9.852787,Upper secondary,73,18,68,Centre,2,0,0.2558542
1053418,0,0,0,40860.984,10.617931,Lower secondary,77,22,-28,Centre,2,0,0.23748691
1053423,0,0,0,20126.562,9.909796,Primary or less,86,31,-63,Centre,1,0,0.29512706
1053426,0,0,0,41334.355,10.629449,Upper secondary,61,6,36,Centre,2,1,0.23920642
1053430,0,0,0,66176.01,11.100073,Upper secondary,58,3,9,Centre,4,0,0.4205611
1053449,0,0,0,17294.078,9.75812,Lower secondary,54,-1,1,Centre,4,0,1.9145482
1053451,0,0,0,20074.703,9.907216,Primary or less,84,29,73,Centre,1,0,1.1544609
1053452,0,0,0,22754.703,10.032527,Primary or less,84,29,73,Centre,1,1,1.250132
1053453,1,0,1,34103.83,10.437165,University,63,8,64,Centre,1,0,0.18064907
1053454,0,0,0,13232.3,9.490417,Primary or less,75,20,-112,Centre,1,1,1.2602527
1053455,0,0,0,30055.871,10.310813,Primary or less,73,18,68,Centre,2,1,0.9752172
1053456,0,0,0,13743.256,9.528303,Lower secondary,59,4,16,Centre,1,0,0.6900374
1053460,0,0,0,35205.645,10.468962,Primary or less,78,23,17,Centre,2,0,0.9939635
1053462,0,0,0,53684.188,10.890874,Upper secondary,59,4,16,Centre,4,0,1.0798653
1053464,0,0,0,26555.615,10.186996,Primary or less,70,15,-31,Centre,3,0,1.0492295
1053471,0,0,0,30018.736,10.309577,Primary or less,81,26,-92,Centre,1,0,0.9061068
1053474,0,0,0,26000.0,10.165852,Primary or less,86,31,-63,Centre,2,1,0.78847575
1053475,0,0,0,14701.571,9.59571,Primary or less,87,32,0,Centre,1,1,0.9309053
1053476,0,0,0,23100.0,10.047588,Primary or less,78,23,17,Centre,2,0,0.7526126
1053479,0,0,0,18815.467,9.842435,Upper secondary,73,18,68,Centre,1,1,0.82750994
1053482,1,1,0,42862.746,10.665758,University,53,-2,4,Centre,4,1,1.1225512
1053483,0,0,0,35014.28,10.463511,Lower secondary,48,-7,49,Centre,3,0,1.4330858
1053485,0,0,0,40004.043,10.596736,Upper secondary,47,-8,64,Centre,2,0,1.5003641
1053493,0,0,0,9360.0,9.1442,Upper secondary,37,-18,68,Centre,1,1,1.6838007
1053507,0,0,0,46600.0,10.749356,Primary or less,77,22,-28,Centre,2,1,0.09010182
1053512,0,0,0,21930.846,9.995649,Primary or less,85,30,-124,Centre,1,1,0.07215642
1053524,0,0,0,21617.674,9.981266,Upper secondary,46,-9,81,Centre,3,1,1.595139
1053526,0,0,0,38000.62,10.545358,Upper secondary,64,9,81,Centre,2,0,1.3414208
1053532,1,1,0,70294.74,11.160452,University,81,26,-92,Centre,2,0,0.1247942
1053533,0,0,0,54226.32,10.900922,Upper secondary,58,3,9,Centre,4,0,0.9646975
1053549,0,0,0,7207.147,8.882829,Lower secondary,61,6,36,Centre,1,0,0.84111226
1053575,0,0,0,13601.071,9.517904,Lower secondary,39,-16,0,Centre,1,1,1.4233636
1053654,0,0,0,19001.568,9.852277,Primary or less,72,17,33,Centre,1,1,0.99843365
1054144,0,0,0,34140.0,10.438225,Upper secondary,75,20,-112,Centre,1,1,0.8760908
1054179,0,0,0,37608.098,10.534975,Lower secondary,70,15,-31,Centre,2,1,2.3622153
1054184,0,0,0,50000.0,10.819778,Upper secondary,60,5,25,Centre,3,0,0.21261063
1054264,0,0,0,41656.543,10.637214,Primary or less,89,34,-124,Centre,2,1,0.9701488
1054303,0,0,0,28291.568,10.2503195,Lower secondary,81,26,-92,Centre,2,0,0.7133044
1054370,0,0,0,27823.52,10.233637,Lower secondary,52,-3,9,Centre,1,0,1.5784718
1054375,0,0,0,81751.34,11.311438,Upper secondary,39,-16,0,Centre,5,1,1.716414
1054407,0,0,0,62993.79,11.050792,University,37,-18,68,Centre,3,1,1.7885966
1054418,0,0,0,23346.078,10.058185,Lower secondary,54,-1,1,Centre,4,0,2.204817
1054436,1,1,1,102140.734,11.534107,University,46,-9,81,Centre,3,0,0.48846218
1054584,0,0,0,33817.246,10.428726,University,28,-27,-39,Centre,4,1,2.7470832
1054659,0,0,0,3640.0,8.199739,Lower secondary,57,2,4,Centre,1,0,0.8960463
1054731,0,0,0,30940.0,10.339806,Upper secondary,65,10,100,Centre,3,1,1.9806591
1054751,0,0,0,68300.0,11.131665,Lower secondary,36,-19,105,Centre,3,0,1.9207703
1054755,0,0,0,128109.76,11.760643,University,69,14,-60,Centre,2,0,0.037348006
1054857,1,1,0,46985.863,10.757602,Upper secondary,43,-12,-112,Centre,4,1,2.3758068
1055000,0,0,0,40015.05,10.597011,Lower secondary,60,5,25,Centre,3,1,2.019145
1055008,0,0,0,20000.941,9.903535,Lower secondary,46,-9,81,Centre,3,1,2.950924
1055036,0,0,0,26700.18,10.192426,Upper secondary,50,-5,25,Centre,2,1,4.819369
1055179,0,0,0,42655.883,10.66092,Upper secondary,48,-7,49,Centre,2,0,1.1551349
1055221,0,0,0,21912.38,9.994807,Lower secondary,63,8,64,Centre,1,0,0.86803275
1055236,0,0,0,49019.32,10.79997,Upper secondary,46,-9,81,Centre,4,0,2.0233538
1055306,0,0,0,47297.04,10.764203,Lower secondary,65,10,100,Centre,2,0,1.1873401
1055377,0,0,0,30800.0,10.33527,Lower secondary,48,-7,49,Centre,5,1,1.7594159
1055905,0,0,0,60914.734,11.01723,Upper secondary,83,28,16,Centre,1,0,0.26093554
1056076,0,0,0,38231.715,10.551421,Upper secondary,56,1,1,South and Islands,4,0,0.13942643
1056097,0,0,0,24300.0,10.098231,Primary or less,79,24,64,South and Islands,4,1,0.44914693
1056121,0,0,0,18850.316,9.844285,Lower secondary,40,-15,-31,South and Islands,4,1,0.54719746
1056125,0,0,0,37054.56,10.520146,Upper secondary,74,19,105,South and Islands,2,1,0.21417053
1056126,0,0,0,14400.48,9.575017,Primary or less,35,-20,-112,South and Islands,2,0,0.5380542
1056137,0,0,0,56451.215,10.941133,Upper secondary,83,28,16,South and Islands,3,1,0.101697154
1056144,0,0,0,37819.72,10.5405855,Upper secondary,74,19,105,South and Islands,2,1,0.047474764
1056342,0,0,0,62698.266,11.046089,University,57,2,4,South and Islands,2,1,0.069835745
1056343,0,0,0,59802.203,10.998797,University,76,21,-71,South and Islands,2,0,0.028508075
1056346,0,0,0,50944.004,10.838483,University,49,-6,36,South and Islands,2,0,0.07557851
1056349,0,0,0,13466.976,9.507996,Primary or less,78,23,17,South and Islands,1,1,0.2550741
1056352,0,0,0,67945.91,11.126467,Upper secondary,74,19,105,South and Islands,3,0,0.05756167
1056354,0,0,0,15469.796,9.646645,Primary or less,89,34,-124,South and Islands,1,1,0.25232866
1056359,0,0,0,19590.139,9.882782,Lower secondary,70,15,-31,South and Islands,1,1,0.058038615
1056362,0,0,0,20413.732,9.923964,Lower secondary,68,13,-87,South and Islands,2,1,0.08636483
1056383,0,0,0,43426.13,10.678817,University,60,5,25,South and Islands,3,0,0.08183719
1056392,0,0,0,37601.566,10.5348015,Primary or less,73,18,68,South and Islands,4,0,0.071209185
1056403,0,0,0,27406.195,10.218524,Upper secondary,54,-1,1,South and Islands,2,0,0.13038675
1056404,0,0,0,54018.902,10.897089,Upper secondary,46,-9,81,South and Islands,5,1,0.38906932
1056406,0,0,0,46247.04,10.741753,University,59,4,16,South and Islands,2,1,0.11119997
1056408,0,0,0,30777.965,10.334555,University,68,13,-87,South and Islands,1,0,0.071982466
1056415,0,0,0,43328.24,10.676559,Upper secondary,61,6,36,South and Islands,3,0,0.07365763
1056417,0,0,0,27616.922,10.226184,Lower secondary,51,-4,16,South and Islands,4,1,0.10560024
1056420,0,0,0,12500.627,9.433535,Upper secondary,71,16,0,South and Islands,1,1,0.26621914
1056430,0,0,0,25920.932,10.1628065,Upper secondary,36,-19,105,South and Islands,5,1,0.35057956
1056454,0,0,0,33109.406,10.407573,Upper secondary,27,-28,16,South and Islands,4,1,0.13331738
1056458,0,0,0,53423.52,10.886006,University,63,8,64,South and Islands,1,1,0.04562681
1056459,0,0,0,28809.408,10.268457,Lower secondary,70,15,-31,South and Islands,2,0,0.0712115
1056487,0,0,0,23215.176,10.052562,Lower secondary,46,-9,81,South and Islands,4,1,0.4295634
1056496,0,0,0,55815.68,10.929811,Upper secondary,79,24,64,South and Islands,2,0,0.1780533
1056503,0,0,0,27804.703,10.232961,Upper secondary,60,5,25,South and Islands,2,0,0.08731738
1056576,0,0,0,28809.408,10.268457,Upper secondary,68,13,-87,South and Islands,1,1,1.5493646
1056582,0,0,0,25820.383,10.158919,Upper secondary,68,13,-87,South and Islands,2,0,1.4596885
1056583,0,0,0,21967.84,9.9973345,Upper secondary,82,27,-39,South and Islands,1,1,1.6120737
1056586,0,0,0,25000.0,10.126631,Lower secondary,36,-19,105,South and Islands,4,0,5.7840433
1056591,0,0,0,26003.764,10.165997,Lower secondary,50,-5,25,South and Islands,3,0,0.29094002
1056612,0,0,0,14404.971,9.575329,Lower secondary,47,-8,64,South and Islands,1,0,0.41992316
1056625,0,0,0,23632.477,10.070377,Primary or less,72,17,33,South and Islands,2,1,0.1297908
1056637,0,0,0,46032.035,10.737093,Upper secondary,51,-4,16,South and Islands,5,0,0.10558311
1056656,0,0,0,15001.101,9.615879,Lower secondary,37,-18,68,South and Islands,4,0,0.8129322
1057123,0,0,0,19505.959,9.878475,Primary or less,85,30,-124,South and Islands,3,1,0.81898916
1057125,0,0,0,8500.0,9.047821,Upper secondary,21,-34,-124,South and Islands,4,1,0.92238724
1057150,1,1,1,145003.7,11.884515,University,73,18,68,South and Islands,4,0,0.08213555
1057153,0,0,0,34100.0,10.437053,Upper secondary,67,12,-112,South and Islands,3,0,0.32957125
1057191,0,0,0,20200.0,9.913438,Lower secondary,57,2,4,South and Islands,1,1,0.4390485
1057206,0,0,0,58130.977,10.970454,University,45,-10,100,South and Islands,4,0,0.3651335
1057222,0,0,0,52919.516,10.876528,University,74,19,105,South and Islands,2,0,0.17635751
1057261,0,0,0,19330.744,9.869452,Primary or less,82,27,-39,South and Islands,2,0,0.45410722
1057277,0,0,0,25410.0,10.142899,Lower secondary,68,13,-87,South and Islands,5,1,0.22201456
1057286,0,0,0,6500.0,8.779557,Lower secondary,67,12,-112,South and Islands,1,1,0.41125193
1057318,0,0,0,8400.0,9.035987,Lower secondary,50,-5,25,South and Islands,2,1,0.88863075
1057331,0,0,0,6669.0,8.805225,Lower secondary,68,13,-87,South and Islands,3,0,0.10225893
1057364,0,0,0,20406.271,9.923597,Lower secondary,78,23,17,South and Islands,1,0,0.26319733
1057371,0,0,0,57509.965,10.959714,Primary or less,71,16,0,South and Islands,3,0,0.13274845
1057486,0,0,0,12000.0,9.392662,Lower secondary,66,11,121,South and Islands,3,0,0.4302008
1057503,0,0,0,24520.156,10.107251,Lower secondary,83,28,16,South and Islands,1,1,0.7314959
1057513,0,0,0,19240.0,9.864747,Primary or less,64,9,81,South and Islands,2,1,0.09165806
1057570,0,0,0,9120.0,9.118225,Lower secondary,39,-16,0,South and Islands,5,1,1.1373094
1057574,0,0,0,24440.0,10.103976,Lower secondary,65,10,100,South and Islands,3,0,0.49813554
1057589,0,0,0,47855.645,10.775945,Upper secondary,40,-15,-31,South and Islands,3,1,1.464495
1057853,0,0,0,54011.957,10.896961,University,50,-5,25,South and Islands,4,0,0.03097698
1057891,0,0,0,14800.0,9.602383,Lower secondary,46,-9,81,South and Islands,5,1,0.9302955
1057893,0,0,0,26006.416,10.166099,University,70,15,-31,South and Islands,1,1,0.044818733
1057918,0,0,0,32882.61,10.4007,Upper secondary,33,-22,-28,South and Islands,5,1,0.7842157
1058263,0,0,0,34663.71,10.453448,Lower secondary,37,-18,68,South and Islands,5,0,0.31807348
1058371,0,0,0,8500.0,9.047821,Lower secondary,55,0,0,South and Islands,1,1,0.4390485
1058515,0,0,0,37638.125,10.535772,Primary or less,79,24,64,South and Islands,3,0,0.412672
1058520,0,0,0,50309.945,10.825958,Lower secondary,75,20,-112,South and Islands,4,0,0.35941666
1058527,0,0,0,24714.45,10.115144,Upper secondary,67,12,-112,South and Islands,1,0,0.38006577
1058534,0,0,0,10000.0,9.2103405,Primary or less,52,-3,9,South and Islands,1,1,1.8137412
1058537,0,0,0,62403.953,11.041384,Upper secondary,65,10,100,South and Islands,3,0,0.61060154
1058544,0,0,0,88188.49,11.387232,University,72,17,33,South and Islands,1,0,0.09895345
1058545,0,0,0,38908.992,10.568981,Upper secondary,40,-15,-31,South and Islands,5,1,2.1955495
1058547,0,0,0,24863.52,10.121157,Primary or less,53,-2,4,South and Islands,3,1,0.25153565
1058551,0,0,0,31532.906,10.358787,University,43,-12,-112,South and Islands,4,1,2.4811006
1058557,0,0,0,46192.855,10.740581,University,44,-11,121,South and Islands,4,0,1.1393733
1058562,0,0,0,71396.84,11.176009,Upper secondary,47,-8,64,South and Islands,2,1,0.5765428
1058563,0,0,0,26630.713,10.18982,Upper secondary,54,-1,1,South and Islands,2,1,1.9600534
1058567,0,0,0,46684.977,10.751178,Upper secondary,40,-15,-31,South and Islands,4,0,0.8295455
1058659,0,0,0,20961.695,9.950452,Primary or less,80,25,113,South and Islands,2,0,0.15885395
1058662,0,0,0,43014.777,10.669299,University,57,2,4,South and Islands,4,0,0.13657564
1058665,0,0,0,38764.336,10.565256,Lower secondary,72,17,33,South and Islands,6,0,0.33749
1058667,0,0,0,28351.363,10.25243,Lower secondary,77,22,-28,South and Islands,2,0,0.3145094
1058706,0,0,0,47936.24,10.777627,University,79,24,64,South and Islands,1,0,0.03158795
1058715,0,0,0,35665.926,10.481951,University,55,0,0,South and Islands,4,0,0.051210433
1058723,0,0,0,60069.906,11.003264,University,76,21,-71,South and Islands,3,0,0.18438996
1058738,0,0,0,71045.875,11.171082,University,73,18,68,South and Islands,2,0,0.05781927
1058740,0,0,0,26033.578,10.167143,Upper secondary,29,-26,-92,South and Islands,3,1,0.53577775
1058780,0,0,0,34855.47,10.458965,Upper secondary,63,8,64,South and Islands,3,0,0.053297438
1058785,0,0,0,18604.203,9.831142,Lower secondary,65,10,100,South and Islands,2,0,0.16112006
1058793,0,0,0,80097.37,11.290998,Upper secondary,54,-1,1,South and Islands,5,1,0.10144965
1058799,0,0,0,7802.335,8.962178,Lower secondary,70,15,-31,South and Islands,1,0,0.14044423
1058841,0,0,0,43230.785,10.674308,Upper secondary,58,3,9,South and Islands,3,0,0.14320166
1058844,0,0,0,38281.36,10.552718,Lower secondary,70,15,-31,South and Islands,2,0,0.1136084
1058848,0,0,0,14400.0,9.574984,Lower secondary,70,15,-31,South and Islands,1,1,0.099754855
1058856,0,0,0,7200.0,8.881836,Lower secondary,31,-24,64,South and Islands,2,0,0.9374885
1058874,0,0,0,4800.0,8.476371,Lower secondary,48,-7,49,South and Islands,2,0,0.6317082
1058910,0,0,0,49050.727,10.800611,Upper secondary,55,0,0,South and Islands,4,0,0.13558185
1058933,0,0,0,22000.0,9.998797,Upper secondary,52,-3,9,South and Islands,3,0,0.17817993
1059044,0,0,0,10000.0,9.2103405,Primary or less,53,-2,4,South and Islands,4,0,0.26551303
1059047,0,0,0,35609.664,10.480372,Upper secondary,59,4,16,South and Islands,4,0,0.30002624
1059066,0,0,0,64774.21,11.078663,University,59,4,16,South and Islands,3,0,0.1684394
1059069,0,0,0,44009.406,10.692159,Lower secondary,55,0,0,South and Islands,3,0,0.12524694
1059073,0,0,0,48222.06,10.783572,Lower secondary,56,1,1,South and Islands,4,0,0.45515355
1059079,0,0,0,33415.03,10.416761,Lower secondary,49,-6,36,South and Islands,6,0,0.51035815
1059086,0,0,0,45609.406,10.727869,Lower secondary,36,-19,105,South and Islands,4,0,0.21296886
1059088,0,0,0,23403.137,10.060625,Upper secondary,35,-20,-112,South and Islands,3,0,0.07284817
1059091,0,0,0,53046.582,10.878925,Lower secondary,51,-4,16,South and Islands,4,0,0.17949395
1059092,0,0,0,26015.68,10.166454,Upper secondary,52,-3,9,South and Islands,4,0,0.19933395
1059093,0,0,0,18003.764,9.798336,Lower secondary,57,2,4,South and Islands,1,0,0.35798267
1059254,0,0,0,7800.0,8.961879,Lower secondary,63,8,64,South and Islands,2,0,2.2690911
1059256,0,0,0,12900.0,9.464983,Primary or less,74,19,105,South and Islands,2,0,2.083644
1059257,0,0,0,9240.0,9.131297,Upper secondary,60,5,25,South and Islands,1,1,6.4194164
1059258,0,0,0,21821.576,9.990655,Primary or less,80,25,113,South and Islands,1,1,3.525879
1059259,0,0,0,17266.031,9.756496,Primary or less,84,29,73,South and Islands,2,1,2.870399
1059260,0,0,0,16559.703,9.714727,Primary or less,90,35,-55,South and Islands,2,1,2.7579184
1059262,0,0,0,19860.14,9.89647,Lower secondary,74,19,105,South and Islands,2,0,2.0335524
1059263,0,0,0,23901.941,10.081715,Primary or less,85,30,-124,South and Islands,2,0,2.8860505
1059265,0,0,0,15000.284,9.615825,Upper secondary,48,-7,49,South and Islands,3,0,5.7430487
1059266,0,0,0,13763.03,9.529741,Primary or less,79,24,64,South and Islands,1,1,3.5108635
1059267,0,0,0,31171.176,10.347249,Lower secondary,42,-13,-87,South and Islands,2,0,4.018911
1059268,0,0,0,24903.875,10.122779,Lower secondary,40,-15,-31,South and Islands,4,1,4.7817993
1059269,0,0,0,26507.605,10.185187,Upper secondary,43,-12,-112,South and Islands,3,0,6.021605
1059273,0,0,0,25210.498,10.1350155,University,34,-21,-71,South and Islands,3,1,5.837716
1059275,0,0,0,8450.4,9.041969,Primary or less,72,17,33,South and Islands,1,0,1.8507739
1059279,0,0,0,24982.455,10.125929,Upper secondary,72,17,33,South and Islands,4,1,0.23079582
1059289,0,0,0,40804.527,10.616549,Upper secondary,44,-11,121,South and Islands,4,0,0.21764445
1059298,0,0,0,24329.543,10.099446,Upper secondary,69,14,-60,South and Islands,2,0,0.15101533
1059313,0,0,0,24809.607,10.118986,University,39,-16,0,South and Islands,4,1,0.19148362
1059317,0,0,0,21109.021,9.957456,Lower secondary,74,19,105,South and Islands,2,0,0.20741847
1059334,0,0,0,80089.086,11.2908945,Upper secondary,27,-28,16,South and Islands,4,0,0.16634595
1059359,0,0,0,98554.586,11.498365,Upper secondary,71,16,0,South and Islands,2,0,0.020737635
1059370,0,0,0,13442.252,9.506158,Upper secondary,65,10,100,South and Islands,1,1,0.086329415
1059394,0,0,0,59645.664,10.996177,University,68,13,-87,South and Islands,1,1,0.07021933
1059396,0,0,0,16809.408,9.729694,Lower secondary,38,-17,33,South and Islands,4,0,0.09797471
1059399,0,0,0,13899.777,9.539628,Primary or less,84,29,73,South and Islands,1,1,0.13011715
1059421,0,0,0,36026.832,10.49202,Upper secondary,36,-19,105,South and Islands,2,0,0.20314837
1059423,0,0,0,21082.383,9.956193,Upper secondary,30,-25,113,South and Islands,3,0,0.16767468
1059433,0,0,0,22815.47,10.035194,University,51,-4,16,South and Islands,1,0,4.3607836
1059435,0,0,0,39010.19,10.571578,University,29,-26,-92,South and Islands,4,0,3.285046
1059444,0,0,0,21005.08,9.952519,Upper secondary,30,-25,113,South and Islands,4,1,5.5687647
1059445,0,0,0,42616.168,10.659989,Lower secondary,47,-8,64,South and Islands,5,1,3.9219606
1059452,0,0,0,24380.855,10.101554,Upper secondary,69,14,-60,South and Islands,3,1,0.08928556
1059453,0,0,0,11300.0,9.332558,Lower secondary,43,-12,-112,South and Islands,4,1,0.4865342
1059465,0,0,0,35010.086,10.463391,Upper secondary,44,-11,121,South and Islands,3,0,0.18783316
1059488,0,0,0,24121.152,10.090844,Primary or less,78,23,17,South and Islands,2,1,0.15525189
1059491,0,0,0,16515.08,9.712029,Primary or less,62,7,49,South and Islands,3,1,0.0714709
1059499,0,0,0,24394.078,10.102096,Primary or less,83,28,16,South and Islands,2,1,0.04711256
1059505,0,0,0,14024.833,9.548585,Lower secondary,64,9,81,South and Islands,2,0,0.16578476
1059514,0,0,0,4888.6353,8.494668,Lower secondary,63,8,64,South and Islands,3,1,0.192451
1059532,0,0,0,14600.0,9.588777,Primary or less,68,13,-87,South and Islands,1,1,1.7943158
1059537,0,0,0,19300.0,9.867861,Lower secondary,63,8,64,South and Islands,2,1,1.5931231
1059538,0,0,0,23756.271,10.075602,Lower secondary,76,21,-71,South and Islands,2,1,0.35568258
1059557,0,0,0,16004.704,9.680638,Upper secondary,43,-12,-112,South and Islands,3,0,1.6039088
1059632,0,0,0,73815.59,11.209326,Upper secondary,74,19,105,South and Islands,3,0,0.070636235
1059646,0,0,0,20101.645,9.908557,Primary or less,82,27,-39,South and Islands,2,0,0.20776482
1059664,0,0,0,49349.8,10.806689,Upper secondary,61,6,36,South and Islands,2,0,0.06456471
1059677,0,0,0,28215.336,10.247621,Upper secondary,63,8,64,South and Islands,3,1,0.07472861
1059718,0,0,0,33434.496,10.417343,Upper secondary,51,-4,16,South and Islands,1,0,0.20730634
1059765,0,0,0,9000.0,9.1049795,Lower secondary,55,0,0,South and Islands,2,1,0.7737923
1059780,0,0,0,35537.633,10.478348,University,43,-12,-112,South and Islands,3,0,0.26759627
1059793,0,0,0,49917.73,10.818131,Upper secondary,73,18,68,South and Islands,3,0,0.07515629
1059803,0,0,0,57800.0,10.964744,University,70,15,-31,South and Islands,2,0,0.0598545
1059814,0,0,0,54130.902,10.89916,Upper secondary,57,2,4,South and Islands,5,0,0.1791233
1059841,0,0,0,38415.68,10.556221,Upper secondary,64,9,81,South and Islands,2,0,0.13287196
1059852,0,0,0,24162.822,10.09257,Primary or less,74,19,105,South and Islands,2,1,0.067397505
1059854,0,0,0,15204.704,9.62936,Primary or less,65,10,100,South and Islands,1,1,0.26980114
1059857,0,0,0,18511.568,9.826151,Lower secondary,72,17,33,South and Islands,2,0,0.06825214
1059861,0,0,0,16201.882,9.692883,Lower secondary,59,4,16,South and Islands,3,1,0.12851964
1059975,0,0,0,39830.535,10.592389,Upper secondary,30,-25,113,South and Islands,3,1,0.1353118
1059977,0,0,0,38539.05,10.559427,University,40,-15,-31,South and Islands,1,0,0.14508772
1059982,0,0,0,12904.704,9.465347,Upper secondary,23,-32,0,South and Islands,1,0,0.7990479
1059987,0,0,0,139232.95,11.843904,University,81,26,-92,South and Islands,2,0,0.04031289
1059993,0,0,0,50478.4,10.829301,University,54,-1,1,South and Islands,1,1,0.17289159
1060005,0,0,0,67439.45,11.118985,University,83,28,16,South and Islands,2,0,0.028700542
1060010,0,0,0,142509.52,11.867164,University,71,16,0,South and Islands,4,0,0.049456406
1060011,0,0,0,144375.84,11.880176,University,73,18,68,South and Islands,2,0,0.024861943
1060021,1,1,0,58598.33,10.978461,University,63,8,64,South and Islands,5,1,0.0867553
1060023,1,1,0,42011.336,10.645695,University,72,17,33,South and Islands,1,1,0.08803346
1060037,1,1,0,20011.197,9.904047,Upper secondary,70,15,-31,South and Islands,1,1,0.1267226
1060040,0,0,0,45836.02,10.732825,Upper secondary,73,18,68,South and Islands,2,0,0.051790416
1060047,0,0,0,56261.36,10.937763,Upper secondary,69,14,-60,South and Islands,2,1,0.08408855
1060056,0,0,0,76078.4,11.23952,Upper secondary,63,8,64,South and Islands,2,1,0.0504189
1060076,1,0,1,71385.21,11.175846,University,70,15,-31,South and Islands,2,0,0.03862813
1060079,0,0,0,87398.68,11.378236,University,76,21,-71,South and Islands,1,1,0.07948222
1060083,0,0,0,59404.465,10.992125,University,49,-6,36,South and Islands,3,0,0.14733982
1060092,0,0,0,70207.67,11.159213,Upper secondary,53,-2,4,South and Islands,2,1,0.11472931
1060112,0,0,0,21563.129,9.97874,Upper secondary,23,-32,0,South and Islands,1,1,0.24031463
1060233,0,0,0,33084.49,10.40682,Upper secondary,59,4,16,South and Islands,1,1,0.21990974
1060296,0,0,0,35628.316,10.480896,Upper secondary,57,2,4,South and Islands,3,0,0.27102777
1060393,1,1,1,40916.434,10.6192875,University,52,-3,9,South and Islands,4,0,0.24139062
1060445,0,0,0,13804.704,9.532764,Primary or less,77,22,-28,South and Islands,1,1,0.3625407
1060466,0,0,0,11400.0,9.341369,Lower secondary,66,11,121,South and Islands,2,0,0.63972676
1060504,0,0,0,20731.36,9.939403,Primary or less,72,17,33,South and Islands,1,1,0.10597294
1060511,1,1,0,72298.57,11.18856,University,69,14,-60,South and Islands,2,0,0.028565431
1060526,0,0,0,80904.7,11.301027,Upper secondary,66,11,121,South and Islands,4,0,0.088741586
1060557,1,1,1,57309.14,10.956216,Upper secondary,54,-1,1,South and Islands,4,0,0.2070635
1060559,0,0,0,12352.94,9.421649,Primary or less,61,6,36,South and Islands,1,0,0.199144
1060569,0,0,0,35999.355,10.491257,University,47,-8,64,South and Islands,4,0,0.20765294
1060653,0,0,0,10800.0,9.287301,Upper secondary,45,-10,100,South and Islands,1,1,0.38556552
1060713,1,0,1,80218.68,11.292512,University,50,-5,25,South and Islands,5,0,0.3050581
1060756,0,0,0,18515.68,9.826373,Lower secondary,41,-14,-60,South and Islands,1,0,7.9575524
1060777,0,0,0,26862.719,10.198495,Lower secondary,45,-10,100,South and Islands,1,0,6.160774
1060887,0,0,0,16009.346,9.680928,Upper secondary,32,-23,17,South and Islands,1,0,1.2502342
1060949,0,0,0,13003.102,9.472943,Primary or less,66,11,121,South and Islands,1,0,0.35406134
1060955,1,1,1,72916.164,11.197065,University,56,1,1,South and Islands,3,0,0.08290064
1060958,0,0,0,93025.44,11.440628,Upper secondary,67,12,-112,South and Islands,3,0,0.061810695
1060959,1,1,1,99194.5,11.504838,Upper secondary,58,3,9,South and Islands,4,0,0.065604515
1060967,0,0,0,39008.707,10.57154,Upper secondary,65,10,100,South and Islands,4,0,0.06298906
1060969,1,1,0,183836.73,12.121803,Upper secondary,65,10,100,South and Islands,4,0,0.04266577
1060982,1,1,0,65244.023,11.08589,University,60,5,25,South and Islands,1,0,0.084053814
1060984,0,0,0,78300.0,11.268303,Lower secondary,60,5,25,South and Islands,4,0,0.09062882
1060986,0,0,0,31240.76,10.349479,Upper secondary,61,6,36,South and Islands,3,0,0.12762274
1060997,1,1,1,96354.766,11.475792,University,71,16,0,South and Islands,2,0,0.021224458
1061014,1,1,1,69849.86,11.154103,University,54,-1,1,South and Islands,4,0,0.13337174
1061017,0,0,0,35101.36,10.465995,Upper secondary,44,-11,121,South and Islands,3,0,0.15564632
1061021,0,0,0,238609.3,12.382583,University,51,-4,16,South and Islands,4,0,0.06292521
1061024,0,0,0,39909.406,10.594367,Upper secondary,42,-13,-87,South and Islands,4,1,0.42177403
1061030,0,0,0,409.4092,6.014715,Upper secondary,57,2,4,South and Islands,1,0,0.2262745
1061031,0,0,0,24485.715,10.105845,Upper secondary,65,10,100,South and Islands,2,0,0.21091516
1061032,0,0,0,55494.168,10.924033,Upper secondary,48,-7,49,South and Islands,5,0,0.14603709
1061062,0,0,0,24919.2,10.123394,University,42,-13,-87,South and Islands,1,0,1.5737383
1061228,0,0,0,21762.719,9.987954,Primary or less,72,17,33,South and Islands,2,1,0.28434137
1061248,0,0,0,14365.715,9.572599,Primary or less,80,25,113,South and Islands,1,1,0.4863121
1061257,0,0,0,21030.105,9.953711,Primary or less,91,36,16,South and Islands,1,1,0.43283355
1061265,0,0,0,67243.75,11.116079,University,73,18,68,South and Islands,2,0,0.02914918
1061269,0,0,0,23401.568,10.060558,Lower secondary,82,27,-39,South and Islands,3,0,0.30799356
1061436,0,0,0,19006.111,9.852516,Upper secondary,61,6,36,South and Islands,1,1,0.49225107
1061453,0,0,0,22804.703,10.034722,Upper secondary,75,20,-112,South and Islands,2,0,0.31118876
1061458,0,0,0,14762.509,9.599846,Upper secondary,41,-14,-60,South and Islands,3,0,0.9649458
1061493,0,0,0,10001.568,9.210497,Lower secondary,54,-1,1,South and Islands,2,0,0.46443695
1061532,1,1,0,81997.03,11.314439,University,62,7,49,South and Islands,2,0,0.0974706
1061552,0,0,0,26259.582,10.175786,Primary or less,71,16,0,South and Islands,2,0,0.29926753
1061754,0,0,0,57785.633,10.964496,Upper secondary,66,11,121,South and Islands,3,0,0.13558577
1061797,0,0,0,22215.68,10.0085535,Lower secondary,63,8,64,South and Islands,2,0,0.04015987
1061831,0,0,0,35049.63,10.46452,Lower secondary,68,13,-87,South and Islands,2,0,0.13246283
1061858,0,0,0,30430.018,10.323185,Lower secondary,58,3,9,South and Islands,5,0,0.13425063
1061862,0,0,0,33009.406,10.404548,Lower secondary,79,24,64,South and Islands,2,0,0.24773924
1061913,0,0,0,24297.965,10.098148,University,77,22,-28,South and Islands,1,1,0.090625964
1061917,0,0,0,65238.61,11.085807,University,83,28,16,South and Islands,2,0,0.16254966
1061920,1,0,0,39338.97,10.579971,University,62,7,49,South and Islands,3,0,0.060447384
1061973,0,0,0,13200.975,9.488046,Primary or less,65,10,100,South and Islands,1,1,0.1383211
1061981,0,0,0,48227.305,10.783681,University,81,26,-92,South and Islands,2,0,0.082505636
1061983,0,0,0,33805.645,10.428383,Upper secondary,60,5,25,South and Islands,4,0,0.14370136
1061986,0,0,0,40843.902,10.617513,Primary or less,76,21,-71,South and Islands,2,0,0.4808031
1061992,0,0,0,21622.973,9.981512,Lower secondary,76,21,-71,South and Islands,1,0,0.5908549
1061994,0,0,0,17161.88,9.750446,Primary or less,70,15,-31,South and Islands,3,0,0.24170344
1062004,0,0,0,37223.38,10.524693,University,80,25,113,South and Islands,2,0,0.031130744
1062042,0,0,0,31024.682,10.342539,Upper secondary,54,-1,1,South and Islands,3,0,0.3660493
1062045,0,0,0,37804.703,10.540189,Primary or less,83,28,16,South and Islands,2,0,0.48011425
1062061,0,0,0,47838.203,10.775579,Upper secondary,61,6,36,South and Islands,4,1,0.34759513
1062083,0,0,0,36401.566,10.502367,Lower secondary,50,-5,25,South and Islands,3,0,0.20140463
1062087,0,0,0,27163.484,10.209629,Upper secondary,63,8,64,South and Islands,3,1,0.3749982
1062098,0,0,0,50015.76,10.820093,Upper secondary,53,-2,4,South and Islands,2,1,1.018026
1062104,1,0,1,28489.346,10.257285,Upper secondary,58,3,9,South and Islands,4,0,0.19119318
1062117,0,0,0,23401.88,10.060572,Primary or less,55,0,0,South and Islands,3,0,0.15818287
1062125,0,0,0,37007.984,10.518889,Primary or less,55,0,0,South and Islands,3,0,0.19191413
1062133,0,0,0,50831.305,10.836267,University,69,14,-60,South and Islands,2,0,0.052267663
1062149,0,0,0,21010.111,9.952759,Upper secondary,56,1,1,South and Islands,2,1,0.69168913
1062152,0,0,0,37650.734,10.536108,Upper secondary,54,-1,1,South and Islands,4,0,0.4025964
1062221,0,0,0,26021.814,10.166691,Upper secondary,34,-21,-71,South and Islands,1,0,0.7016653
1062227,0,0,0,45956.215,10.735444,University,53,-2,4,South and Islands,4,0,0.040079396
1062230,0,0,0,22972.943,10.042072,Upper secondary,51,-4,16,South and Islands,2,1,0.23522267
1062238,0,0,0,14750.94,9.599062,Lower secondary,30,-25,113,South and Islands,4,0,1.0062499
1062241,0,0,0,42352.67,10.653787,Upper secondary,36,-19,105,South and Islands,3,0,0.46225598
1062280,0,0,0,56773.047,10.946817,University,60,5,25,South and Islands,2,1,0.11925616
1062337,0,0,0,25400.176,10.142511,Upper secondary,67,12,-112,South and Islands,2,1,0.42911318
1062541,0,0,0,19018.54,9.853169,Lower secondary,51,-4,16,South and Islands,2,1,0.3751073
1062542,0,0,0,30645.209,10.330232,Lower secondary,62,7,49,South and Islands,4,1,0.13483454
1062543,0,0,0,19224.451,9.863938,Upper secondary,66,11,121,South and Islands,2,0,0.29152375
1062545,0,0,0,19855.477,9.896235,Upper secondary,69,14,-60,South and Islands,3,0,0.07539973
1062551,0,0,0,43087.234,10.670982,Lower secondary,60,5,25,South and Islands,5,0,0.11962231
1062553,0,0,0,20265.22,9.916661,Primary or less,83,28,16,South and Islands,2,0,0.38124505
1062554,0,0,0,32494.094,10.388814,University,73,18,68,South and Islands,2,1,0.24611297
1062558,0,0,0,35925.55,10.489204,University,67,12,-112,South and Islands,3,1,0.0635947
1062563,0,0,0,39486.113,10.583704,Upper secondary,56,1,1,South and Islands,3,1,0.099503815
1062571,0,0,0,19018.332,9.853159,Lower secondary,27,-28,16,South and Islands,4,1,0.6891379
1062576,0,0,0,45125.94,10.717213,Upper secondary,28,-27,-39,South and Islands,4,0,0.12920271
1062950,0,0,0,79109.76,11.278591,University,67,12,-112,South and Islands,5,0,0.08661382
1062956,0,0,0,17001.88,9.741079,Primary or less,79,24,64,South and Islands,1,1,0.5153905
1062962,0,0,0,39534.496,10.5849285,Lower secondary,59,4,16,South and Islands,2,0,0.14439346
1062969,0,0,0,23126.287,10.048725,Upper secondary,54,-1,1,South and Islands,5,0,0.086370066
1062973,0,0,0,69715.68,11.152181,Upper secondary,81,26,-92,South and Islands,3,0,0.085691005
1062977,0,0,0,40663.918,10.613096,Upper secondary,59,4,16,South and Islands,3,0,0.24691354
1062978,0,0,0,48040.766,10.779805,Lower secondary,58,3,9,South and Islands,5,0,0.11185267
1062982,0,0,0,22309.408,10.012764,Primary or less,89,34,-124,South and Islands,1,0,0.46696758
1062983,0,0,0,40290.215,10.603864,Lower secondary,50,-5,25,South and Islands,6,0,0.10986397
1062990,0,0,0,16050.0,9.683464,Lower secondary,63,8,64,South and Islands,2,0,0.320357
1063494,0,0,0,20131.36,9.910034,Upper secondary,29,-26,-92,South and Islands,1,1,1.0312878
1063495,0,0,0,81541.12,11.308863,University,38,-17,33,South and Islands,2,0,0.21427733
1063498,0,0,0,62011.555,11.035076,Upper secondary,38,-17,33,South and Islands,4,0,0.13036403
1063499,0,0,0,6600.0,8.794825,Lower secondary,50,-5,25,South and Islands,1,1,0.10570253
1063503,0,0,0,111816.88,11.624618,University,63,8,64,South and Islands,2,0,0.06344644
1063504,0,0,0,121849.61,11.710543,University,60,5,25,South and Islands,2,1,0.022569554
1063505,0,0,0,12550.0,9.437476,Lower secondary,43,-12,-112,South and Islands,4,1,0.5010774
1063512,0,0,0,46593.17,10.749209,Primary or less,71,16,0,South and Islands,2,0,0.08912904
1063531,0,0,0,33415.42,10.416773,Lower secondary,73,18,68,South and Islands,2,0,0.06455337
1063546,0,0,0,37500.0,10.532096,University,77,22,-28,South and Islands,2,0,0.047892515
1063564,0,0,0,25200.713,10.134627,Lower secondary,47,-8,64,South and Islands,4,0,0.39983708
1063581,1,1,0,142090.5,11.86422,University,47,-8,64,South and Islands,1,0,0.07242936
1063583,0,0,0,65579.57,11.09102,University,40,-15,-31,South and Islands,3,0,0.14761552
1063584,0,0,0,55294.08,10.920422,Upper secondary,65,10,100,South and Islands,2,0,0.022312332
1063586,0,0,0,31544.332,10.359149,Upper secondary,32,-23,17,South and Islands,3,0,0.4719706
1063594,0,0,0,17702.145,9.781441,University,39,-16,0,South and Islands,1,0,0.66698724
1063599,0,0,0,7203.1357,8.882272,University,58,3,9,South and Islands,1,0,0.034504883
1063601,0,0,0,28196.797,10.2469635,Upper secondary,56,1,1,South and Islands,2,1,0.30537325
1063602,1,1,0,138267.33,11.836945,University,59,4,16,South and Islands,5,0,0.04091135
1063605,1,1,1,77052.77,11.252246,Upper secondary,62,7,49,South and Islands,1,1,0.121089555
1063607,0,0,0,35795.438,10.485576,Upper secondary,80,25,113,South and Islands,1,1,0.079039216
1063609,0,0,0,47031.36,10.75857,Lower secondary,67,12,-112,South and Islands,2,0,0.09186209
1063612,1,1,0,13618.053,9.519152,Lower secondary,63,8,64,South and Islands,1,1,0.061256252
1063613,0,0,0,19470.816,9.876672,Upper secondary,73,18,68,South and Islands,1,1,0.32225055
1063622,0,0,0,55356.797,10.921555,Upper secondary,65,10,100,South and Islands,3,1,0.074456304
1063631,0,0,0,189919.52,12.154356,University,63,8,64,South and Islands,2,0,0.019757938
1063634,0,0,0,34801.566,10.4574175,University,59,4,16,South and Islands,3,0,0.042550102
1063643,1,0,1,403540.44,12.908032,University,57,2,4,South and Islands,2,0,0.024666985
1063644,1,1,1,142279.12,11.865546,University,81,26,-92,South and Islands,2,0,0.025261864
1063645,1,1,1,132553.47,11.794742,University,55,0,0,South and Islands,3,0,0.08424892
1063646,0,0,0,24858.543,10.120956,Lower secondary,54,-1,1,South and Islands,3,0,0.32981747
1063648,0,0,0,58706.332,10.980303,University,47,-8,64,South and Islands,2,0,0.087404095
1063657,0,0,0,35903.45,10.488588,Upper secondary,62,7,49,South and Islands,2,0,0.093626074
1063666,0,0,0,23406.271,10.06076,Upper secondary,30,-25,113,South and Islands,1,1,0.72722745
1063667,1,1,1,44324.926,10.699303,Upper secondary,46,-9,81,South and Islands,1,0,0.04507748
1063669,0,0,0,48905.805,10.797651,University,54,-1,1,South and Islands,1,0,0.15835747
1063672,0,0,0,38004.703,10.545465,Upper secondary,51,-4,16,South and Islands,1,0,0.19196108
1063674,0,0,0,29671.117,10.29793,University,73,18,68,South and Islands,2,0,0.052111197
1063754,1,1,1,43935.816,10.690485,Upper secondary,64,9,81,South and Islands,3,0,0.10298422
1063765,0,0,0,109687.39,11.60539,University,82,27,-39,South and Islands,2,0,0.032815438
1063807,0,0,0,88770.47,11.393809,Upper secondary,50,-5,25,South and Islands,2,1,0.1300903
1063808,0,0,0,46949.47,10.756827,Lower secondary,63,8,64,South and Islands,3,0,0.14752565
1063824,0,0,0,165491.72,12.016677,University,80,25,113,South and Islands,3,0,0.040723972
1063830,0,0,0,27318.398,10.215316,Upper secondary,85,30,-124,South and Islands,2,0,0.06960315
1063833,0,0,0,45420.605,10.7237215,Upper secondary,57,2,4,South and Islands,2,0,0.022707984
1063849,0,0,0,42452.508,10.656141,Upper secondary,58,3,9,South and Islands,4,0,0.17988299
1063864,0,0,0,29982.01,10.308352,Upper secondary,51,-4,16,South and Islands,5,0,2.1284106
1063868,0,0,0,4700.0,8.4553175,Lower secondary,31,-24,64,South and Islands,4,1,3.3450673
1063871,0,0,0,17276.31,9.7570915,Primary or less,78,23,17,South and Islands,1,1,1.7982572
1063873,0,0,0,11826.313,9.378082,Primary or less,78,23,17,South and Islands,2,1,1.0804603
1063877,0,0,0,12891.136,9.464295,Lower secondary,40,-15,-31,South and Islands,3,0,3.9180846
1064352,1,1,0,47318.414,10.764655,Upper secondary,76,21,-71,South and Islands,2,0,0.062892154
1064590,0,0,0,32556.797,10.390741,University,65,10,100,South and Islands,1,0,0.10170622
1064595,0,0,0,73014.69,11.198416,University,70,15,-31,South and Islands,2,0,0.067574166
1064596,1,1,1,39820.164,10.592129,University,63,8,64,South and Islands,3,0,0.1790215
1064606,0,0,0,16769.22,9.727301,Lower secondary,56,1,1,South and Islands,3,0,0.38440716
1064614,0,0,0,58556.797,10.977753,Upper secondary,78,23,17,South and Islands,2,0,0.12506323
1064620,0,0,0,5651.0977,8.6396055,Lower secondary,67,12,-112,South and Islands,2,0,0.2692528
1064622,0,0,0,43949.46,10.690796,Upper secondary,73,18,68,South and Islands,3,0,0.14732474
1064625,0,0,0,37361.203,10.528388,University,72,17,33,South and Islands,3,0,0.12575343
1064626,0,0,0,46441.492,10.745949,Upper secondary,87,32,0,South and Islands,1,1,0.1545243
1064629,0,0,0,19531.787,9.879799,Primary or less,76,21,-71,South and Islands,2,0,0.069909886
1064631,0,0,0,12009.266,9.393434,Primary or less,89,34,-124,South and Islands,1,1,0.44622025
1064636,1,1,0,68216.51,11.130442,University,71,16,0,South and Islands,2,1,0.027293481
1064653,0,0,0,16980.24,9.739805,Lower secondary,66,11,121,South and Islands,1,0,0.08737669
1064658,1,1,0,45924.285,10.734749,Upper secondary,67,12,-112,South and Islands,3,0,0.07162107
1064660,0,0,0,50392.4,10.827596,Upper secondary,79,24,64,South and Islands,2,0,0.10204555
1064662,1,1,0,31793.559,10.367019,Lower secondary,59,4,16,South and Islands,2,0,0.13770488
1064666,0,0,0,25010.854,10.127066,Primary or less,79,24,64,South and Islands,2,1,0.28399116
1064681,0,0,0,50582.41,10.831359,Upper secondary,76,21,-71,South and Islands,3,0,0.05472533
1064683,0,0,0,25102.83,10.130736,Lower secondary,72,17,33,South and Islands,4,1,0.43735838
1064690,0,0,0,12808.23,9.457843,Primary or less,84,29,73,South and Islands,1,1,0.44450685
1064967,0,0,0,9600.313,9.169551,Primary or less,76,21,-71,South and Islands,1,1,0.330398
1064973,0,0,0,12001.568,9.392793,Primary or less,82,27,-39,South and Islands,2,0,0.2665449
1064984,0,0,0,17401.568,9.764316,Primary or less,76,21,-71,South and Islands,2,0,0.26879743
1064986,0,0,0,20400.314,9.9233055,Primary or less,75,20,-112,South and Islands,3,0,0.21811338
1064990,0,0,0,42602.824,10.659676,Lower secondary,75,20,-112,South and Islands,3,0,0.07340999
1064991,0,0,0,15400.0,9.642123,Primary or less,80,25,113,South and Islands,1,0,0.31406814
1065007,0,0,0,28200.0,10.247077,Primary or less,70,15,-31,South and Islands,1,0,0.06754599
1065070,0,0,0,40804.703,10.616552,Primary or less,53,-2,4,South and Islands,5,0,0.12643702
1065077,0,0,0,14000.313,9.546835,Lower secondary,46,-9,81,South and Islands,3,0,0.5957116
1065454,1,1,0,108925.0,11.598414,University,87,32,0,South and Islands,2,0,0.04893613
1065456,0,0,0,15245.575,9.632045,Lower secondary,62,7,49,South and Islands,2,1,0.071638055
1065479,0,0,0,10051.743,9.215502,Upper secondary,55,0,0,South and Islands,4,0,0.5187044
1065493,0,0,0,7100.0,8.86785,Primary or less,80,25,113,South and Islands,1,1,0.49616593
1065499,0,0,0,21971.568,9.997504,Primary or less,70,15,-31,South and Islands,1,1,0.095982075
1065504,0,0,0,15441.568,9.644818,Primary or less,75,20,-112,South and Islands,1,1,0.2638956
1065516,0,0,0,52587.258,10.870229,Upper secondary,77,22,-28,South and Islands,1,1,0.10113625
1065520,0,0,0,18431.36,9.821809,Primary or less,84,29,73,South and Islands,5,0,0.59314525
1065537,0,0,0,19021.951,9.853349,Lower secondary,81,26,-92,South and Islands,1,1,0.48580042
1065544,0,0,0,12609.408,9.442199,Primary or less,73,18,68,South and Islands,1,1,0.4967904
1065551,0,0,0,17501.568,9.770046,Primary or less,88,33,65,South and Islands,1,1,0.48822305
1065572,0,0,0,57985.973,10.967957,Upper secondary,77,22,-28,South and Islands,2,0,0.082627654
1065575,0,0,0,16805.904,9.7294855,Lower secondary,60,5,25,South and Islands,1,1,0.54189384
1065580,0,0,0,37765.992,10.539165,Upper secondary,66,11,121,South and Islands,1,1,0.48598674
1065598,0,0,0,16502.264,9.711253,Primary or less,92,37,89,South and Islands,1,1,0.4958708
1065656,0,0,0,45528.4,10.726091,Upper secondary,88,33,65,South and Islands,1,0,0.0740624
1065662,0,0,0,16532.822,9.713103,Primary or less,71,16,0,South and Islands,2,0,0.054830737
1065671,0,0,0,18855.332,9.844551,Lower secondary,81,26,-92,South and Islands,1,1,0.10851791
1065696,0,0,0,103574.07,11.548042,Upper secondary,71,16,0,South and Islands,3,0,0.090004764
1065699,0,0,0,26716.406,10.193033,Upper secondary,77,22,-28,South and Islands,4,0,0.34835753
1065706,0,0,0,60562.72,11.011435,Lower secondary,72,17,33,South and Islands,2,0,0.047819693
1065712,0,0,0,21604.703,9.980666,Primary or less,65,10,100,South and Islands,1,1,0.04961511
1065716,0,0,0,23562.543,10.067413,Primary or less,66,11,121,South and Islands,3,0,0.08084657
1065720,0,0,0,14650.0,9.5921955,Primary or less,75,20,-112,South and Islands,1,1,0.4905438
1065723,1,1,1,41615.273,10.636223,Upper secondary,69,14,-60,South and Islands,3,0,0.081043445
1065735,0,0,0,23804.703,10.077639,Lower secondary,80,25,113,South and Islands,3,0,0.08264868
1065851,0,0,0,32031.36,10.374471,Upper secondary,77,22,-28,South and Islands,1,1,0.47871307
1065853,0,0,0,39331.62,10.579784,Lower secondary,67,12,-112,South and Islands,3,0,0.26221156
1065859,1,1,1,100550.71,11.518417,University,67,12,-112,South and Islands,3,0,0.080124415
1065871,0,0,0,18152.195,9.806547,Primary or less,90,35,-55,South and Islands,1,1,0.2638956
1065881,0,0,0,70436.164,11.162462,Primary or less,62,7,49,South and Islands,3,1,0.09329725
1065892,0,0,0,22915.66,10.039576,Primary or less,85,30,-124,South and Islands,1,1,0.48108324
1065924,0,0,0,44398.848,10.700969,Upper secondary,75,20,-112,South and Islands,2,0,0.37424132
1065984,0,0,0,38209.883,10.55085,Primary or less,69,14,-60,South and Islands,3,1,0.1030499
1065988,1,1,1,46970.395,10.757273,Upper secondary,61,6,36,South and Islands,1,0,0.48108226
1065992,0,0,0,77510.37,11.258167,University,59,4,16,South and Islands,2,0,0.03936508
1066073,0,0,0,44225.438,10.697056,Upper secondary,68,13,-87,South and Islands,1,1,0.08599358
1066086,0,0,0,23003.086,10.043384,Upper secondary,61,6,36,South and Islands,3,1,0.4024261
1066096,0,0,0,50028.27,10.820344,University,69,14,-60,South and Islands,2,0,0.116793066
1066163,0,0,0,74115.85,11.213385,University,59,4,16,South and Islands,2,0,0.6189165
1066167,0,0,0,47262.72,10.763477,Upper secondary,53,-2,4,South and Islands,3,1,0.15026033
1066179,0,0,0,39814.758,10.591993,Upper secondary,66,11,121,South and Islands,2,1,1.029269
1066227,1,1,1,265946.8,12.491052,University,55,0,0,South and Islands,3,0,0.09256089
1066249,0,0,0,184525.44,12.125543,University,56,1,1,South and Islands,3,1,0.08311635
1066259,0,0,0,42618.223,10.660037,Lower secondary,70,15,-31,South and Islands,4,1,0.5546828
1066261,0,0,0,108050.41,11.590353,University,50,-5,25,South and Islands,5,1,0.5990668
1066293,0,0,0,15707.583,9.661899,University,75,20,-112,South and Islands,1,1,0.35296682
1066432,0,0,0,20831.115,9.944203,Lower secondary,76,21,-71,South and Islands,1,0,0.4238765
1066501,0,0,0,14669.859,9.593551,Lower secondary,46,-9,81,South and Islands,5,0,0.0669857
1066550,1,1,1,45209.96,10.719072,University,40,-15,-31,South and Islands,4,0,0.55095786
1066811,0,0,0,83950.15,11.337978,University,63,8,64,South and Islands,4,0,4.017022
1066817,0,0,0,66101.88,11.098952,Primary or less,80,25,113,South and Islands,3,0,3.2172008
1066818,0,0,0,15860.0,9.6715555,Primary or less,81,26,-92,South and Islands,1,1,4.827608
1066821,0,0,0,21738.951,9.986861,Primary or less,79,24,64,South and Islands,2,0,3.9449155
1066827,0,0,0,32910.977,10.401562,University,39,-16,0,South and Islands,3,0,8.353776
1066835,0,0,0,15501.568,9.648697,Lower secondary,58,3,9,South and Islands,1,1,2.7618406
1066839,0,0,0,10853.0,9.292197,Primary or less,81,26,-92,South and Islands,1,1,0.589254
1066863,0,0,0,14474.89,9.580171,Lower secondary,86,31,-63,South and Islands,1,1,0.6000869
1067637,0,0,0,400.0,5.9914646,Primary or less,66,11,121,South and Islands,1,0,0.9056484
1067869,0,0,0,33402.59,10.4163885,University,55,0,0,South and Islands,1,1,0.25210524
1067901,0,0,0,19200.0,9.862665,Upper secondary,79,24,64,South and Islands,1,1,0.36143872
1067904,0,0,0,14000.707,9.546864,Primary or less,82,27,-39,South and Islands,1,1,0.36296177
1067973,0,0,0,14100.627,9.553974,Primary or less,74,19,105,South and Islands,1,1,0.8574742
1067975,0,0,0,50700.0,10.833681,Upper secondary,57,2,4,South and Islands,2,0,0.21136405
1068006,0,0,0,15300.0,9.635608,Primary or less,93,38,-92,South and Islands,2,1,0.33526853
1068027,0,0,0,7205.1177,8.882546,Upper secondary,89,34,-124,South and Islands,1,1,0.11603305
1068032,0,0,0,71021.195,11.170733,Primary or less,88,33,65,South and Islands,5,1,0.043958444
1068034,0,0,0,14403.079,9.575197,Primary or less,79,24,64,South and Islands,1,0,0.39408544
1068045,0,0,0,101600.0,11.528799,Upper secondary,69,14,-60,South and Islands,4,0,0.07441645
1068071,0,0,0,23410.326,10.060932,Primary or less,84,29,73,South and Islands,3,0,0.06434703
1068076,0,0,0,20401.047,9.923342,Upper secondary,82,27,-39,South and Islands,1,1,0.37761852
1068086,0,0,0,24010.09,10.086229,Primary or less,84,29,73,South and Islands,3,0,0.39613083
1068116,0,0,0,23040.0,10.044987,Upper secondary,75,20,-112,South and Islands,7,0,0.07994154
1068125,0,0,0,38403.047,10.555892,Primary or less,87,32,0,South and Islands,2,0,0.034486603
1068138,0,0,0,20410.346,9.923798,Lower secondary,75,20,-112,South and Islands,2,0,0.23851389
1068143,0,0,0,21700.0,9.985067,Lower secondary,68,13,-87,South and Islands,2,1,0.32469836
1068170,0,0,0,12050.0,9.39682,Primary or less,67,12,-112,South and Islands,3,1,0.36730215
1068185,0,0,0,27606.848,10.22582,Lower secondary,67,12,-112,South and Islands,2,0,0.04193848
1068189,0,0,0,36016.566,10.4917345,Primary or less,80,25,113,South and Islands,2,0,0.24319433
1068194,0,0,0,39000.0,10.571317,University,63,8,64,South and Islands,3,1,0.07780113
1068226,0,0,0,11960.0,9.389323,Lower secondary,57,2,4,South and Islands,4,1,0.4740916
1068340,0,0,0,31214.055,10.348624,Upper secondary,40,-15,-31,South and Islands,5,1,0.093318135
1068350,0,0,0,71614.11,11.179048,University,55,0,0,South and Islands,3,0,0.054117084
1068397,0,0,0,81074.61,11.303125,University,47,-8,64,South and Islands,5,0,0.53236413
1068404,0,0,0,37809.492,10.540316,Upper secondary,39,-16,0,South and Islands,5,1,0.10320582
1068466,0,0,0,6449.952,8.771828,University,59,4,16,South and Islands,1,1,0.05361082
1068472,0,0,0,50848.293,10.836602,University,68,13,-87,South and Islands,3,0,0.04614102
1068484,0,0,0,15017.704,9.616985,Upper secondary,47,-8,64,South and Islands,5,0,0.063676775
1068493,0,0,0,41422.594,10.631582,University,64,9,81,South and Islands,2,1,0.06294712
1068494,0,0,0,25207.754,10.134907,Upper secondary,77,22,-28,South and Islands,2,0,0.3133614
1068531,0,0,0,111063.55,11.617858,University,36,-19,105,South and Islands,2,0,0.7205476
1068555,0,0,0,44009.027,10.69215,University,32,-23,17,South and Islands,2,1,0.55456454
1068582,0,0,0,122289.14,11.714144,University,50,-5,25,South and Islands,4,1,0.0433532
1068586,0,0,0,22015.713,9.999512,Lower secondary,61,6,36,South and Islands,5,0,0.06711879
1068600,0,0,0,31031.94,10.3427725,University,31,-24,64,South and Islands,1,0,0.062077228
1068602,0,0,0,21008.43,9.952679,Upper secondary,48,-7,49,South and Islands,1,0,0.41454813
1068626,0,0,0,24000.0,10.085809,Upper secondary,26,-29,73,South and Islands,3,0,0.7457147
1068645,0,0,0,33134.598,10.408333,University,53,-2,4,South and Islands,2,1,1.5865558
1068663,0,0,0,40382.516,10.606153,Primary or less,67,12,-112,South and Islands,3,1,0.26883635
1068666,0,0,0,36084.227,10.493611,Lower secondary,68,13,-87,South and Islands,2,1,1.3026631
1068675,0,0,0,19535.68,9.879998,Upper secondary,33,-22,-28,South and Islands,3,1,5.2792845
1068698,0,0,0,24816.307,10.119256,Primary or less,72,17,33,South and Islands,2,0,0.10926404
1068700,0,0,0,25095.645,10.130449,Lower secondary,72,17,33,South and Islands,2,0,0.034920122
1068702,0,0,0,20164.914,9.911699,Primary or less,86,31,-63,South and Islands,1,1,0.057261843
1068704,0,0,0,18462.543,9.8235,Primary or less,73,18,68,South and Islands,2,0,0.048908755
1068705,0,0,0,12060.976,9.397731,Primary or less,74,19,105,South and Islands,1,1,0.26090163
1068706,0,0,0,24467.248,10.105091,Primary or less,87,32,0,South and Islands,2,0,0.2069262
1068713,0,0,0,19021.951,9.853349,Lower secondary,75,20,-112,South and Islands,2,1,0.07934885
1068719,0,0,0,22441.145,10.018651,Upper secondary,63,8,64,South and Islands,2,0,0.20194563
1068722,0,0,0,48615.05,10.791689,Lower secondary,58,3,9,South and Islands,3,0,0.074822195
1068724,0,0,0,54587.62,10.907562,Lower secondary,61,6,36,South and Islands,3,0,0.25346494
1068735,0,0,0,17504.402,9.770207,Lower secondary,37,-18,68,South and Islands,2,0,0.38824207
1068741,0,0,0,17092.627,9.746403,Primary or less,52,-3,9,South and Islands,2,1,0.3658317
1068747,0,0,0,29164.023,10.280691,Upper secondary,50,-5,25,South and Islands,5,1,0.100336514
1068754,0,0,0,28625.088,10.262039,Upper secondary,50,-5,25,South and Islands,4,0,0.061863694
1068759,0,0,0,36202.508,10.496883,Upper secondary,26,-29,73,South and Islands,4,1,0.104413405
1068791,0,0,0,14040.0,9.549665,Primary or less,80,25,113,South and Islands,2,0,0.21710174
1068797,0,0,0,16800.0,9.729135,Lower secondary,48,-7,49,South and Islands,3,0,0.20498523
1068804,0,0,0,10700.0,9.277999,Primary or less,62,7,49,South and Islands,2,0,0.16462362
1068805,0,0,0,16443.137,9.707664,Primary or less,58,3,9,South and Islands,4,0,0.113487504
1068807,0,0,0,14066.313,9.551538,Lower secondary,77,22,-28,South and Islands,2,1,0.16125491
1068815,0,0,0,59220.0,10.989015,University,56,1,1,South and Islands,5,0,0.071494445
1068838,0,0,0,43347.04,10.676993,Upper secondary,58,3,9,South and Islands,5,0,0.08216248
1068841,0,0,0,5615.6797,8.633318,Upper secondary,70,15,-31,South and Islands,3,0,0.2877155
1068845,0,0,0,12240.0,9.412464,Primary or less,74,19,105,South and Islands,1,1,0.26929876
1068855,0,0,0,19972.951,9.902134,Primary or less,71,16,0,South and Islands,1,1,0.06446092
1069221,1,0,1,67223.055,11.115771,Lower secondary,80,25,113,South and Islands,3,0,0.23841418
1069230,0,0,0,8840.0,9.087042,Primary or less,69,14,-60,South and Islands,2,1,0.14851971
1069235,0,0,0,19800.0,9.893437,Primary or less,80,25,113,South and Islands,1,1,1.1614883
1069238,0,0,0,47247.04,10.763145,Upper secondary,69,14,-60,South and Islands,2,0,0.8825985
1069240,0,0,0,53462.72,10.88674,University,70,15,-31,South and Islands,2,0,0.123506576
1069241,0,0,0,11710.0,9.368198,Lower secondary,71,16,0,South and Islands,1,0,0.6071839
1069261,0,0,0,13120.0,9.481894,Primary or less,68,13,-87,South and Islands,1,1,0.2475195
1069285,0,0,0,15751.882,9.664715,Upper secondary,73,18,68,South and Islands,1,1,4.775174
1069287,0,0,0,43364.445,10.677395,Upper secondary,24,-31,-63,South and Islands,3,1,5.5484457
1069293,0,0,0,28536.271,10.258931,Upper secondary,58,3,9,South and Islands,3,1,4.204998
1069301,0,0,0,42294.19,10.652405,Upper secondary,48,-7,49,South and Islands,3,0,8.366376
1069302,0,0,0,25194.496,10.134381,Upper secondary,34,-21,-71,South and Islands,3,0,8.310746
1069336,0,0,0,52259.406,10.863976,Lower secondary,71,16,0,South and Islands,3,1,0.095052406
1069338,0,0,0,54519.406,10.906312,Lower secondary,45,-10,100,South and Islands,8,1,0.10187933
1069345,0,0,0,22900.0,10.038892,Lower secondary,75,20,-112,South and Islands,1,1,0.3771098
1069350,0,0,0,30700.0,10.332018,Upper secondary,71,16,0,South and Islands,2,0,0.20950586
1069368,0,0,0,43782.72,10.686995,University,74,19,105,South and Islands,2,0,0.24179952
1069408,0,0,0,48309.406,10.785381,Upper secondary,67,12,-112,South and Islands,5,0,0.068751074
1069424,0,0,0,20405.447,9.923557,Lower secondary,73,18,68,South and Islands,1,1,0.3703564
1069455,0,0,0,7300.0,8.89563,Upper secondary,50,-5,25,South and Islands,3,1,0.09258236
1069651,0,0,0,33855.305,10.429851,Upper secondary,46,-9,81,South and Islands,4,0,3.5748706
1069653,1,1,1,67386.52,11.1182,Primary or less,87,32,0,South and Islands,1,0,2.7841756
1069669,0,0,0,22634.496,10.02723,Lower secondary,50,-5,25,South and Islands,1,1,5.3047233
1070200,0,0,0,8283.763,9.022053,University,34,-21,-71,South and Islands,1,1,0.6505919
1070315,0,0,0,13833.121,9.5348215,Primary or less,80,25,113,South and Islands,2,1,5.4644556
1070317,0,0,0,18515.457,9.826362,Upper secondary,67,12,-112,South and Islands,2,1,1.7946656
1070321,0,0,0,26155.988,10.171833,Primary or less,86,31,-63,South and Islands,5,1,1.526745
1070331,0,0,0,61238.9,11.022538,University,70,15,-31,South and Islands,4,0,2.3664613
1070332,0,0,0,42209.83,10.650409,Upper secondary,53,-2,4,South and Islands,4,1,2.533079
1070444,0,0,0,31880.541,10.369751,University,73,18,68,South and Islands,1,1,0.21351105
1070459,0,0,0,39854.727,10.592997,Lower secondary,63,8,64,South and Islands,3,1,0.072779514
1070477,0,0,0,68815.39,11.139183,Lower secondary,83,28,16,South and Islands,3,0,0.05664546
1070494,0,0,0,13235.284,9.490642,Upper secondary,64,9,81,South and Islands,1,1,0.17854278
1070531,0,0,0,58502.9,10.976831,Lower secondary,69,14,-60,South and Islands,4,1,0.06775989
1070579,0,0,0,11296.785,9.3322735,University,58,3,9,South and Islands,1,1,0.12722704
1070611,0,0,0,93906.3,11.450052,University,54,-1,1,South and Islands,6,1,0.06411762
1070617,0,0,0,53522.15,10.887851,Upper secondary,53,-2,4,South and Islands,1,0,0.024503576
1070630,1,1,0,77403.25,11.256784,University,52,-3,9,South and Islands,2,1,0.5296307
1070656,0,0,0,40928.62,10.619585,University,47,-8,64,South and Islands,4,1,0.048369456
1070843,0,0,0,58217.22,10.971936,Primary or less,75,20,-112,South and Islands,4,1,0.069334485
1070846,0,0,0,35609.555,10.48037,Upper secondary,52,-3,9,South and Islands,5,1,0.081590936
1070856,0,0,0,109310.89,11.601952,Upper secondary,80,25,113,South and Islands,2,0,0.07823709
1070872,0,0,0,79949.32,11.289148,Lower secondary,75,20,-112,South and Islands,3,0,0.070178665
1070877,1,1,0,24669.14,10.113308,Upper secondary,62,7,49,South and Islands,2,0,0.17601186
1070889,0,0,0,68604.22,11.136109,Upper secondary,73,18,68,South and Islands,2,0,0.035074692
1070890,1,1,0,62770.754,11.047245,Upper secondary,77,22,-28,South and Islands,3,1,0.044791494
1070891,0,0,0,24847.652,10.120519,Lower secondary,72,17,33,South and Islands,2,0,0.1300318
1070896,0,0,0,74020.48,11.212097,Upper secondary,65,10,100,South and Islands,3,1,0.06825777
1070913,0,0,0,11508.0,9.350798,Lower secondary,68,13,-87,South and Islands,1,0,0.11289525
1070920,0,0,0,69375.77,11.147293,Upper secondary,50,-5,25,South and Islands,4,0,0.08956913
1070921,0,0,0,64699.598,11.07751,University,65,10,100,South and Islands,2,1,0.24311836
1070932,1,0,1,66517.76,11.105225,Upper secondary,57,2,4,South and Islands,2,1,0.09126432
1070940,0,0,0,30631.805,10.329794,Upper secondary,48,-7,49,South and Islands,3,0,0.24349146
1070945,1,1,0,64939.27,11.081208,Upper secondary,67,12,-112,South and Islands,2,0,0.12677044
1070953,0,0,0,29115.238,10.279017,Upper secondary,40,-15,-31,South and Islands,4,1,0.33705977
1070956,0,0,0,29150.396,10.280224,Upper secondary,51,-4,16,South and Islands,3,1,0.032322116
1070960,1,1,0,48633.883,10.792076,University,41,-14,-60,South and Islands,4,0,0.3744815
1070964,0,0,0,9360.722,9.144278,Primary or less,61,6,36,South and Islands,1,1,0.1258066
1070988,0,0,0,216284.81,12.284351,University,67,12,-112,South and Islands,2,0,0.015856886
1071012,0,0,0,64015.68,11.066883,University,75,20,-112,South and Islands,2,0,0.03721224
1071015,1,0,1,78934.96,11.27638,Upper secondary,75,20,-112,South and Islands,3,0,0.06267674
1071021,0,0,0,26900.0,10.199882,Lower secondary,71,16,0,South and Islands,2,0,0.031420637
1071022,0,0,0,63079.21,11.052147,University,64,9,81,South and Islands,3,0,0.04063269
1071023,0,0,0,26229.213,10.174629,Lower secondary,60,5,25,South and Islands,1,0,0.1132532
1071034,0,0,0,56515.68,10.942273,Upper secondary,59,4,16,South and Islands,2,0,0.053055633
1071035,0,0,0,12172.283,9.406917,Lower secondary,56,1,1,South and Islands,2,1,0.19929348
1071037,0,0,0,15100.0,9.62245,Primary or less,76,21,-71,South and Islands,7,0,0.063836575
1071042,0,0,0,40555.387,10.610424,Upper secondary,49,-6,36,South and Islands,3,0,0.24896826
1071052,0,0,0,40006.273,10.596791,Upper secondary,41,-14,-60,South and Islands,5,1,0.33505183
1071060,0,0,0,74526.164,11.218905,University,41,-14,-60,South and Islands,2,1,0.54516155
1071066,0,0,0,45600.11,10.727665,Upper secondary,60,5,25,South and Islands,4,0,0.43066323
1071085,0,0,0,88157.19,11.386877,Upper secondary,67,12,-112,South and Islands,5,0,0.5391316
1071090,0,0,0,33261.35,10.412151,Upper secondary,44,-11,121,South and Islands,3,1,1.5847548
1071106,0,0,0,23418.268,10.061272,Upper secondary,39,-16,0,South and Islands,1,0,4.031973
1071217,0,0,0,52024.38,10.8594675,University,54,-1,1,South and Islands,4,1,0.43640098
1071225,0,0,0,42081.36,10.64736,Upper secondary,80,25,113,South and Islands,2,0,0.11136514
1071226,0,0,0,46615.68,10.749692,Upper secondary,59,4,16,South and Islands,3,0,0.07967751
1071227,0,0,0,52478.4,10.868157,University,62,7,49,South and Islands,2,1,0.14795531
1071228,0,0,0,10680.0,9.276128,Lower secondary,59,4,16,South and Islands,11,0,0.42011866
1071230,0,0,0,116668.99,11.667096,University,54,-1,1,South and Islands,4,0,0.04260546
1071231,0,0,0,21503.764,9.975984,Lower secondary,72,17,33,South and Islands,2,0,0.06114608
1071233,0,0,0,48009.76,10.77916,Upper secondary,43,-12,-112,South and Islands,4,0,0.4121394
1071235,1,1,0,74422.96,11.21752,University,56,1,1,South and Islands,5,1,0.07227244
1071236,0,0,0,51312.867,10.845696,Upper secondary,62,7,49,South and Islands,3,1,0.20899962
1071238,0,0,0,56250.875,10.937577,University,49,-6,36,South and Islands,3,1,0.06514896
1071239,0,0,0,40053.312,10.597967,Primary or less,44,-11,121,South and Islands,6,1,0.1802416
1071241,0,0,0,14864.0,9.606697,Upper secondary,40,-15,-31,South and Islands,1,1,0.55517995
1071245,0,0,0,42200.387,10.650185,Upper secondary,44,-11,121,South and Islands,1,0,0.39696968
1071246,1,1,1,53522.89,10.887865,University,41,-14,-60,South and Islands,4,0,0.06931671
1071247,0,0,0,21931.36,9.995673,Upper secondary,30,-25,113,South and Islands,3,1,0.5693052
1071276,0,0,0,22821.633,10.035464,University,94,39,-15,South and Islands,1,1,0.2461728
1071331,0,0,0,30365.809,10.321073,Lower secondary,33,-22,-28,North,5,1,1.1808058
1071332,0,0,0,20420.846,9.924312,University,43,-12,-112,North,3,1,0.9488067
1071342,1,1,0,48660.21,10.792617,University,73,18,68,North,2,0,0.3593026
1071345,0,0,0,44881.484,10.711781,Upper secondary,64,9,81,North,2,1,0.5335535
1071346,0,0,0,24700.941,10.114596,Primary or less,85,30,-124,North,3,1,0.79553396
1071359,0,0,0,27022.256,10.204416,Upper secondary,70,15,-31,North,1,1,0.64519304
1071377,0,0,0,50797.84,10.835609,Upper secondary,90,35,-55,North,1,1,0.49365002
1071388,0,0,0,32105.82,10.376793,Primary or less,57,2,4,North,2,0,1.6539505
1071963,0,0,0,34359.49,10.4446335,Upper secondary,73,18,68,North,3,0,6.6441107
1071966,0,0,0,35856.453,10.487279,Upper secondary,62,7,49,North,2,0,8.091087
1071969,0,0,0,30656.754,10.330608,Upper secondary,75,20,-112,North,2,0,6.120298
1071970,1,1,0,36721.984,10.511131,Lower secondary,69,14,-60,North,1,0,7.0805635
1071982,0,0,0,16000.733,9.680389,Upper secondary,41,-14,-60,North,6,0,8.458896
1071994,0,0,0,41162.09,10.625273,Lower secondary,62,7,49,North,2,1,1.1424476
1072003,0,0,0,43847.35,10.68847,Lower secondary,46,-9,81,North,2,0,1.0993284
1072009,0,0,0,14500.627,9.581947,Lower secondary,59,4,16,North,1,0,0.5348837
1072147,0,0,0,23914.703,10.082249,Lower secondary,84,29,73,North,1,0,0.38628536
1072148,0,0,0,60162.133,11.004799,Upper secondary,76,21,-71,North,3,1,2.036348
1072150,0,0,0,27432.557,10.219486,Primary or less,84,29,73,North,2,0,0.6355288
1072151,1,1,0,30567.43,10.32769,Upper secondary,63,8,64,North,1,0,1.0101069
1072171,1,0,1,95890.81,11.470965,University,76,21,-71,North,2,0,0.16711363
1072205,0,0,0,29290.266,10.28501,Upper secondary,87,32,0,North,1,0,1.0287309
1072244,0,0,0,70014.695,11.156461,Upper secondary,48,-7,49,North,1,0,2.167446
1072269,0,0,0,20312.543,9.918994,Primary or less,79,24,64,North,1,0,0.57421374
1072284,0,0,0,51215.68,10.8438015,Upper secondary,62,7,49,North,2,0,0.5172413
1072286,0,0,0,39106.273,10.5740385,Lower secondary,67,12,-112,North,2,0,0.28011203
1072287,0,0,0,22547.775,10.023392,Lower secondary,65,10,100,North,1,1,0.53923684
1072295,0,0,0,11400.0,9.341369,Upper secondary,35,-20,-112,North,1,0,1.7755672
1072303,0,0,0,31001.785,10.3418,Upper secondary,58,3,9,North,3,0,0.56872404
1072304,0,0,0,15600.0,9.655026,Upper secondary,66,11,121,North,1,1,0.5642864
1072436,0,0,0,17447.04,9.766925,Primary or less,92,37,89,South and Islands,1,1,0.40825015
1072437,0,0,0,18631.36,9.832602,Primary or less,73,18,68,South and Islands,2,0,0.24230485
1072439,0,0,0,43043.902,10.669976,Primary or less,81,26,-92,South and Islands,2,1,0.07945927
1072440,0,0,0,74447.04,11.217843,Upper secondary,66,11,121,South and Islands,4,0,0.16814989
1072442,0,0,0,36440.766,10.503444,Primary or less,61,6,36,South and Islands,3,1,0.095393255
1072449,0,0,0,67405.65,11.1184845,Upper secondary,62,7,49,South and Islands,4,0,0.34521106
1072450,0,0,0,43409.406,10.6784315,Primary or less,53,-2,4,South and Islands,3,1,0.51876104
1072451,0,0,0,39015.68,10.571719,Upper secondary,23,-32,0,South and Islands,4,1,0.47817656
1072454,0,0,0,77371.58,11.256374,Upper secondary,56,1,1,South and Islands,3,0,0.14283836
1072455,0,0,0,29447.04,10.290349,Lower secondary,64,9,81,South and Islands,2,0,0.3246045
1072462,1,1,0,49248.15,10.804627,Upper secondary,54,-1,1,South and Islands,3,1,0.18728162
1072464,0,0,0,50821.953,10.836083,Upper secondary,51,-4,16,South and Islands,4,1,0.1602597
1072466,0,0,0,60031.36,11.002623,Upper secondary,45,-10,100,South and Islands,4,1,0.20873228
1072469,0,0,0,34915.68,10.460691,Lower secondary,48,-7,49,South and Islands,5,1,0.480493
1072473,0,0,0,35821.953,10.486317,Upper secondary,52,-3,9,South and Islands,4,1,0.64388126
1072474,0,0,0,26705.68,10.192632,Lower secondary,50,-5,25,South and Islands,4,0,0.090879075
1072480,0,0,0,66462.72,11.104397,University,44,-11,121,South and Islands,4,1,0.19146304
1072486,0,0,0,35331.36,10.472527,Upper secondary,36,-19,105,South and Islands,4,1,0.5452427
1072487,0,0,0,39662.72,10.588167,University,65,10,100,South and Islands,2,1,0.024185523
1072497,0,0,0,49831.36,10.8164,Lower secondary,58,3,9,South and Islands,4,0,0.11416435
1072514,0,0,0,8451.568,9.042108,Primary or less,76,21,-71,South and Islands,1,0,0.5046536
1072519,0,0,0,87667.695,11.381309,University,63,8,64,South and Islands,1,1,0.05195282
1072582,0,0,0,52231.36,10.863439,Lower secondary,53,-2,4,South and Islands,4,0,0.12003209
1072814,0,0,0,126398.47,11.747194,University,43,-12,-112,South and Islands,4,0,0.08831664
1072828,0,0,0,37207.84,10.524275,Primary or less,67,12,-112,South and Islands,4,0,0.2959217
1072830,0,0,0,15615.68,9.656031,Upper secondary,83,28,16,South and Islands,2,1,0.18301146
1072838,1,1,1,96129.586,11.473453,University,80,25,113,South and Islands,3,0,0.04628269
1072846,0,0,0,19402.508,9.8731575,Upper secondary,49,-6,36,South and Islands,3,1,0.38264263
1072857,0,0,0,45608.055,10.727839,Upper secondary,31,-24,64,South and Islands,3,1,0.3443305
1072886,0,0,0,142443.81,11.866703,Upper secondary,73,18,68,South and Islands,2,0,0.39871508
1072921,0,0,0,26281.36,10.176615,Lower secondary,78,23,17,South and Islands,2,0,1.7887025
1072922,0,0,0,19612.543,9.8839245,Primary or less,81,26,-92,South and Islands,2,0,1.826443
1072923,0,0,0,7300.627,8.895716,Upper secondary,64,9,81,South and Islands,2,0,1.3944043
1072924,0,0,0,23015.68,10.043931,Upper secondary,67,12,-112,South and Islands,1,1,2.0889852
1072925,0,0,0,53247.04,10.882697,University,61,6,36,South and Islands,2,0,1.5588005
1072941,0,0,0,18356.447,9.817737,Lower secondary,36,-19,105,South and Islands,4,0,3.69361
1072943,0,0,0,39749.758,10.590359,Lower secondary,61,6,36,South and Islands,3,1,2.3990815
1072954,0,0,0,23623.36,10.069991,Primary or less,83,28,16,South and Islands,2,1,1.2989278
1072959,0,0,0,12062.719,9.397875,Lower secondary,57,2,4,South and Islands,2,1,1.3322219
1072961,0,0,0,21264.111,9.964776,Lower secondary,32,-23,17,South and Islands,5,1,2.602902
1072969,0,0,0,25215.68,10.1352215,Lower secondary,76,21,-71,Centre,1,1,0.82603234
1072970,0,0,0,418021.44,12.943288,University,75,20,-112,North,2,0,0.118306
